Unnamed: 0,Afghanistan,Albania,Advanced Economies,United Arab Emirates,Armenia,Antigua and Barbuda,Austria,Azerbaijan,Burundi,Belgium,Benin,Burkina Faso,Bangladesh,Bulgaria,Bahrain,"Bahamas, The",Bosnia and Herzegovina,Belarus,Bolivia,Brazil,Barbados,Brunei Darussalam,Botswana,Canada,Switzerland,Chile,China,Cote d'Ivoire,Colombia,Comoros,Cabo Verde,Costa Rica,Cyprus,Czech Republic,Germany,Djibouti,Dominica,Denmark,Dominican Republic,Algeria,EMDE East Asia & Pacific,EMDE Europe & Central Asia,Ecuador,"Egypt, Arab Rep.",Emerging Market and Developing Economies (EMDEs),Spain,Estonia,Finland,Fiji,France,United Kingdom,Georgia,Ghana,Guinea,"Gambia, The",Guinea-Bissau,Greece,Grenada,Guatemala,Guyana,High Income Countries,"Hong Kong SAR, China",Honduras,Croatia,Haiti,Hungary,Indonesia,India,Ireland,Iceland,Israel,Italy,Jamaica,Jordan,Japan,Kazakhstan,Kenya,Kyrgyz Republic,Cambodia,Kiribati,St. Kitts and Nevis,"Korea, Rep.","Lao, PDR",EMDE Latin America & Caribbean,Lebanon,Liberia,Libya,St. Lucia,Low-Income Countries (LIC),Lesotho,Lithuania,Luxembourg,Latvia,Morocco,"Moldova, Rep.",Madagascar,Maldives,Mexico,Middle-Income Countries (MIC),North Macedonia,Mali,Malta,Montenegro,Mongolia,EMDE Middle East & N. Africa,Mozambique,Mauritania,Mauritius,Malaysia,Namibia,Niger,Nigeria,Nicaragua,Netherlands,Norway,Oman,Pakistan,Panama,Peru,Philippines,Poland,Portugal,Paraguay,West Bank and Gaza,Qatar,Romania,Russian Federation,Rwanda,EMDE South Asia,Saudi Arabia,Senegal,Singapore,Solomon Islands,Sierra Leone,El Salvador,San Marino,Serbia,EMDE Sub-Saharan Africa,Sao Tome and Principe,Suriname,Slovakia,Slovenia,Sweden,Eswatini,Seychelles,Togo,Thailand,Tajikistan,Tonga,Trinidad and Tobago,Tunisia,Turkey,"Taiwan, China",Uganda,Uruguay,United States,St. Vincent and the Grenadines,Viet Nam,World (WBG members),Samoa,Kosovo,"Yemen, Rep.",South Africa,Zambia
,,,,,,,,,,,,,,,,,,,,,,,,,,,,,,,,,,,,,,,,,,,,,,,,,,,,,,,,,,,,,,,,,,,,,,,,,,,,,,,,,,,,,,,,,,,,,,,,,,,,,,,,,,,,,,,,,,,,,,,,,,,,,,,,,,,,,,,,,,,,,,,,,,,,,,,,,,,,,,,,,,,,
1994.0,,38.09668,75.33137,,16.54611,,76.47833,8.605199,14.95146,74.99181,93.42381,94.18342,39.83761,1.020982,,74.26114,,0.045101,43.55588,22.61084,60.01299,,27.79047,74.46423,87.17014,53.09836,64.26607,95.54309,23.76552,,60.67927,17.02952,66.6658,51.7027,79.84918,,74.38044,72.70742,21.04882,39.49406,58.50868,7.505844,5.693496,33.16126,38.8145,64.85788,33.4962,79.68979,59.77378,79.00506,74.54029,10.87806,3.851259,,44.3051,49.66449,54.24162,69.68706,33.86744,38.92693,74.2768,82.70975,18.23209,60.11827,15.14506,22.81559,18.16271,35.68721,68.16262,47.71756,54.85446,68.62798,17.33963,58.31432,101.1503,7.61681,31.14295,,45.23866,,58.58197,58.30609,5.383997,25.06247,,,,66.35932,,,37.0938,74.38282,34.04139,73.03005,11.73595,16.47,61.18542,19.78143,37.82141,63.87568,91.68159,68.26278,,17.29095,,,40.35053,40.25478,66.98524,,91.21667,10.27021,,73.6526,72.2864,,29.23807,72.845,51.66643,42.75129,32.94639,67.31659,27.92193,,,2.075138,2.197688,,35.37827,82.23941,95.27923,81.67215,25.66631,,53.99077,,1.606468,32.10281,,2.270939,40.3242,40.25569,82.89414,31.22954,40.40866,95.46748,60.38119,,40.2282,43.23362,58.60621,0.683633,82.52492,40.03793,16.70355,68.40512,67.67337,,63.50038,51.73184,,,40.79898,5.134432
1995.0,,41.05987,77.11295,,45.59244,,78.15917,44.03412,17.8316,76.09333,106.9374,101.2065,43.94856,1.655065,,75.79611,,0.362545,47.99515,37.53558,61.14055,,30.71298,76.06429,88.73905,57.46977,75.05522,109.2061,28.73134,88.32766,65.74689,20.97537,68.40718,56.46847,81.29057,,75.36043,74.21761,23.68452,51.27135,67.50207,12.41862,6.99685,38.42183,46.49376,67.8901,43.12362,80.49743,61.06922,80.42437,76.50076,28.55708,6.141458,,47.39803,72.19508,59.08813,71.79677,36.71574,43.68012,76.19748,90.18141,23.59813,61.2983,19.00154,29.27365,19.87266,39.33604,69.90496,48.50738,60.36351,72.24331,20.77606,59.67786,101.0625,21.03542,31.63915,17.81952,44.46142,,60.31413,60.91864,6.441456,35.39524,,,,70.09512,,,51.80061,75.88621,42.53813,77.63555,15.22967,24.55351,64.54759,26.70479,45.69485,74.33449,103.8822,70.67877,,17.29839,,,42.99099,42.66454,69.3159,,100.8512,17.7656,,75.07126,74.06491,,32.84468,73.60617,57.41718,45.70447,42.19753,70.15925,31.68537,,,2.743657,6.533733,35.74787,39.0494,86.4629,102.7721,83.08095,28.13777,,59.40611,,2.699191,37.5187,,7.620211,44.31261,45.71928,84.99005,35.06721,40.29265,104.6165,63.88058,,40.81553,45.51282,62.23762,1.295935,85.55039,42.66045,23.7621,70.32417,68.84979,41.9268,67.16542,50.22979,,,44.33542,6.919976
1996.0,,46.31877,78.83714,,54.08761,,79.62738,52.74905,22.5457,77.66277,111.4734,107.3845,44.99222,3.667747,,76.84143,,0.554226,53.96075,43.45031,62.59946,,33.8087,77.25891,89.45928,61.699,81.29331,112.0319,34.70614,,69.6678,24.64936,70.44414,61.41441,82.41695,,76.62435,75.81878,24.9632,60.85876,72.91144,16.12288,8.706882,41.19961,51.3921,70.30591,53.07139,80.98385,62.93503,82.01909,78.35599,39.79275,9.000633,,47.91916,108.8139,63.93011,73.25595,40.77533,46.77908,78.00566,95.88435,29.22508,63.53196,22.7372,36.14389,21.45877,42.86759,71.14572,49.59982,67.17047,75.06327,26.28866,63.57943,101.203,29.27737,34.44475,23.51236,47.64327,,61.57262,63.9186,7.281028,41.78329,,,,70.74339,,,64.55661,76.78638,50.25418,79.88913,18.81069,29.40439,68.57492,35.88547,50.67196,76.1681,110.7512,72.74633,,25.40966,,,45.00352,45.48832,71.74715,,106.1837,22.97101,,76.56024,75.0,,36.25085,74.50573,64.0483,49.49527,50.56162,72.31242,34.78261,54.52157,,3.805619,9.653727,37.8624,42.42427,86.6963,105.6142,84.22666,31.45082,,65.22219,,5.279642,41.48396,9.04712,7.566486,46.86943,50.25425,85.39033,37.32035,39.85847,109.0513,67.60048,,42.03807,47.00855,64.60957,2.335746,88.18285,45.72838,30.49331,72.38551,71.88462,44.30619,69.90743,52.92945,,,47.60305,9.91969
1997.0,,61.65049,80.50104,,61.53493,,80.66019,54.68673,29.56003,78.92724,68.822,73.82743,47.33072,42.48623,,77.25958,,0.909832,56.50179,46.45999,67.42621,,36.75683,78.51144,89.92467,65.48356,83.55964,70.77308,41.11801,,75.62863,27.91611,72.98558,66.69369,84.03016,,78.49114,77.47453,27.03495,64.36291,75.14981,19.70783,11.37608,42.9941,54.24464,71.69116,58.68938,81.95668,65.0522,83.00655,79.78568,42.64249,11.38695,,49.2519,,67.46929,74.16763,44.54098,48.44238,79.75792,101.4626,35.1285,65.88841,27.91438,42.76005,22.79721,45.93887,72.14889,50.49051,73.21659,76.59074,28.82302,65.49007,102.9241,34.37398,38.3355,29.02255,51.45124,,67.05577,66.75591,9.283387,46.20847,,,,70.73948,,,70.28991,77.83642,54.5207,80.68631,21.04825,30.72358,73.76902,43.28707,53.4839,77.15382,76.21816,75.01074,,34.69727,,,47.08508,48.58811,73.63347,,75.18577,25.42261,,78.17509,76.92519,,40.37625,75.44484,69.52234,52.26589,58.18773,74.00226,37.19028,58.67799,,9.699556,11.07875,42.20801,45.54976,86.4832,80.76382,85.93063,33.9933,,68.15097,,6.510213,41.25526,12.29232,8.107149,49.74376,54.44661,85.8323,39.97955,40.10705,72.90076,71.40666,,42.93126,48.72982,66.95004,4.336378,88.98099,49.28996,36.53527,74.07766,72.2035,45.72817,71.95142,56.56138,,29.97485,51.68907,12.34009
1998.0,,74.38309,81.69712,,66.88036,80.59185,81.46011,54.26443,33.25515,79.67646,72.77964,77.46151,51.25239,50.41937,,78.29224,,1.577678,60.83758,47.94442,66.57065,,39.20563,79.29337,89.94081,68.82992,82.91428,74.00816,48.79574,,78.95194,31.17177,74.61081,73.82883,84.75563,,79.27538,78.88464,28.34093,67.55017,76.52567,23.63638,15.48353,44.81318,57.03205,73.00628,63.50578,83.11307,68.78384,83.54703,81.02826,44.16235,13.23399,,49.80066,,70.68507,75.18944,47.48812,50.66418,81.04268,104.3311,39.92991,70.29614,29.3852,48.81222,36.12154,52.0165,73.93523,51.35021,77.1958,78.10918,31.30011,67.51373,103.5915,36.83047,40.41922,32.05764,59.05603,,69.36675,71.77166,17.7271,49.76698,,,,73.00452,,,73.85189,78.583,57.0443,82.94476,22.68717,32.63091,72.73069,50.182,56.20152,77.57388,79.31894,76.80052,,37.94389,,,50.86682,51.90021,77.53186,,78.57396,27.42008,,79.70664,78.65787,,42.89027,75.91934,74.56612,57.1628,65.00054,75.90616,41.49135,61.95227,,15.44723,14.14597,44.8311,51.17069,86.11788,81.70539,85.69779,38.2083,,69.88832,,8.473676,43.9482,18.50262,9.645577,53.05816,58.77421,85.71556,43.22188,41.14779,73.61868,77.09196,,44.33702,51.46011,69.02813,8.010187,90.47926,49.49423,40.48409,75.22756,73.75041,49.05083,73.6579,57.81638,,32.13659,55.24492,15.37155
1999.0,,74.6966,82.74308,,67.36374,81.49921,81.91576,49.63841,34.40066,80.56951,73.02118,76.62907,54.44881,51.71666,,79.27422,,6.207501,62.15229,50.27377,67.60919,,42.24359,80.66898,90.66613,71.12669,81.75134,74.53652,54.10215,69.67099,82.39141,34.30093,75.91533,75.40541,85.29019,69.87999,80.21042,80.84061,30.17761,69.3412,76.57169,31.55155,23.57147,46.11603,59.69126,74.69252,65.60538,84.12261,70.13728,83.9958,82.10489,52.61658,13.88334,,51.69925,,72.54875,75.6236,49.96185,54.48338,82.13693,100.1927,44.58723,73.13109,30.26804,53.69234,43.51546,54.44562,75.0792,53.00369,81.2057,79.40166,33.16151,67.91719,103.2315,39.88593,42.76263,43.5663,61.39234,,71.69958,72.35514,40.49701,53.83271,,,,75.56245,,,74.3892,79.38822,58.39688,83.49585,31.57376,35.28266,74.87884,58.50501,58.89321,76.58134,78.39609,78.43585,,40.8144,,,52.93921,55.45648,79.65292,,76.97275,29.23495,44.2848,81.42606,80.51889,,44.66541,76.8881,77.15311,60.70662,69.70435,77.68243,44.28471,65.38677,,22.53356,26.27564,43.75247,53.58516,84.28925,82.35656,85.71763,41.27275,,70.24675,,12.07108,46.09603,20.85689,19.17348,58.67313,62.37152,86.10472,45.8536,43.75437,73.55507,77.27412,,46.31639,53.217,70.88581,13.20637,90.63795,52.34252,42.77547,76.87355,74.49788,51.07047,75.22214,57.96967,,,58.10633,19.48227
2000.0,,74.73706,84.39793,,66.84227,82.12296,83.80923,50.53443,42.80544,82.61962,76.08696,76.49481,55.74011,57.05189,,80.54763,,16.67187,65.012,53.81513,69.25603,95.09769,45.89744,82.86273,92.07919,73.86031,82.04154,76.40897,59.09355,69.70298,80.35022,38.06147,79.10512,78.25225,86.48339,71.4168,80.89778,83.20597,32.507,69.58353,77.1557,37.88201,46.22245,47.34513,62.34918,77.25642,68.23659,86.94934,70.89134,85.40353,82.75882,54.71503,19.46109,,52.13609,,74.83478,77.27355,52.94888,57.8333,83.86978,96.46259,49.51324,76.49874,33.09303,58.95869,45.12033,56.62884,79.28546,55.7173,82.11913,81.39009,35.82474,68.37347,102.5202,45.14325,47.029,52.14392,60.9143,,73.24031,73.98976,49.96075,58.13257,,,,78.36641,,,75.11942,81.88952,59.94009,85.0951,41.40761,39.04821,73.99922,64.05804,61.45497,81.64148,77.78701,80.29809,,45.54677,,,54.6619,57.81316,80.91885,,79.01628,31.26394,47.4157,83.34814,83.0033,,46.61872,78.02491,80.05291,64.67998,76.71648,79.89874,48.25853,67.21533,,32.83488,31.74065,45.45864,55.69119,83.41654,82.97254,86.87356,44.18519,,71.84389,,20.65611,48.78245,23.40227,30.56238,65.73084,67.94421,86.96643,51.45165,46.4798,74.93639,78.58759,29.0404,49.24712,55.09259,73.00588,20.47452,91.76935,54.11623,44.81789,79.46947,74.62282,50.19696,77.19739,58.53011,,,61.21266,24.55322
2001.0,,77.03277,86.10076,,68.95441,83.27678,86.04698,51.32244,46.78471,84.65971,79.11557,80.09309,56.81915,61.25145,,82.1948,,26.90293,66.04949,57.49628,71.04133,95.66437,48.88462,84.95511,92.98987,76.49644,82.61868,79.74601,63.799,73.57473,83.04191,42.34687,80.66622,81.9009,88.23024,72.66527,81.9526,85.18013,35.39441,72.50682,78.2914,45.38155,63.63622,48.42675,65.41257,80.02962,72.1619,89.17034,73.92691,86.79969,83.77966,57.29706,27.53913,,54.47836,,77.35969,78.55329,56.80557,59.35282,85.61898,94.9093,54.29907,79.38787,37.49993,64.36112,50.29396,58.76873,83.12214,59.28072,83.03545,83.68583,38.25888,69.58386,101.8089,48.91458,49.72021,55.75203,60.51014,,74.92734,76.99861,53.82267,62.00915,,41.67428,92.2491,82.52549,56.66667,,76.14639,84.07153,61.41975,85.53787,45.39779,42.13963,74.49719,68.13708,64.52693,85.88579,81.81986,82.6498,,48.4061,75.13596,,57.23916,60.93418,82.05064,58.7007,82.13022,37.16345,50.25402,86.81196,85.49688,75.1175,48.28512,78.28193,81.63431,68.1701,80.92917,83.39023,51.78822,68.03786,,44.14783,38.5576,46.97825,57.72399,82.48295,85.45407,87.75482,47.22757,,74.53455,,40.28049,53.11701,25.56108,42.35392,70.39884,73.63771,89.09014,54.50897,49.25444,77.88986,79.85312,40.25097,53.32984,58.17901,74.43325,31.58116,91.76655,55.15579,46.7704,81.71541,75.29507,49.98031,79.33704,60.77666,,40.27059,64.69683,29.79081
2002.0,,81.02751,87.29189,,69.67015,85.28225,87.60632,52.73777,46.14579,86.05255,81.03865,81.95489,58.74018,64.81024,,83.98139,,38.40723,66.65909,62.35481,71.14831,93.44977,52.79487,86.87373,93.58752,78.40072,82.01122,82.18391,67.85,76.17409,84.60686,46.22947,82.92507,83.45946,89.49026,73.12899,82.09197,87.24527,37.24177,73.55097,78.55626,52.57169,71.58132,49.7296,68.20914,82.51391,74.73297,90.57452,74.50696,88.46921,84.83437,60.5095,30.11433,,59.16847,88.42945,80.16738,79.39164,61.42701,62.52287,86.84748,92.01814,58.48131,80.71506,40.13726,67.76241,56.28065,61.82665,86.95882,62.34968,87.75804,85.72849,40.9937,70.85974,100.8957,51.76969,50.6987,56.94194,60.64067,,76.45668,79.12551,59.54577,66.0715,,47.57576,83.21085,82.31461,59.43522,62.04326,76.36075,85.81323,62.61801,88.04235,47.78268,49.09205,77.61098,71.56487,67.38144,86.80443,85.93577,85.10187,,48.85006,75.42619,,59.46903,64.862,83.54292,63.17672,84.19144,41.94948,52.13863,89.66593,86.59699,74.90962,50.06419,79.24081,81.79095,70.0494,82.46697,86.39257,57.21131,71.91855,,54.0801,44.64535,47.91436,60.60007,82.57428,87.4428,87.4113,52.02441,,75.92759,84.87525,48.13149,57.77256,28.14921,48.93093,72.73841,79.14638,91.01093,61.06079,49.34065,80.26172,80.38043,45.17954,58.85431,60.58879,76.46935,45.83501,91.58639,54.99047,53.30337,83.01144,76.69216,51.846,81.04833,65.66937,88.77841,45.19912,70.63321,36.43304
2003.0,,82.95914,88.78319,,72.93224,86.98302,88.77076,53.8565,51.05914,87.41989,82.27425,83.63767,62.0392,66.33238,,86.52187,,49.35817,68.88422,71.53027,72.27022,93.69898,57.64103,89.2702,94.18487,80.60395,82.93702,84.91843,72.68447,79.06794,85.61213,50.59476,86.3593,83.55856,90.3971,74.57875,83.28507,89.05568,47.46996,75.42964,79.8217,58.90635,77.25697,52.01573,71.8015,85.02141,75.7341,91.38216,77.61021,90.32571,85.98947,63.39378,40.59274,,69.24655,85.29198,82.99776,81.10247,64.86838,66.26235,88.35804,89.63719,62.96729,82.14157,51.65648,70.92458,60.10332,64.4998,90.01232,63.63528,88.34561,88.05134,45.14605,72.52112,100.6322,55.10273,55.65449,58.63588,61.20363,,78.16583,81.90668,68.76881,72.56711,,52.49111,81.38757,83.16595,62.20549,66.1562,75.49458,87.57354,64.46078,89.01674,53.33672,48.25552,76.63444,74.81883,71.1261,87.5471,84.81912,85.56018,,51.35564,76.50845,,62.5328,67.38854,84.39805,67.73975,82.96178,47.83768,54.90323,91.54174,88.75138,75.08134,51.50396,80.37762,83.64041,71.60653,83.12216,89.17354,65.35764,75.0857,,62.39237,50.74537,51.48388,63.19375,82.97004,87.4076,87.837,57.20821,,77.538,86.01163,52.88504,62.42243,30.90663,60.18619,78.96056,83.53439,92.76494,65.51212,50.97017,79.51654,81.83771,52.54601,65.70414,62.87987,78.53694,57.44815,91.32874,59.7778,63.63301,84.89588,76.85014,53.52263,83.22071,65.74543,89.82955,50.09526,74.64904,44.21801
2004.0,67.13728,85.35599,90.42706,,77.95623,88.74793,90.63386,57.4696,55.23395,89.25333,82.98959,83.29753,66.74627,70.40993,,87.37143,,58.3741,71.94043,76.24925,73.30214,94.4855,61.65385,90.92818,94.94109,81.4541,86.10858,86.13274,76.9761,82.60618,83.99336,56.82534,88.33125,85.86486,91.89576,76.89988,85.279,90.0837,71.89177,78.13061,82.96363,63.91174,79.37467,57.89086,75.41233,87.60543,78.04253,91.54736,79.80472,92.26057,87.14476,66.96891,47.89932,34.96334,79.07735,86.02648,85.4038,82.97831,69.78462,69.35578,90.02838,89.30839,68.07632,83.8299,62.52079,75.70952,63.74587,66.99068,91.99226,65.64082,87.98012,89.94939,51.2457,74.43916,100.6235,58.89493,62.24881,61.03503,64.05714,,79.97504,84.84767,75.96603,76.88083,,56.60064,79.59904,84.38048,65.49387,69.47951,76.37341,89.52189,68.4459,90.42396,59.99265,54.98996,75.34167,78.32665,74.85441,87.15432,82.17054,87.94743,,55.58833,78.38303,61.04258,69.01595,70.55202,85.63045,70.55298,83.1564,55.01228,59.55365,92.6985,89.15475,75.55134,55.3359,80.53578,86.70294,75.04296,86.08945,91.28282,68.17438,77.34369,,69.78896,56.27084,57.79098,65.94373,83.21359,87.84759,89.30503,61.06046,,80.99031,87.24234,58.71634,65.69086,35.01309,66.19615,84.9209,86.53576,93.11518,67.76923,52.93624,79.81643,84.13867,56.30102,72.91413,65.24217,81.41268,62.38802,92.79713,61.97461,69.4675,87.16874,79.12495,57.67435,85.50218,76.47059,88.87311,56.36473,74.13082,52.1617
2005.0,74.08618,87.33819,92.34322,,78.39971,90.6116,92.68935,62.97343,62.5536,91.73585,87.4489,88.6323,71.44803,73.95776,,88.76205,84.64546,64.42114,75.82364,81.48722,77.74778,95.67318,67.0,92.94092,96.05375,83.94022,87.64077,89.47905,80.85972,85.09557,84.35763,64.66711,90.59531,87.45946,93.31806,79.28982,86.71331,91.72125,74.90739,81.05567,85.28833,69.40159,81.097,60.66863,78.90003,90.55669,81.23423,92.31828,81.6802,93.87132,88.93728,72.49568,55.29471,45.93267,82.91082,88.91911,88.43132,85.86247,76.14019,74.15988,91.95,90.12472,74.07321,86.61069,71.25682,78.4068,70.41679,69.50182,94.22738,68.26675,89.14968,91.72993,58.96334,77.03422,100.3337,63.43888,68.38867,63.69958,68.92685,,82.70028,87.1842,81.4111,81.14868,,62.61977,81.70856,87.66986,71.66839,71.86813,78.40379,91.75138,73.06645,91.22113,67.05135,65.08822,76.32064,81.4504,78.45042,87.61102,87.42156,90.59451,82.68635,62.65521,80.08903,64.96611,77.38459,74.03397,88.22099,72.14811,89.66737,64.83807,65.27026,94.26337,90.52072,77.01555,60.35084,82.8193,88.10556,80.02577,87.9034,93.36148,72.82609,81.44049,,76.06658,63.40897,63.00044,68.84353,83.69053,89.34354,89.72363,65.44057,,84.7886,88.71277,68.1814,71.12654,41.01571,72.74814,87.22148,88.65718,93.53492,71.0889,53.41645,85.25082,87.89692,60.29127,79.23264,69.72934,83.03946,67.49098,94.93951,67.29993,72.73167,90.12616,82.07904,62.45232,87.92792,77.89046,87.64205,63.02211,75.65562,61.70841
2006.0,79.11264,89.43163,94.36164,,80.67241,92.23049,94.00567,68.1541,64.27096,93.37903,90.73764,90.70892,76.28246,79.3283,,90.88328,89.75495,68.89918,77.59589,84.8963,83.42933,95.81978,74.70513,94.80162,97.07145,86.78764,89.08524,91.67594,84.33533,87.96692,88.44262,72.085,92.85764,89.67568,94.79763,82.05429,88.62308,93.48617,80.58009,82.60319,87.80211,74.64103,83.77205,65.33923,82.33939,93.74028,84.83283,93.76836,83.72003,95.44378,91.00837,79.15371,61.74936,61.86606,84.61588,90.66921,91.2577,89.51331,81.1362,79.11165,93.976,91.92744,78.20483,89.37342,79.34106,81.48559,79.642,73.72418,97.93207,72.82305,91.02829,93.67317,63.9748,81.83988,100.5883,68.97183,72.5252,67.2293,73.16127,78.25008,89.71946,89.13916,86.74277,84.49391,,67.33621,82.90092,89.7701,76.53583,76.23236,81.3354,94.19776,77.85948,94.21761,75.68358,72.09539,78.41063,84.4066,81.98841,90.42777,88.77815,93.10652,85.10459,66.01707,82.68698,73.57094,82.2142,80.64756,91.41516,75.73473,89.70276,70.17114,71.23609,95.30168,92.62926,79.70897,65.13258,84.85567,89.86885,84.38574,88.88347,96.26284,79.79196,84.57225,,81.08026,69.53976,68.5967,73.15485,85.28373,91.24428,90.58758,73.03055,76.81755,88.21021,90.57156,76.175,75.15048,50.48429,80.95501,91.13191,90.83631,94.80748,74.77107,53.22762,87.14104,92.03866,66.31036,84.10475,75.52232,86.45046,73.96833,95.50894,72.15591,77.37667,93.03358,84.32852,67.07515,90.40736,80.77248,88.20076,69.85673,78.11529,67.29518
2007.0,85.98007,91.97006,96.30785,87.55199,84.22948,93.53709,96.07128,79.45789,69.67747,95.08139,91.90821,90.49409,83.23604,85.99385,92.61407,93.14864,91.16267,74.62444,84.34955,87.9876,86.79506,96.74551,80.0,96.82884,97.78235,90.61347,93.37426,93.43715,89.01055,91.89551,92.34382,78.83045,95.05842,92.23423,96.98358,86.12838,91.84206,95.06914,85.52975,85.82549,91.95675,80.3473,85.67878,71.50934,86.64987,96.35263,90.4298,96.09031,87.74169,96.86398,93.12235,86.45941,68.38162,73.11353,89.15902,94.83134,93.89965,92.96745,86.67152,88.7634,95.98456,93.79819,83.62928,91.96461,84.54364,87.97904,84.67552,78.13892,102.7279,76.51239,91.49788,95.38142,69.91695,85.72243,100.6322,76.45309,75.63068,74.1189,78.77256,81.06106,93.73968,91.39846,90.7846,87.92474,92.71845,75.00846,88.08305,92.3044,81.03889,82.34014,86.00175,96.37604,85.70261,96.16014,84.86816,79.51254,83.73801,87.75487,86.37632,92.46316,90.03322,94.27154,88.80515,72.38307,86.78996,79.81674,88.17811,87.78132,93.26794,80.69412,89.74699,73.95197,79.16249,96.83972,93.28933,84.34563,70.08201,88.40451,91.46736,86.84493,91.00606,98.6251,86.29032,86.14371,,85.00005,75.80342,74.82567,77.78513,89.52752,96.60331,92.49434,78.62723,82.07547,92.24993,92.83486,81.04389,79.51643,59.84642,86.13569,93.64416,94.15864,96.90478,80.80965,56.05974,87.95892,94.03283,75.02854,89.01836,81.46961,89.41016,80.44513,97.22471,76.55514,83.65606,95.68752,90.43067,72.63735,93.12387,85.27721,92.02652,75.37899,82.93907,74.46116
2008.0,108.6948,95.02427,99.43774,98.27995,91.90713,98.52544,99.1697,95.97159,86.68361,99.35001,99.2382,100.1701,90.63716,96.61303,95.87069,97.33059,98.20994,85.65692,96.16463,92.98406,93.8325,98.76353,90.10256,99.12395,100.1546,98.51137,98.90636,99.34186,95.23992,93.45845,98.59959,89.413,99.49813,98.0991,99.52272,96.42614,97.68314,98.31696,94.6348,89.61501,98.01427,89.35921,92.87609,84.58702,93.52632,100.2793,99.80339,100.0092,94.43155,99.58863,96.47654,95.10363,79.6731,89.97616,93.12094,102.3667,97.7991,100.4358,96.51268,95.95503,99.26937,97.83447,93.16589,97.55327,97.4634,93.29967,93.03137,84.84204,106.899,86.2144,95.70137,98.57195,85.29496,97.69962,102.0197,89.55707,87.05404,92.28238,98.46337,92.13843,98.70817,95.67033,97.71141,93.43703,97.35032,88.12765,97.20909,97.42688,93.01033,91.16356,95.39821,99.65464,98.91068,99.70284,95.81367,86.90443,93.8233,92.2523,93.12425,100.1674,98.31118,98.28531,96.58123,92.63177,94.6631,91.39586,94.65623,96.27389,98.33166,88.03171,99.89384,82.5164,94.8574,99.24764,96.79135,94.80296,83.93203,96.11507,96.76136,93.97552,94.96426,101.178,95.07948,94.66428,,91.66881,86.49986,86.37756,85.29665,95.00731,102.1647,98.62466,92.24917,88.81479,98.94547,96.82059,91.10223,88.20274,78.99215,98.80162,97.95009,99.47618,100.2741,91.0381,76.78121,95.65613,99.19083,90.38501,98.31809,91.27493,93.80772,88.84692,100.6572,85.77533,90.24666,99.36106,99.53362,89.42926,97.48673,95.14029,100.625,89.6831,91.27838,83.72219
2009.0,101.2915,97.1784,99.4681,99.8139,95.1386,97.9844,99.66586,97.26711,95.83345,99.29721,99.66555,101.0115,95.55119,99.27297,98.55051,99.33827,97.9927,96.69633,99.38169,97.52915,97.25222,99.78489,97.38462,99.42079,99.67337,99.9737,98.18629,99.85169,99.24211,97.53563,99.57682,96.42366,99.82404,99.0991,99.84727,98.04406,97.68926,99.59971,96.00133,97.98455,98.09567,96.47923,97.66854,94.59194,97.22818,99.99071,99.71878,100.0,97.48647,99.67589,98.56557,96.73575,95.01055,94.19069,97.36866,99.51941,98.98251,100.1258,98.30749,98.7879,99.44347,98.40136,98.2866,99.8736,97.8473,97.2272,97.4995,93.09437,102.1119,96.56514,98.8756,99.34924,93.47079,96.97507,100.6586,96.10914,96.22055,98.58811,97.81068,101.1832,100.7395,98.30748,97.8477,97.73556,98.53358,94.67327,99.60033,97.27398,97.37499,98.00997,99.64633,100.0214,102.3965,100.8121,95.75744,94.68604,98.07236,97.13925,97.02114,99.42723,100.6368,100.3339,99.91648,99.66592,98.68269,94.85855,96.75847,98.7155,98.91013,96.33604,100.3627,92.86095,98.35479,100.4285,98.91823,98.09291,94.12435,98.42823,99.60162,97.95962,98.59757,100.3326,97.55727,97.26973,102.7289,96.78784,96.57478,97.55845,93.39983,99.05626,99.868,99.21318,98.79054,95.44838,99.4773,98.9499,98.49696,96.03529,92.38743,98.63569,99.53209,100.311,99.95636,97.81883,101.1626,99.20029,98.32796,97.08818,99.72096,97.67331,97.15575,94.40072,99.77689,96.93875,96.62517,99.00779,99.95319,95.43695,98.72705,101.1579,98.19129,94.53295,97.8644,94.9354
2010.0,103.4981,100.6978,100.8692,100.6908,102.8943,101.2863,101.448,102.7766,102.0562,101.4711,101.8023,100.3938,103.3202,101.6942,100.4842,100.6734,100.113,104.0799,101.8679,102.4434,102.9158,100.0116,104.1538,101.1874,100.3594,101.383,101.3037,101.5944,101.4937,100.7373,101.6467,101.883,102.2493,100.5586,100.9641,101.9143,100.6193,101.9014,102.0753,102.0879,101.4792,102.6787,101.1398,105.0639,102.1026,101.7904,102.686,101.2298,101.0828,101.2021,101.8164,103.6183,105.1893,108.3649,102.2855,101.7592,103.6474,103.5667,102.1026,102.476,100.9127,100.6576,102.905,100.9029,102.5707,101.9524,102.5118,102.7238,101.1704,101.7735,101.5391,100.8586,105.2692,101.6762,99.91219,103.2217,100.1546,106.4331,101.72,97.23756,101.5967,101.197,103.7016,101.972,102.4373,101.5744,102.3891,100.4357,102.666,101.4402,100.9609,102.2956,101.28,101.8088,102.7978,103.442,104.1037,101.1771,102.1398,100.9269,101.8365,101.8563,100.297,107.9436,102.2597,106.6454,102.8601,101.6348,100.6204,101.0344,101.2916,105.6215,103.7201,101.7092,101.311,101.3015,106.3054,101.9079,101.1247,101.6216,101.2671,101.7399,102.0804,100.9185,100.2257,102.7043,103.1896,97.31056,103.0857,102.7196,101.0824,102.0146,99.74252,102.307,100.6505,101.5084,104.5472,103.1989,104.7138,105.5125,100.4846,102.1178,101.2245,102.2297,98.73126,100.627,101.5714,103.7784,103.246,107.9653,101.3539,102.4875,100.7403,100.8126,103.0936,100.6316,100.7,104.2229,101.2772,101.9439,101.6288,105.0969,101.8668,103.0077
2011.0,115.7152,104.1566,103.4379,101.5725,110.6054,104.7866,104.7691,110.7457,111.8456,105.0552,104.5801,103.1686,113.9195,105.9856,100.1464,103.8937,104.2318,159.4817,111.9361,109.242,112.623,100.1495,112.9872,104.1341,100.5915,104.7705,106.9029,106.5628,104.9612,102.5936,106.1942,106.8542,105.6133,102.4865,103.0451,107.0815,101.7576,104.7125,110.7126,107.9471,107.1497,110.6933,105.6654,115.6588,108.5294,105.0437,107.7973,104.7173,108.4397,103.339,106.3612,112.4784,114.3634,131.4667,107.191,106.9097,107.0988,106.7083,108.4487,107.577,103.5343,105.9977,109.8637,103.1961,109.0663,105.9531,107.9893,111.2596,103.7575,105.8347,105.0424,103.6605,113.2016,105.9062,99.63997,111.918,114.2166,124.1507,107.2928,98.69361,107.525,105.2712,111.552,107.447,107.5445,110.1964,118.2783,103.2172,114.8841,106.5498,105.1308,105.7846,105.7008,102.7316,110.6213,113.2509,115.8391,104.6245,108.851,104.8681,104.8542,104.6291,103.7584,117.3534,107.1178,118.5518,108.7091,108.2484,103.8146,106.1002,104.2728,117.0553,112.1031,104.0903,102.6128,105.3959,118.9711,107.849,104.5319,106.4433,105.5447,105.4564,110.4956,103.8211,102.1544,108.6557,111.8993,100.3239,112.1429,106.5656,104.5407,107.3681,107.1613,109.255,105.8128,104.4518,116.191,111.4507,119.7147,124.2257,104.4229,103.9589,103.8824,108.4733,101.2573,104.2257,105.4418,116.735,109.7203,113.4615,104.6075,109.1204,102.1722,119.6369,111.4361,103.8083,103.9083,123.6877,105.1224,107.2811,109.072,125.6365,106.9594,109.6372
2012.0,123.1687,106.2803,105.3663,102.2455,113.3619,108.3266,107.3714,111.8604,132.1579,108.0384,111.6314,107.116,121.3879,109.117,102.907,105.9439,106.5954,253.9221,116.9927,115.1449,117.7286,100.2614,121.5,105.7124,99.89489,107.9202,109.6977,107.944,108.288,109.0721,108.892,111.6578,108.1348,105.8559,105.0878,111.0783,103.1382,107.2234,114.8027,118.4166,110.2556,118.2405,111.0562,123.943,113.9519,107.6132,112.039,107.6358,112.152,105.3585,109.3694,111.4249,124.8446,151.4846,111.7512,109.1676,108.7069,109.2808,112.5507,110.1502,105.5312,110.2948,115.5724,106.7172,114.5393,111.9588,112.2886,121.6991,105.5174,111.3331,106.8361,106.833,121.0052,110.6876,99.59607,117.6235,124.8918,127.5902,110.4394,95.68744,108.4025,107.5735,116.2981,112.5423,114.6137,117.7256,125.4457,107.5292,124.0567,112.9974,108.3794,108.6014,108.1064,104.0698,115.7536,119.7219,128.447,108.9262,114.4933,108.3468,110.4097,107.158,108.0549,133.6488,111.4402,121.6359,114.0385,112.4098,105.5416,113.2347,104.7771,131.3658,120.1673,106.6463,103.3278,108.496,130.4892,114.0075,108.3533,109.8046,109.4975,108.3811,114.5746,106.7078,104.0548,112.2842,117.5778,110.6302,122.4854,109.6201,106.0102,112.2809,113.4967,116.4525,107.643,107.4052,124.7083,120.7555,132.4476,130.4204,108.1885,106.6591,104.8053,118.1704,108.4576,106.9611,108.6181,123.5419,110.9794,123.991,109.4458,118.8229,104.1494,136.3988,120.461,105.9565,106.6083,134.9374,108.2068,109.4793,111.7898,138.0562,113.0824,116.8468
2013.0,132.2657,108.3333,106.7216,103.3743,119.839,109.4728,109.5281,114.5717,142.6485,109.241,112.7276,107.6799,130.5243,110.0883,106.305,106.7093,106.5954,300.3972,123.7042,122.2888,119.8643,100.6457,128.641,106.7043,99.6778,109.8559,112.5173,110.7341,110.4733,104.3874,110.5325,117.4978,107.7023,107.3784,106.6819,114.0839,103.0903,108.0695,120.3472,123.2802,113.5842,125.3955,114.0789,135.6441,119.5538,109.1291,115.1633,109.2327,115.4196,106.2685,112.1745,110.8549,133.4721,169.4923,118.1201,109.9565,107.7055,109.2327,117.4392,112.2444,106.9508,115.0794,121.5382,109.0827,119.9971,113.8844,119.4874,133.8801,106.0542,115.658,108.4663,108.1074,132.3167,116.0319,99.92975,124.5002,132.0472,136.035,113.6891,94.26372,109.6025,108.9734,123.7091,118.0416,120.985,126.6464,128.7146,109.1084,131.5464,118.4947,109.5146,110.4846,108.0792,105.9985,121.1266,126.6974,133.3345,113.0723,120.4287,111.3646,109.7638,108.6316,110.4399,147.7914,115.9537,126.8221,118.7472,116.3907,107.7632,119.5862,107.1568,142.5248,128.7418,109.3198,105.5189,109.6258,140.5269,118.6042,111.3945,112.6503,110.7808,108.6785,117.6251,108.5467,107.281,116.7776,125.5187,117.1967,134.2648,113.4894,106.7582,114.9291,119.6157,122.8855,108.4586,109.1286,134.3037,128.5755,143.185,132.9277,109.7037,108.5461,104.7589,124.8132,113.1645,108.8513,110.9919,129.7634,111.8402,130.425,115.2603,127.7264,104.9746,143.8551,130.793,107.5086,107.4666,143.8358,110.967,110.1472,113.7595,153.1988,119.6237,125.0
2014.0,138.4478,110.093,108.1787,105.7993,123.4581,110.6688,111.29,116.2303,148.9327,109.6124,111.4827,107.4293,139.6501,108.527,109.1174,108.3246,105.5092,354.7894,130.8353,130.0285,121.9853,100.4432,134.3205,108.7388,99.66464,115.0359,114.827,111.244,113.6781,112.5224,110.2686,122.8085,106.2444,107.7477,107.6651,115.6144,103.9143,108.679,123.9576,128.0473,116.563,133.5595,118.1737,149.3363,125.0622,108.9642,115.0356,110.3708,116.0189,106.8081,113.8134,114.2573,154.157,179.9171,125.1458,108.823,106.292,108.1583,121.4537,113.2015,108.4458,120.1701,128.9875,108.848,124.1228,113.6311,127.1315,142.5881,106.2478,118.0116,108.9825,108.3785,143.2847,119.3927,102.687,132.8499,141.1303,146.2845,118.0721,96.2468,109.8742,110.3626,128.8183,124.1999,122.3503,139.1341,131.8461,112.9457,137.4169,124.8582,109.6283,111.1791,108.7509,106.4784,127.2905,134.4011,136.1624,117.6163,126.3224,111.0508,110.742,108.9712,109.6511,166.9265,120.2428,130.0639,122.9442,120.1274,111.1502,125.9764,106.1571,153.995,136.5126,110.3868,107.6733,110.7466,150.6315,121.7378,115.0092,116.6989,110.9703,108.3762,123.539,110.4274,110.8385,118.0336,135.3386,119.9254,143.094,116.0274,105.5966,116.1073,125.791,128.5865,109.6965,110.3429,137.1005,136.9906,153.2059,137.4263,109.6201,108.7625,104.5707,131.9042,114.7325,109.0513,113.0944,137.5804,114.6483,137.8561,120.6024,139.036,106.2283,150.0266,142.4043,109.2526,107.675,149.7068,113.7644,109.6991,114.2424,165.6151,126.9564,134.7602
2015.0,137.5316,112.1764,108.4851,110.1032,128.0211,111.7382,112.3026,120.9357,157.1905,110.2278,111.7893,108.4228,148.3036,108.4135,111.1347,110.341,104.2666,402.7677,136.1485,141.77,120.6279,99.97802,138.4487,109.9624,98.52457,120.0387,116.5974,112.6159,119.3472,,110.4132,123.7949,104.015,108.0811,108.2665,114.6351,103.0374,109.1703,124.9941,133.6833,118.8016,146.1796,122.8609,164.7984,131.2997,108.4189,114.4712,110.1138,117.6141,106.8481,113.859,118.8342,180.5889,201.108,133.6663,110.4371,104.447,107.6008,124.3549,112.0675,108.8195,123.7642,133.0607,108.3424,132.4786,113.5485,135.2184,149.5849,105.9398,119.9367,108.2932,108.4237,148.5538,118.345,103.5037,141.7054,150.4174,155.7909,119.5143,96.79732,107.345,111.1421,130.4625,132.0874,117.7488,149.9145,145.5612,111.8347,154.4342,128.8768,108.659,111.7069,108.9234,108.1488,139.6105,144.3524,137.46,120.8162,133.0959,110.7178,112.3293,110.1672,111.3493,178.2665,127.948,134.69,126.9457,121.6985,113.4893,130.2591,107.2364,167.8706,141.9694,111.0494,110.011,110.8189,154.4608,121.9059,119.0902,117.5043,109.9578,108.905,127.4077,112.0072,114.1419,117.3301,156.3626,122.9584,149.8347,117.4267,105.7374,115.5005,125.0684,137.1882,108.8942,110.5037,139.0094,145.9948,161.2426,146.9027,109.2636,108.1909,104.5218,138.4351,119.3676,111.0051,112.0772,145.106,113.44,144.2783,125.9446,149.7013,105.9034,155.5663,154.7372,109.3822,105.8083,150.6533,116.0319,110.4938,113.6269,217.0633,132.721,148.3835
2016.0,143.5609,113.6125,109.2463,111.8853,126.1977,111.1938,113.305,135.9781,165.9267,112.4035,110.8603,108.1543,156.476,107.5476,114.2339,109.9588,102.633,450.4102,141.0833,154.1595,122.1742,99.69939,142.3462,111.5334,98.09636,124.5841,119.0694,113.4131,128.314,,108.8588,123.7739,102.5284,108.8198,108.7724,117.7725,103.1835,109.4432,127.0112,141.4313,121.3906,155.2645,124.9843,187.586,137.7947,108.1993,114.6419,110.5268,122.1578,107.044,114.6101,121.3558,212.1157,217.5453,143.3288,112.0874,103.5845,109.3766,129.8868,113.0044,109.6219,126.746,136.6861,107.1235,147.7175,113.9969,139.988,156.9866,105.9486,121.9673,107.7031,108.3243,152.0189,117.425,103.372,162.3179,159.9317,156.4066,123.1258,98.65326,106.6075,112.2221,132.5472,140.6567,116.7981,163.1581,183.1944,108.3922,158.2061,137.378,109.643,112.0318,109.0868,109.9022,148.5224,153.0652,138.1518,124.2253,140.1105,110.4528,110.3175,110.8791,111.0616,179.6028,132.5941,158.144,128.814,122.8662,115.8451,138.9985,107.431,194.2193,146.9705,111.4011,113.9164,112.0481,160.5238,122.8055,123.3692,118.954,109.243,109.5665,132.6087,111.7613,116.8074,115.5059,167.3743,131.7923,157.1423,119.8561,106.6262,114.8858,125.7094,152.1226,109.5521,111.138,140.5695,160.9418,170.0009,228.4108,108.6954,108.1314,105.5506,149.2985,118.1563,111.9684,112.2881,153.8692,116.3646,148.7061,130.4891,161.3407,107.3784,163.6082,169.6542,110.7621,105.65,154.6698,118.6898,111.9355,113.9678,,141.4427,174.8992
2017.0,150.7044,115.8677,111.0433,114.0847,127.3832,113.8948,115.6541,153.4437,192.5622,114.7932,112.8019,111.2961,165.4037,109.7648,115.8169,111.6283,103.4585,477.5786,145.0653,159.4724,127.8678,98.44267,147.0,113.3145,98.61999,127.3031,120.8799,113.8673,133.8518,,109.7127,125.7856,103.0736,111.4865,110.4047,118.4426,103.4892,110.6987,131.1761,149.819,123.6915,163.7716,125.5056,242.9204,143.6347,110.3157,118.5564,111.3528,126.2471,108.149,117.6852,128.6701,238.3505,236.9392,154.8441,113.1846,104.746,110.3703,135.6336,115.1567,111.4017,128.6395,142.0639,108.3333,163.4938,116.6753,145.3205,162.2114,106.3094,124.1232,107.964,109.6529,158.7056,121.3297,103.8725,174.3943,172.6566,161.3641,126.7113,99.00413,107.3484,114.404,133.6419,146.2546,122.0368,183.4222,230.4651,108.5052,168.9149,143.4882,113.7248,113.9708,112.2731,110.7235,158.2808,166.2426,142.0423,131.7303,146.4412,111.9457,112.9476,112.3912,113.6971,187.3051,143.2663,182.045,131.7178,127.3992,120.2465,147.5638,107.5814,226.2694,152.6317,112.94,116.0524,113.8377,168.6003,123.883,126.8283,122.3475,111.4306,111.0661,137.4007,111.9998,117.1142,117.0587,173.5393,142.6973,162.8497,118.8515,109.0109,115.5478,126.3237,179.8417,110.6631,112.3005,144.9708,177.2968,179.6736,278.7058,110.1214,109.6767,107.4447,158.587,121.5322,111.6957,113.035,165.008,125.1118,151.5076,137.458,179.3211,108.0458,172.7317,180.2098,113.1215,107.925,160.1053,121.8226,113.8942,115.6534,,148.7754,186.4029
2018.0,151.648,118.1938,113.1682,117.5878,130.5854,115.2731,117.9526,157.0254,187.1421,117.1501,113.7774,113.4175,174.5719,112.8542,118.2387,114.1576,104.9357,500.8231,148.3607,165.3168,132.5654,99.34692,151.7564,115.8847,99.5434,130.2554,123.209,114.5996,138.1899,,111.0918,128.5775,104.5533,113.8829,112.3425,118.6167,104.5129,111.5993,135.8527,155.0748,126.354,174.084,125.2246,277.8761,149.6938,112.1635,122.6265,112.5551,131.3998,110.1507,120.6015,132.0553,256.968,260.2234,164.9414,113.638,105.4013,111.2578,140.7224,116.634,113.5673,131.7347,148.2399,109.9585,183.9002,119.983,150.1038,168.6108,106.8286,127.4459,108.835,110.9002,164.6334,126.7448,104.8999,184.8914,180.7673,163.8482,129.8287,99.56251,106.235,116.0925,136.3666,151.8704,129.4296,226.6438,260.8179,110.6055,174.8513,150.3063,116.7931,115.7125,115.1235,112.4954,163.1005,180.5299,141.852,138.1842,152.8666,113.5783,115.0886,113.6913,116.6574,200.0557,151.8769,189.1689,135.758,131.5074,121.4118,153.8766,110.5449,253.6354,160.1806,114.864,119.2611,114.8409,177.5861,124.8264,128.4982,128.8445,113.434,112.1698,142.8588,111.7809,117.2461,122.4793,178.5343,142.2556,169.5889,121.773,109.4949,116.0546,130.6964,208.6695,111.867,114.1142,147.812,191.1094,193.8124,298.385,112.8899,111.5835,109.5436,166.223,126.0335,112.7681,114.2391,171.3142,131.4076,153.0508,147.4811,208.6086,109.5049,177.1352,193.9166,115.8846,110.4333,165.77,125.2473,118.6749,116.875,,155.4958,200.373
2019.0,155.1395,119.8928,114.7401,115.3132,132.4867,116.9207,119.7752,161.2844,185.8569,118.8333,112.7369,109.8192,184.331,116.3569,119.4292,117.0015,105.5092,528.8692,151.0894,171.488,138.001,99.06339,155.9872,118.1436,99.90463,133.1915,126.7801,115.508,143.0546,,112.3212,131.275,104.815,117.1261,113.9366,122.5532,106.0854,112.4454,138.3103,158.7376,129.7872,186.3447,125.5578,303.3677,155.9397,112.9481,125.4319,113.7206,133.7297,111.3714,122.7615,138.4456,275.4107,284.8676,176.6781,113.91,105.6679,111.9232,145.9291,119.0684,115.1022,135.5329,154.7118,110.8072,218.2965,124.0002,154.3368,174.8886,107.8317,131.2764,109.751,111.5781,171.0624,127.706,105.3916,194.5898,191.3714,165.7166,132.3506,97.7573,105.8849,116.5371,140.898,157.132,133.1715,248.7506,255.1785,111.2017,178.8556,158.1031,119.5196,117.7297,118.3642,112.7722,170.991,190.6586,142.1671,143.2085,159.7639,114.4488,111.6094,115.5589,117.0843,214.6993,154.4367,194.4247,138.8806,132.1019,122.2166,159.6094,107.7495,282.5423,168.7937,117.8891,121.8464,114.9946,194.2606,124.3832,131.2428,131.9265,115.914,112.5491,146.7976,113.5209,116.2026,127.1639,186.5154,147.0259,176.9664,119.2239,110.6213,116.7106,132.833,239.563,111.9499,,150.5454,205.238,208.7749,311.1357,115.898,113.4029,111.498,170.5415,128.31,113.5042,115.0454,184.6245,132.9576,154.5821,157.3992,240.2688,110.1172,180.9208,209.2024,117.9847,111.4416,170.4028,128.3633,119.8407,119.9905,,161.9026,218.7085
2020.0,159.1228,121.8143,115.5278,112.9192,134.4135,117.6525,121.5067,165.8396,199.4637,119.7136,116.1278,111.8869,194.8189,118.3029,116.6527,117.0466,104.3969,558.1477,152.5125,176.9958,142.1297,100.9827,158.9359,118.9907,99.17945,137.2479,129.9376,118.2981,146.6674,,113.0017,132.2259,104.1459,120.8288,114.5475,124.7333,105.3141,112.9185,143.5425,162.0384,132.6625,197.6848,125.1324,318.707,162.6645,112.5836,124.8694,114.0327,130.2591,111.9021,123.8058,145.6649,302.8194,315.0692,187.1574,115.6239,104.3492,111.0942,150.6199,120.2512,115.9812,135.873,160.0779,110.9787,268.06,128.1252,157.474,186.4723,107.471,135.0145,109.1071,111.4244,180.7703,128.1327,105.3653,207.7665,201.6092,176.189,136.2412,99.11028,104.649,117.1632,148.0908,162.394,246.2075,,258.871,109.2492,185.6311,165.9739,120.9537,118.6951,118.6184,113.4736,177.4304,198.6696,140.2176,148.0731,166.9696,115.8222,112.1355,116.2962,116.8059,222.6986,160.3277,200.7467,142.1939,135.4459,120.8249,163.1284,110.8723,319.9699,175.0087,119.3892,123.414,113.9552,212.6683,122.4549,133.6409,135.0838,119.8181,112.5351,149.3922,112.7133,113.204,130.5289,192.8227,161.5037,189.0549,123.3317,113.4108,116.4983,136.7696,271.7767,111.5359,,152.9173,222.6931,229.274,419.6903,118.1428,113.3407,112.0526,176.2581,129.8531,115.6034,114.0714,200.48,132.4926,155.5081,166.2678,269.7713,109.8549,185.9112,229.6081,119.4401,110.7416,175.8938,131.1119,117.9605,120.2273,,167.0998,253.1172
2021.0,,124.3123,118.9553,112.7914,144.4273,120.08,124.8684,176.8834,216.2277,122.6349,118.1624,116.1923,205.6269,122.2036,115.9394,120.4467,106.4824,610.905,153.6355,191.6894,146.6065,102.736,169.5513,123.0307,99.75649,143.4577,131.041,123.2388,151.7948,,115.1059,134.5073,106.6934,125.4685,118.0603,126.2077,105.8587,115.0109,155.3735,172.7552,134.1458,218.4039,125.2991,335.2999,172.7029,116.0659,130.6762,116.5565,130.4621,113.7399,127.0102,159.6114,332.9976,354.7582,200.9516,119.387,105.6263,112.449,157.0379,126.3032,119.4601,138.0045,167.2508,113.8137,313.2054,134.6651,159.9307,196.051,110.0053,141.0338,110.7352,113.5123,191.4089,129.8585,105.1194,224.4758,213.9322,197.1709,140.2214,,105.9003,120.0904,153.6504,174.0198,627.235,,266.2963,111.8829,193.4915,176.0113,126.6186,121.6944,122.5127,115.0609,186.4907,210.2168,140.9833,156.4973,177.6717,119.5642,116.5006,118.0371,119.6084,239.0869,174.2876,213.6115,147.2633,140.9023,123.8179,169.0545,115.1274,374.2138,183.6335,122.5837,127.7136,115.7176,232.8604,124.4518,138.9585,140.3887,125.9909,113.9594,156.5451,114.1087,115.8127,137.1158,205.7312,160.8657,199.6382,127.1097,115.8835,119.1834,136.6117,304.0474,115.4039,,159.1641,247.7131,247.9319,667.8097,121.8639,115.5135,114.4765,,142.5386,120.8651,115.4759,218.3669,139.9658,158.7132,175.7557,322.637,112.0197,190.0163,247.402,125.0512,112.4833,179.119,136.7226,121.6564,124.2519,,174.8059,308.8555
2022.0,,132.676,127.3024,118.2363,157.1067,129.124,135.5407,201.3005,256.8804,134.4048,119.7046,132.5188,221.4516,140.9415,120.1534,127.1982,121.4025,703.8379,156.3188,209.4784,160.1872,106.5198,190.1795,131.4002,102.5846,160.1618,133.4979,129.6348,167.2421,,123.9178,145.638,115.6508,144.4144,126.1741,132.7456,,123.8628,169.0649,189.4581,137.5549,290.5501,129.642,381.883,196.2498,125.8045,156.0298,124.8532,136.0982,119.6798,138.5259,178.601,439.294,391.9836,224.0873,128.8538,115.8143,115.3275,167.8502,134.0267,127.941,140.6009,182.4533,126.0834,419.6449,154.3492,166.6629,209.1738,118.5938,152.7492,115.6016,122.8218,211.2113,135.3507,107.745,256.0199,230.3129,224.6125,147.7162,,108.725,126.2004,188.9245,189.4892,1701.042,,278.3071,119.019,213.508,190.5707,151.5689,129.405,143.7092,122.7206,240.0832,227.3717,144.2704,168.8548,202.7005,136.5479,127.7501,125.302,135.2171,275.3155,210.3587,235.5695,161.2906,156.0828,128.0013,179.3117,119.9929,444.7413,202.8549,134.8436,135.0752,118.9714,279.1424,128.0107,149.9046,148.561,144.1629,122.8855,171.8326,118.3769,121.5998,156.038,234.0192,189.3404,215.8701,130.2545,127.1119,126.4787,144.1502,386.7735,123.7082,,178.2344,283.3996,292.575,1018.049,137.4332,125.7177,124.0574,,146.2817,130.0618,122.4939,232.76,155.322,167.9606,190.3547,555.932,115.3206,203.6805,269.9308,135.0588,118.85,184.7737,150.0888,134.9922,138.6458,,187.1117,342.8118
2023.0,,138.7379,132.7771,,160.2998,133.9573,145.6258,219.2308,316.7917,139.5947,122.9097,133.276,240.5243,153.6717,120.1169,129.5536,128.444,734.7997,160.0581,218.4874,174.4116,106.7471,198.906,136.0749,104.7573,171.7377,134.0294,134.7547,185.9116,,,146.5313,119.585,159.7946,133.5281,133.031,,128.0022,176.3816,206.0665,139.0973,361.1777,132.4196,502.2714,223.1638,130.003,170.1309,132.2932,138.1542,125.3392,148.101,182.829,595.7635,418.7568,257.8126,138.0728,119.4741,,177.6631,137.0106,133.6038,143.0234,193.8598,135.2715,540.0277,180.455,172.4137,219.4276,125.7656,165.2927,120.1006,129.7397,222.2222,138.0013,110.795,,246.6426,247.6879,150.179,,,130.5175,243.0132,199.781,4890.359,,284.1763,,225.0922,200.76,165.4388,134.0047,156.8083,129.9003,271.8229,241.557,148.3522,177.4642,231.5851,149.0514,130.3679,131.1822,145.8179,302.5835,308.3664,251.4908,,166.8917,130.9859,189.0951,123.2012,535.6249,219.0699,139.9445,142.0242,119.9928,358.1088,129.7859,159.0957,156.9716,160.2556,128.058,179.3969,122.7203,124.5268,171.4818,246.0534,226.5724,232.3993,133.0546,134.4351,131.9829,150.088,539.7402,128.6051,,199.4597,326.12,332.2304,1499.213,151.5226,134.8685,133.8604,,144.9771,136.7939,124.1302,238.5866,163.1495,175.4036,206.8388,815.8264,117.9534,213.924,285.0456,140.2407,,190.0956,162.1009,145.4688,145.1364,,197.053,376.9136
