Unnamed: 0,Albania,Advanced Economies,United Arab Emirates,Armenia,Austria,Azerbaijan,Belgium,Bangladesh,Bulgaria,Bahrain,Bosnia and Herzegovina,Belarus,Bolivia,Brazil,Botswana,Canada,Switzerland,Chile,China,Colombia,Costa Rica,Cyprus,Czech Republic,Germany,Denmark,Dominican Republic,Algeria,EMDE East Asia & Pacific,EMDE Europe & Central Asia,Ecuador,"Egypt, Arab Rep.",Emerging Market and Developing Economies (EMDEs),Spain,Estonia,Finland,Fiji,France,United Kingdom,Georgia,Ghana,Greece,Guatemala,High Income Countries,"Hong Kong SAR, China",Honduras,Croatia,Hungary,Indonesia,India,Ireland,Iceland,Israel,Italy,Jamaica,Jordan,Japan,Kazakhstan,Kenya,Kyrgyz Republic,Cambodia,"Korea, Rep.","Lao, PDR",EMDE Latin America & Caribbean,Lebanon,Low-Income Countries (LIC),Lesotho,Lithuania,Luxembourg,Latvia,Morocco,"Moldova, Rep.",Mexico,Middle-Income Countries (MIC),North Macedonia,Malta,Montenegro,Mongolia,EMDE Middle East & N. Africa,Mozambique,Mauritius,Malaysia,Namibia,Nigeria,Nicaragua,Netherlands,Norway,Oman,Pakistan,Panama,Peru,Philippines,Poland,Portugal,Paraguay,West Bank and Gaza,Qatar,Romania,Russian Federation,EMDE South Asia,Saudi Arabia,Singapore,El Salvador,Serbia,EMDE Sub-Saharan Africa,Slovakia,Slovenia,Sweden,Thailand,Tajikistan,Trinidad and Tobago,Tunisia,Turkey,"Taiwan, China",Uganda,Uruguay,United States,Viet Nam,World (WBG members),Kosovo,South Africa,Zambia
,,,,,,,,,,,,,,,,,,,,,,,,,,,,,,,,,,,,,,,,,,,,,,,,,,,,,,,,,,,,,,,,,,,,,,,,,,,,,,,,,,,,,,,,,,,,,,,,,,,,,,,,,,,,,,,,,,,,,,,,,
1994.0,38.37612,74.94511,,17.73565,76.00644,,74.87185,39.7311,1.035685,,,0.047199,43.71954,,,74.0141,86.8072,53.03491,64.58034,23.70636,17.05106,65.81236,51.90011,79.49449,72.15601,20.99375,,58.82294,7.629612,5.694507,32.9912,39.4742,64.38652,33.43826,79.42737,,78.60193,72.74905,,,53.90175,33.82959,73.92492,82.81108,18.14341,60.09891,22.78244,18.27847,,67.50349,47.40255,54.57455,68.56266,17.33963,58.28052,100.8228,7.601713,31.56328,,,58.29302,,,,,,37.13233,73.52768,34.01416,,11.81658,19.89451,38.56386,64.09799,,,,,,40.36824,66.99363,,10.22022,,72.99255,72.04861,,29.21313,72.70976,51.66076,42.69627,32.93375,66.81981,28.07945,,,2.082947,2.21604,,82.16139,81.64738,53.85799,,26.21537,40.39964,39.81917,82.31651,59.9642,,43.23362,58.74369,0.688987,81.95835,,16.69663,68.15319,,64.07787,,40.63002,5.15983
1995.0,41.35086,76.71841,,46.69469,77.67713,,75.96884,43.82808,1.672168,,,0.370603,48.17587,37.53353,,75.59729,88.36758,57.39921,75.40247,28.65721,21.00387,67.54152,56.67752,80.9293,73.65475,23.6196,,67.85033,12.10912,7.000389,38.22092,46.34584,67.39353,43.04921,80.23235,,80.01488,74.70172,,,58.71646,36.67463,75.83786,90.29292,23.49225,61.27446,29.23103,19.99975,,69.24686,48.18715,60.05231,72.17407,20.77606,59.65902,100.7265,20.96717,32.05984,,,60.90494,,35.67494,,,,51.83098,75.01012,42.53813,,15.31749,26.86988,45.59493,74.39125,,,,,,42.77352,69.33266,,17.66802,,74.39841,73.83041,,32.81504,73.47075,57.3585,45.65637,42.18608,69.63923,31.87588,,,2.753165,6.565497,,86.36963,83.05584,59.26349,,31.07706,44.40723,45.21631,84.40068,63.43825,,45.52469,62.35269,1.304911,84.96421,,23.75553,70.06517,,67.25762,,44.15343,6.957325
1996.0,46.68908,78.45448,,54.82761,79.14654,,77.53481,44.87261,3.771209,,,0.562024,54.16434,43.44765,,76.79908,89.08361,61.62151,81.66036,34.61886,24.68338,69.56343,61.654,82.05055,75.23474,24.89227,,73.29455,15.74277,8.7145,40.9824,51.30165,69.78947,52.95834,80.72631,,81.59792,76.83212,40.28972,,63.52313,40.73131,77.6579,96.00363,29.08915,63.49314,36.08311,21.58891,,70.46722,49.27041,66.8194,74.99097,26.30298,63.57692,100.8666,29.17559,34.88878,,,63.90229,,41.77679,,,,64.571,75.89628,50.23602,,18.91765,36.09961,50.65876,76.19277,,,,,,45.60451,71.75553,,22.86057,,75.87029,74.75329,,36.21538,74.37107,63.94557,49.43157,50.55026,71.7745,34.96709,54.58912,,3.823368,9.667642,,86.59672,84.20111,65.06455,,34.87099,46.98035,49.69773,84.79879,67.13603,,46.99668,64.74116,2.352153,87.57139,,30.48719,72.12275,,69.93257,,47.40318,9.967492
1997.0,62.15363,80.12658,,62.5558,80.17311,,78.7954,47.20164,42.89678,,,0.922138,56.71228,46.45398,,78.04404,89.54551,65.39692,83.93813,41.01521,27.95072,72.07756,66.9743,83.60889,76.88696,26.95814,,75.52947,19.40639,11.38852,42.74194,54.32074,71.16311,58.56075,81.69594,,82.57946,78.52866,43.1572,11.82521,67.03743,44.49352,79.41823,101.6008,34.96512,65.79739,42.6785,22.93271,,71.46095,50.15718,72.8336,76.50776,28.80871,65.50154,102.5998,34.29693,38.83145,,,66.73528,,46.22302,,43.46274,,70.31888,76.9315,54.51162,,21.16448,43.53503,53.57974,77.23944,,,,,,48.70158,73.64185,,25.31126,,77.47056,76.67215,,40.33558,75.3091,69.40183,52.1879,58.16344,73.45391,37.40009,58.74832,,9.740318,11.09913,,86.38078,85.90456,67.98494,,38.00919,49.86604,53.84389,85.24218,70.91569,,48.72982,67.11911,4.369104,88.36597,49.81869,36.52747,73.80867,,71.99164,,51.47391,12.39363
1998.0,74.92869,81.3352,,67.84833,80.95813,,79.5443,51.11158,50.53335,,,1.59779,61.06232,47.93416,,78.80685,89.56238,68.73579,83.28765,48.66463,31.21028,73.68601,74.14043,84.39757,78.28638,28.26277,,76.84218,23.44399,15.508,44.55034,56.7583,72.46905,63.35988,82.83022,,83.11541,79.96316,44.67044,13.08427,70.23126,47.43989,80.71529,104.4732,39.74031,70.16088,48.70243,36.3594,,73.23047,51.00859,76.79249,78.03359,31.27148,67.52651,103.2738,36.7773,40.93045,,,71.74497,,49.80763,,42.99611,,73.89025,77.67134,57.00799,,22.80163,50.46422,55.90857,77.67877,,,,,,52.02214,77.54024,,27.30271,,78.99105,78.40826,,42.84462,75.78386,74.43584,57.07851,64.95456,75.34602,41.71368,62.02067,,15.48841,14.17331,,86.02291,85.6718,69.71615,,40.59633,53.1871,58.12023,85.13092,76.55947,,51.47198,69.21296,8.061013,89.85499,49.26639,40.47059,74.9505,,73.5559,,55.01666,15.44523
1999.0,75.21394,82.38829,,68.45781,81.43116,,80.44043,54.30694,51.8247,,,6.305503,62.37904,50.26241,41.99796,80.18854,90.28581,71.02692,82.12266,53.95743,34.34542,74.97004,75.74195,84.83466,80.21849,30.09542,,76.82031,31.66563,23.6044,45.84555,59.4607,74.14352,65.45883,83.84559,,83.56632,81.35291,53.23356,13.72888,72.08622,49.91253,81.81644,100.3179,44.39147,72.97319,53.57165,43.76164,,74.36367,52.65247,80.79074,79.30661,33.16151,67.92475,102.9062,39.84654,43.30044,,,72.32659,,53.90097,,45.88454,,74.43623,78.46915,58.39688,,31.76413,58.82373,58.64507,76.70678,,,,,,55.59813,79.64453,,29.10433,,80.69495,80.26316,,44.62201,76.75018,77.01975,60.60704,69.65536,77.11429,44.54631,65.45527,,22.59091,26.35061,,84.20012,85.69163,70.072,,42.99837,58.81335,61.68147,85.52103,76.74036,,53.20513,71.07534,13.28409,90.01539,52.10042,42.75903,76.59426,,75.09008,,57.87673,19.57644
2000.0,75.29544,84.0553,,67.95179,83.32327,51.22316,82.48719,55.59673,57.1652,,,16.87207,65.25238,53.80936,45.61672,82.35463,91.6953,73.75316,82.41526,58.93147,38.10936,78.1219,78.59211,86.06994,82.58397,32.43122,,77.41907,38.09076,46.27517,47.06745,62.1833,76.68791,68.08923,86.67216,,84.96953,82.31495,55.35926,19.28626,74.36172,52.89527,83.56147,96.58265,49.29845,76.32688,58.83101,45.38225,,78.53905,55.35013,81.70778,81.28386,35.82474,68.38847,102.1971,45.19986,47.61591,,,73.96177,49.3579,58.22273,,46.87994,,75.17214,80.94357,59.93101,,41.64156,64.40384,61.26659,81.79537,,,,,,57.96083,80.90208,,31.10945,,82.59877,82.73026,,46.56955,77.88456,79.91727,64.58601,76.66237,79.31672,48.54255,67.29241,,32.89836,31.82681,,83.33333,86.8472,71.66253,,45.73846,65.8685,67.19185,86.37799,78.03991,29.04135,55.10446,73.16919,20.57462,91.14097,53.86053,44.79858,79.17295,,77.05891,,60.96883,24.6797
2001.0,77.5978,85.76853,,70.10819,85.52738,51.65808,84.52303,56.67831,61.42386,,,27.13796,66.29792,57.49679,48.57288,84.44157,92.60355,76.38245,83.00048,63.62151,42.3999,79.66016,82.2747,87.83732,84.53413,35.3187,,78.58149,45.5315,63.59988,48.14272,65.33634,79.43969,72.00115,88.88584,,86.35679,83.60508,57.96114,27.23283,76.87544,56.74842,85.32183,95.06131,54.04651,79.21216,64.22538,50.58634,58.67718,82.32218,58.8874,82.62238,83.58613,38.24456,69.61275,101.4968,49.10778,50.37124,,,76.97133,53.17819,62.10925,,45.69169,,76.20393,83.10512,61.41975,,45.63404,68.50423,64.44878,86.05503,,,,,,61.08983,82.04225,59.00116,36.96957,,86.02858,85.21564,75.28986,48.237,78.14004,81.49774,68.07164,80.87417,82.78486,52.1039,68.11866,,44.22481,38.66247,57.74303,82.40065,87.7282,74.34459,,50.0035,70.5403,72.81992,88.48645,79.29377,40.23716,58.19088,74.61069,31.75979,91.14004,54.90516,46.75977,81.40296,50.6284,79.20818,,64.44464,29.9216
2002.0,81.63203,86.96094,,70.83599,87.06723,53.09281,85.91268,58.58388,65.02497,,,38.71233,66.91365,62.35871,52.47197,86.35579,93.19717,78.28128,82.38916,67.66124,46.28494,81.88666,83.82193,89.00608,86.5836,37.162,,78.83348,52.73214,71.50139,49.43793,68.19171,81.90458,74.56274,90.25796,,88.01867,84.85643,61.2078,29.77013,79.66566,61.36025,86.55282,92.14351,58.21318,80.53544,67.61963,56.60828,61.75162,86.13145,61.93676,87.31929,85.64464,40.96506,70.88879,100.5777,52.03426,51.37531,,,79.10078,58.82245,66.19694,,45.72975,,76.41134,84.83326,62.60893,,48.02943,71.95505,67.37331,86.97756,83.8861,,,,,65.02767,83.54292,63.24042,41.73423,,88.85496,86.28472,75.08152,50.01832,79.09681,81.65664,69.94852,82.40957,85.76468,57.53409,72.00649,,54.17799,44.76253,60.50983,82.4929,87.38478,75.73155,,54.76839,72.89015,78.26432,90.3906,79.81359,45.15661,60.58879,76.65194,46.01174,90.96388,54.73919,53.28632,82.70188,51.55684,80.92606,90.08028,70.34922,36.59368
2003.0,83.55746,88.45474,,74.16245,88.2347,54.22413,87.27869,61.86393,66.5784,,,49.74215,69.15059,71.52562,57.28848,88.73057,93.78982,80.48143,83.31702,72.47879,50.65658,85.27564,83.92146,89.91828,88.38931,47.37652,,80.10128,59.10279,77.15962,51.73509,71.84957,84.3952,75.55975,91.07208,,89.86305,86.02676,64.13731,40.11137,82.47299,64.79422,88.06624,89.77066,62.67442,81.96051,70.77367,60.45599,64.41141,89.15621,63.21387,87.90655,87.95594,45.13173,72.55356,100.3064,55.35332,56.42231,59.19614,59.81953,81.88029,67.93902,72.70411,,50.66096,,75.54977,86.57428,64.46078,,53.62953,75.22941,71.1803,87.7323,84.87716,,,,,67.55002,84.38129,67.80875,47.58148,,90.71476,88.44115,75.24457,51.45804,80.22983,83.5023,71.51437,83.06857,88.52599,65.71462,75.16506,,62.51098,50.87292,63.09612,82.88727,87.81036,77.33697,,59.85108,79.11922,82.59951,92.13132,81.25881,52.49775,62.87987,78.74579,57.64952,90.70613,59.51046,63.62463,84.60237,53.22124,83.10599,90.625,74.3441,44.3908
2004.0,85.97188,90.09658,,79.24871,90.09662,57.86081,89.10823,66.55198,70.66778,,,58.81582,72.2198,76.23626,61.2895,90.37853,94.54109,81.32879,86.50851,76.75963,56.8913,87.22137,86.22874,91.47662,89.40051,71.6733,,83.26258,64.11191,79.28404,57.55132,75.51016,86.96004,77.86269,91.23674,,91.78803,87.21802,67.75093,47.3228,84.85727,69.69705,89.73549,89.44142,67.75581,83.64051,75.53928,64.11621,66.90939,91.12622,65.20159,87.53252,89.8429,51.23139,74.4655,100.2976,59.22555,63.08584,61.61844,62.98205,84.81791,75.06464,77.01197,,52.44628,,76.43619,88.4975,68.41866,,60.31083,78.76098,74.9668,87.33903,87.24176,,,,,70.72158,85.6053,70.63492,54.74536,,91.86017,88.85234,75.70652,55.27983,80.38785,86.55812,74.93565,86.04075,90.62019,68.54725,77.41626,,69.9265,56.4109,65.84155,83.12956,89.28007,80.77541,,63.26724,85.08038,85.56423,92.47449,83.54564,56.24006,65.23029,81.61827,62.60135,92.15899,61.69874,69.4575,86.8592,57.34828,85.38781,89.66934,73.82652,52.36399
2005.0,87.94825,91.99486,,79.63403,92.11957,63.38167,91.5885,71.22944,74.22077,,85.1609,64.91679,76.11898,81.46747,66.57747,92.3791,95.64978,83.81151,88.04878,80.63477,64.74026,89.45557,87.84835,92.80692,91.02564,74.65312,81.25818,85.5926,69.56162,81.02968,60.28837,78.97285,89.8909,81.04796,92.01427,,93.3879,89.03865,73.33298,54.63024,87.86066,76.04275,91.64037,90.23615,73.72093,86.41408,78.23333,70.82264,69.41748,93.32287,67.81083,88.68874,91.63958,58.96334,77.03448,100.0263,63.61527,69.33427,64.30868,67.78666,87.15292,80.44602,81.2705,,57.26274,71.74797,78.48151,90.70138,73.05737,,67.39628,81.90369,78.55289,87.80335,89.86227,,,80.23587,,74.21243,88.20423,72.2319,64.5031,,93.41367,90.22295,77.17391,60.28742,82.66745,87.9542,79.92278,87.86359,92.68615,73.2252,81.50925,,76.22183,63.55916,68.70172,83.59996,89.69972,84.56058,,68.723,87.39116,87.66495,92.89027,87.28055,60.22696,69.7056,83.24916,67.72691,94.28034,67.00558,72.72078,89.78273,62.09805,87.78277,88.43654,75.3391,61.94904
2006.0,90.07742,94.01046,,81.99041,93.42794,68.59938,93.23172,76.04983,79.60574,,90.3113,69.43396,77.89622,84.87747,74.23547,94.22855,96.66712,86.6629,89.49767,84.10419,72.16482,91.69406,90.06515,94.27974,92.75912,80.29668,82.93939,88.11597,74.78766,83.71658,64.93157,82.41092,93.05259,84.6417,93.45042,,94.95677,91.22915,80.08667,61.03522,90.66764,81.02958,93.66424,92.05268,77.83333,89.16604,81.31358,80.09839,73.63471,97.00139,72.3364,90.55535,93.58072,63.98912,81.83547,100.2714,69.0935,73.51347,67.86174,71.96036,89.10756,85.7229,84.59683,,62.6529,76.10378,81.42634,93.11598,77.86855,,76.08348,84.87953,82.09395,90.61695,92.35343,,65.74279,82.68678,,80.84291,91.39839,75.81301,69.84445,,94.44444,92.31542,79.88225,65.06466,84.70162,89.71222,84.28786,88.85225,95.56761,80.21862,84.64264,,81.25004,69.69925,73.00469,85.18856,90.55884,87.9717,,72.82995,91.30386,89.82363,94.15502,91.402,66.24058,75.49858,86.65825,74.2478,94.85147,71.83961,77.36449,92.67561,66.68931,90.25253,89.00038,77.79166,67.56462
2007.0,92.64466,95.95944,,85.59721,95.49114,79.96367,94.93402,82.98574,86.30563,92.85015,91.73662,75.19317,84.67733,87.9743,79.52345,96.25072,97.37733,90.48765,93.80955,88.7664,78.92281,93.87434,92.66196,96.45572,94.35717,85.25714,86.2,92.29653,80.52717,85.63273,71.01662,86.78383,95.64586,90.22946,95.75558,,96.37238,93.41702,87.47903,67.61301,93.29093,86.56291,95.68576,93.93733,83.24419,91.75224,87.80143,85.16407,78.03398,101.7695,76.00466,91.024,95.27808,69.93127,85.69422,100.3064,76.55246,76.63847,74.84459,77.47597,91.37063,89.71558,88.01765,92.14027,69.7831,82.20118,86.106,95.27293,85.72077,,85.32588,88.24844,86.506,92.6642,93.51014,,72.13599,87.21867,80.92288,88.00553,93.26794,80.79752,73.63028,,95.96952,93.00073,84.51993,70.0055,88.24604,91.30815,86.74389,90.97855,97.91503,86.7889,86.21867,,85.18173,75.98339,77.6013,89.42518,92.47017,92.00679,80.74299,77.44911,93.81558,93.1147,96.24221,93.38703,74.94728,81.434,89.64646,80.76066,96.55745,76.21478,83.63984,95.33591,72.23166,92.9775,92.88035,82.59563,74.7538
2008.0,95.74165,99.06957,98.37605,93.43189,98.55072,96.59369,99.19475,90.39276,96.96281,96.11397,98.83701,86.27194,96.53975,92.97657,89.55148,98.52476,99.74176,98.38128,99.35278,94.98076,89.52362,98.26656,98.50706,98.99278,97.58938,94.35171,89.97576,98.36694,89.56848,92.8296,84.06647,93.62412,99.54459,99.58714,99.69813,94.76135,99.0849,96.69104,96.2265,78.80184,97.16805,96.39541,98.91879,97.99046,92.72868,97.33002,93.11731,93.56913,84.69862,105.8752,85.64327,95.2088,98.47418,85.30928,97.66553,101.7157,89.68594,88.21585,93.20472,96.80385,95.64203,96.54924,93.48984,96.99718,87.01199,91.0141,95.5065,98.51112,98.91068,,96.32764,92.77511,93.39128,100.3701,97.49674,98.55876,92.25795,94.46806,92.6607,96.5198,98.33166,88.13395,82.15102,,98.35479,96.49123,95.00906,83.82938,95.94271,96.59411,93.85457,94.93544,100.4488,95.61589,94.76276,,91.86554,86.70587,84.95391,94.9047,98.59494,98.68421,90.74425,86.72843,98.14691,98.37631,99.59278,98.50051,90.31926,91.26306,94.04461,89.2092,99.97311,85.38354,90.22631,98.97293,88.93229,97.29224,101.5386,90.90517,84.05679
2009.0,97.91157,99.10231,99.92003,96.75184,99.05395,97.8806,99.14022,95.31548,99.62666,98.80553,98.6184,97.34459,99.76469,97.52403,96.78899,98.8342,99.2634,99.85551,98.63051,98.96369,96.54824,98.59613,99.52045,99.31585,98.84435,95.74513,98.4,98.44651,96.6991,97.61525,94.03715,97.36321,99.25874,99.50564,99.67069,97.82693,99.17083,98.61082,97.86905,93.95436,98.34645,98.19424,99.09486,98.54678,97.82558,99.63968,97.0477,98.06608,92.95105,101.1506,95.93485,98.37329,99.25063,93.48511,96.94828,100.3501,96.23483,97.4953,99.53912,96.20534,98.28108,96.69576,97.82535,98.17614,95.29169,97.8538,99.73926,98.87367,102.3784,100.4691,96.26503,97.68822,97.18452,99.62488,99.53471,99.46415,99.27938,98.66499,96.1438,98.99957,98.91851,96.45761,92.47338,98.64885,99.52405,98.61111,98.30616,94.02649,98.25148,99.42918,97.83355,98.56251,99.60673,98.10766,97.37951,102.7501,96.99341,96.79043,93.18636,98.95985,99.18104,99.22046,98.12358,95.29769,99.73766,99.20554,99.28135,97.64938,97.04332,97.70893,97.39057,94.78496,99.109,96.49093,96.60537,98.65586,94.9148,98.53255,99.09213,97.46713,95.30149
2010.0,101.4568,100.4553,100.8035,104.6693,100.8454,103.4453,101.3069,103.0895,102.0608,100.743,100.7433,104.803,102.2551,102.4386,103.5168,100.5901,99.94622,101.261,101.7633,101.2079,102.0186,100.9921,100.9953,100.5036,101.1466,101.8102,102.5394,101.8493,102.9001,101.0817,104.4477,102.2669,101.0424,102.4713,100.8965,101.4358,100.6874,101.065,104.8394,104.0213,102.9772,101.9876,100.5182,100.8174,102.4302,100.6621,101.756,103.1129,102.5789,100.2179,101.1108,101.0284,100.7494,105.2549,101.6679,99.60609,103.0692,101.474,107.492,100.0672,101.1687,102.479,102.0729,102.0859,102.1673,101.2817,101.0412,101.1199,101.28,101.4717,103.3467,101.747,102.3281,101.1156,101.045,99.85218,107.5018,102.1452,108.1241,101.9264,100.6372,101.1808,105.1773,103.8102,100.7878,100.996,101.5127,106.1895,101.7251,100.9518,101.4908,101.2234,100.998,102.6681,101.0398,100.2463,102.9273,103.4145,102.9338,102.6277,101.9811,100.3923,104.1446,103.0405,100.6977,100.9879,100.5406,100.8683,103.7363,108.0128,101.5993,102.9039,100.0677,100.3473,103.0766,100.2704,103.6472,101.049,102.5516,101.4531,103.4014
2011.0,104.9205,102.9702,101.6926,112.4496,104.1163,111.4853,104.8815,113.6654,106.3653,100.4015,104.8706,160.5307,112.3628,109.2356,112.3089,103.5118,100.1743,104.6384,107.3946,104.6645,106.9913,104.3092,102.9225,102.6036,103.9184,110.411,108.4242,107.554,110.9264,105.6019,114.9804,108.6917,104.2712,107.572,104.3633,108.8378,102.8109,104.9425,113.7817,113.0706,106.4054,108.3273,103.0881,106.1535,109.3566,102.942,105.7366,108.6278,111.1145,102.7981,105.1412,104.5166,103.5572,113.1873,105.9091,99.33473,111.7059,115.7143,125.3698,105.5364,105.2405,110.237,107.5368,107.1443,126.4009,106.3793,105.2072,104.5679,105.6917,102.3823,111.2138,105.2105,109.0127,105.0489,103.7958,103.2705,116.8699,106.1953,120.1751,108.5568,103.8146,106.2427,116.5476,112.202,103.1437,102.2844,105.6159,118.8393,107.6528,104.3541,106.3278,105.4881,104.6819,111.1189,103.9447,102.1725,108.8843,112.1327,111.9593,106.4822,107.3286,105.5379,115.7443,112.4203,104.6327,102.8042,103.1794,104.7031,116.677,113.4972,104.8506,109.5638,101.489,119.0669,111.4261,103.4186,123.0002,104.8451,110.0631,106.5263,110.0655
2012.0,107.0701,104.8683,102.3691,115.2296,106.7029,112.6106,107.8562,121.1183,109.5071,103.1689,107.2665,256.0477,117.4339,115.1377,120.7569,105.0878,99.48007,107.777,110.1967,107.9867,111.7973,106.7942,106.2975,104.58,106.4012,114.4706,118.9394,110.6698,118.5135,110.9864,123.2405,114.1481,106.8187,111.8041,107.2631,112.534,104.8156,107.6371,112.7184,123.4282,108.0052,112.4212,105.056,110.445,115.0426,106.4543,111.7064,112.9574,121.521,104.5328,110.5994,106.2989,106.7172,120.9765,110.6984,99.29097,117.434,126.5508,128.8371,108.6396,107.5373,114.9257,112.6458,114.1979,147.6125,112.8142,108.4569,107.3487,108.0882,103.7068,116.3621,109.5363,114.6595,108.5217,106.3037,107.5758,133.0562,110.235,123.2958,112.7288,105.5416,113.3662,130.7676,120.2728,105.6739,102.9697,108.7228,130.3479,113.7972,108.1705,109.6632,109.4294,107.583,115.2445,106.8282,104.0724,112.5193,117.8469,122.292,109.5337,112.2486,107.361,124.2229,122.983,108.378,105.472,104.0938,107.8535,123.4754,124.0147,109.7222,119.3043,103.4453,135.7741,120.4508,105.5626,134.1542,107.9092,112.7963,112.6257,117.3168
2013.0,109.128,106.1992,103.4916,121.851,108.8567,115.3489,109.0577,130.2244,110.4804,106.5766,107.2578,302.9858,124.1706,122.2779,127.867,106.0737,99.26502,109.7052,113.027,110.1695,117.6399,106.3662,107.8266,106.1954,107.2409,119.9827,123.8242,114.014,125.6957,114.0066,134.9218,119.7824,108.3281,114.9162,108.8547,115.813,105.7227,110.1101,112.1488,131.9838,107.0162,117.3024,106.4523,115.2248,120.9767,108.8144,113.6162,120.1986,133.7075,105.0558,114.8918,107.9183,107.9812,132.2595,116.0455,99.60609,124.2684,133.8048,137.3473,111.8254,108.9361,122.2323,118.1729,120.5058,156.9109,118.3001,109.5994,109.2112,108.0428,105.6475,121.7583,113.7034,120.6275,111.545,107.7675,109.9316,147.099,114.6019,128.5591,116.7199,107.7632,119.7445,141.8597,128.8556,108.3223,105.1535,109.8641,140.3722,118.3842,111.2081,112.5054,110.7108,107.878,118.2887,108.6681,107.2974,117.0118,125.8186,134.1035,113.3942,114.8988,108.172,133.7882,131.5066,109.9018,107.34,104.046,110.2117,129.6947,130.4131,115.5513,128.2456,104.2622,143.2036,130.7845,107.1102,142.9942,110.6503,114.7936,119.143,125.5187
2014.0,110.8904,107.6454,105.9181,125.5041,110.6079,117.0007,109.4312,139.3165,108.9183,109.398,106.1473,357.8106,131.3259,130.0123,133.5117,108.0887,99.25298,114.8771,115.3472,113.3711,122.9547,104.9178,108.2067,107.1646,107.8458,123.59,128.6121,117.0094,133.8837,118.1025,148.4604,125.3378,108.1678,114.7849,109.989,116.4241,106.2586,111.7099,115.5973,152.4358,105.6197,121.3123,107.9375,120.3338,128.3876,108.5874,113.3666,127.8914,142.4049,105.2563,117.2299,108.4324,108.243,143.256,119.4121,102.3547,132.4411,143.0201,147.6956,116.1323,110.3238,127.2732,124.3667,121.8964,165.3415,124.655,109.7228,109.8968,108.7418,106.135,127.9551,118.2736,126.561,111.2409,108.1063,109.1648,166.1678,118.773,131.8343,120.4555,111.1502,126.1324,153.2695,136.6372,109.3825,107.3099,110.9873,150.4764,121.5103,114.8196,116.538,110.9065,107.5816,124.236,110.5482,110.8577,118.2658,135.6737,142.9506,115.9215,116.0777,109.41,136.5934,140.9126,109.8292,107.5567,103.8586,112.2986,137.5095,137.8324,120.907,139.5911,105.5083,149.357,142.3949,108.8405,148.838,113.4431,115.2714,126.4427,135.3348
2015.0,112.989,107.9799,110.2283,130.1381,111.6043,121.7162,110.0465,147.9356,108.812,111.4214,104.9143,406.0293,136.6608,141.7438,137.6019,109.2904,98.11931,119.8732,117.1214,119.0291,123.9346,102.7196,108.5414,107.8202,108.3514,124.6342,134.2727,119.2617,146.5277,122.7884,163.8074,131.5868,107.6296,114.2134,109.7329,118.0442,106.2994,112.1314,120.2462,178.5467,103.7868,124.2093,108.3381,123.9101,132.4496,108.0847,113.2991,136.0235,149.4033,104.9425,119.1397,107.7494,108.2882,148.5109,118.3684,103.1775,141.3812,152.4467,157.2937,117.5488,111.103,128.9,132.2903,117.2813,176.3942,128.6692,108.7644,110.4194,108.9143,107.7907,140.3628,121.489,133.3274,110.9212,109.2937,110.8647,177.4575,123.02,136.522,122.0413,113.4977,130.4394,167.0785,142.0878,110.0418,109.6491,111.0598,154.3126,121.6777,118.8939,117.3531,109.9033,108.1097,128.1147,112.1279,114.1609,117.5557,156.7185,149.7593,117.3104,115.4709,108.6122,138.5014,150.9314,109.4831,106.9932,103.8097,111.2895,145.0252,144.2545,126.2521,150.2781,105.1875,154.8759,154.729,108.9723,149.799,115.7158,114.6693,132.1762,149.0208
2016.0,114.4458,108.7655,112.0131,128.2854,112.6107,136.851,112.2242,156.0714,107.9486,114.5264,103.2879,453.9516,141.6137,154.1195,141.4883,110.852,97.69318,124.4156,119.608,127.9652,123.9124,101.2541,109.2924,108.3143,108.6222,126.6598,142.0485,121.8697,155.6309,124.9117,186.4125,137.9434,107.4139,114.3828,110.1537,122.6232,106.4978,113.2395,122.7869,209.661,102.9318,129.7365,109.1643,126.9187,136.0504,106.8731,113.7599,140.8199,156.7961,104.9512,121.1595,107.1656,108.2069,151.9759,117.4515,103.0637,161.9736,162.0974,157.9153,121.1008,112.1821,130.9642,140.8086,116.314,189.6307,137.1555,109.7557,110.7443,109.0777,109.5383,149.3065,124.915,140.2147,110.6644,110.0019,110.5876,178.8064,128.4083,160.3467,123.1907,115.8535,139.1889,193.2897,147.0905,110.3931,113.5417,112.3007,160.3659,122.5772,123.1636,118.8009,109.1964,108.771,133.3686,111.8873,116.8269,115.7331,167.738,157.075,119.7334,114.8453,109.2701,140.0493,167.4579,108.925,106.9379,104.8293,111.4989,153.7682,148.7061,130.8081,161.9545,106.658,162.8828,169.628,110.3534,153.8086,118.327,115.0325,140.8606,175.639
2017.0,116.6972,110.5424,114.2091,129.4951,114.9457,154.4045,114.609,164.9693,110.1787,116.1104,104.1186,481.295,145.6132,159.4368,146.1009,112.6367,98.215,127.1319,121.4267,133.4805,125.9265,101.7959,111.9888,109.8822,109.8592,130.8081,150.4364,124.1853,164.1658,125.4318,241.3978,143.6496,109.5216,118.2859,110.9769,126.7268,107.5981,116.1608,130.1898,235.547,104.0844,135.4751,110.9256,128.8034,141.4031,108.0793,116.4375,146.1812,162.0044,105.3173,123.3018,107.4282,109.5341,158.7056,121.3578,103.5539,174.0542,175.0063,162.9314,124.6277,114.3638,132.047,146.3609,121.4732,207.7614,143.2511,113.8422,112.6656,112.264,110.3477,159.1298,132.462,146.374,112.1649,111.5001,113.2114,186.4745,137.2103,184.5152,127.7352,120.2549,147.7352,225.1882,152.7589,111.9218,115.6615,114.0761,168.4284,123.6559,126.6111,122.19,111.388,110.2637,138.1523,112.126,117.1319,117.2981,173.909,162.7564,118.7277,115.5055,110.3823,144.4213,185.5557,110.3427,108.468,106.7111,112.2444,164.8958,151.5195,137.7841,180.0217,107.3227,171.9609,180.1715,112.7055,159.2207,121.3915,116.7336,148.1587,187.1881
2018.0,119.0505,112.6428,117.7073,132.7394,117.2403,157.9881,116.963,174.0984,113.2805,118.5373,105.6051,504.7427,148.9228,165.2967,150.8155,115.1986,99.13286,130.0779,123.7643,137.8043,128.7217,103.2503,114.3865,111.8301,110.7349,135.4667,155.7273,126.8591,174.5413,125.1531,276.1975,149.6785,111.356,122.3452,112.2027,131.8879,109.5877,118.8131,133.6016,253.9253,104.7369,140.5503,113.068,131.9142,147.5543,109.7044,119.7406,150.9915,168.4061,105.8229,126.6033,108.2923,110.7981,164.6478,126.7693,104.5606,184.5111,183.2159,165.418,127.6906,116.053,134.7113,151.8257,128.819,225.848,150.0545,116.907,114.391,115.1144,112.1321,163.9652,138.9489,152.7179,113.7991,112.7889,116.1493,199.187,144.6942,191.7479,131.8114,121.4286,154.065,252.4491,160.3146,113.8274,118.8688,115.0815,177.3821,124.5996,128.2746,128.7001,113.3954,111.3612,143.6295,111.9116,117.2648,122.7318,178.943,169.5476,121.6474,116.025,111.5798,147.2454,201.2278,113.1,110.352,108.7941,113.4421,171.2119,153.0627,147.8535,209.5054,108.7756,176.3305,193.8698,115.4544,164.8565,124.7793,117.9377,154.8441,201.235
2019.0,120.762,114.2045,115.4238,134.6541,119.062,162.2854,118.6398,183.8221,116.7952,119.7317,106.1647,533.0344,151.6679,171.4758,155.0204,117.4295,99.4906,133.0037,127.3561,142.6578,131.418,103.5122,117.6529,113.4074,111.6017,137.9209,159.4061,130.3161,186.8637,125.4865,301.5885,156.0487,112.1371,125.1415,113.3461,134.1967,110.804,120.883,140.0678,272.1664,105.0036,145.745,114.5929,135.7289,153.9884,110.5529,123.7456,155.2469,174.6764,106.8079,130.4078,109.2026,111.4662,171.0481,127.7232,105.0683,194.2541,193.9458,167.3258,130.1733,116.4993,139.1392,157.149,132.5373,247.9255,157.8304,119.6327,116.3878,118.337,112.3988,171.9076,143.999,159.6833,114.6663,114.6445,116.565,213.7657,147.5834,197.0752,132.4393,122.225,159.7755,281.2478,168.9397,116.8226,121.4273,115.2446,194.0016,124.1603,131.0105,131.7675,115.8759,111.7392,147.6258,113.6536,116.221,127.4262,186.9511,176.9518,119.1008,116.6808,111.66,149.9558,217.7699,116.1308,112.1478,110.7383,114.2465,184.5347,154.594,157.7652,241.3604,109.381,180.0837,209.1468,117.5475,169.4591,127.9167,121.0914,161.2187,219.6744
2020.0,122.7078,115.0044,113.0292,136.6205,120.7729,166.8849,119.5178,194.2709,118.7444,116.9493,105.0455,562.5699,153.0977,176.9823,157.9766,118.2642,98.76856,137.0514,130.5236,146.2593,132.3779,102.8531,121.3717,114.0251,112.0621,143.1513,162.7515,133.202,198.2671,125.0611,316.8377,162.8431,111.7773,124.5876,113.6572,130.7237,111.3311,122.0947,147.3588,299.2758,103.6962,150.4252,115.4828,136.0695,159.345,110.7268,127.8518,158.3988,186.2257,106.4418,134.1212,108.5608,111.3037,180.7703,128.1478,105.0245,207.3876,204.3014,177.8992,134.0009,117.1278,146.212,162.0747,243.6618,280.3794,165.6872,121.062,117.3458,118.573,113.0979,178.3612,148.8925,166.8686,116.0301,115.3769,116.2879,221.711,153.4488,203.4858,135.7705,120.8417,163.3178,318.5141,175.1561,118.3082,122.9898,114.2029,212.3816,122.239,133.4043,134.9099,119.7667,111.7269,150.2351,112.846,113.2237,130.7925,193.291,189.0515,123.2076,116.459,111.2446,152.3187,238.2603,118.3523,112.0898,111.2899,113.2802,200.3881,155.4962,166.6772,271.0805,109.1159,185.0446,229.5492,119.0183,174.9052,130.681,121.3398,166.399,254.2499
2021.0,125.2445,118.4045,112.9069,146.8317,124.0942,178.0302,122.4343,205.0498,122.6653,116.2362,107.1529,615.7725,154.2267,191.6794,168.5143,122.2942,99.34307,143.2514,131.6364,151.3806,134.6676,105.3587,126.0405,117.5219,114.1387,154.9593,173.5212,134.6918,219.0844,125.2297,333.3578,172.9876,115.2284,130.3857,116.191,130.9371,113.1595,125.1546,161.4926,329.1475,104.9577,156.842,118.9357,138.1926,166.4729,113.5517,134.3687,160.8699,195.7727,108.9609,140.102,110.1776,113.3893,191.366,129.8739,104.7794,223.9829,216.781,199.0943,137.9166,120.0568,151.6936,173.0834,618.8835,330.7954,175.7109,126.7326,120.3107,122.4582,114.6707,187.4895,157.3689,177.5272,119.7768,117.1003,119.078,238.0636,167.3947,216.5348,141.2516,123.8179,169.2412,372.4962,183.7974,121.473,127.2844,115.9601,232.5467,124.2339,138.7141,140.2188,125.9294,113.1402,157.4165,114.2457,115.8321,137.3977,206.2417,199.6265,126.987,119.1524,115.1059,158.5292,268.0394,122.092,114.2369,113.6993,114.6778,218.2699,158.7013,176.189,324.2881,111.2604,189.1325,247.3428,124.5914,178.1066,136.2912,125.4014,174.0779,310.1739
2022.0,133.6593,126.6212,118.3574,159.7435,134.7222,202.6214,134.1849,220.8395,141.481,120.4608,122.1931,709.3604,156.9188,209.4568,188.9908,130.6203,102.159,159.9335,134.1089,166.7977,145.8072,114.1971,145.0597,125.6271,122.9054,168.6106,190.303,138.1104,291.5994,129.5706,379.6432,196.7889,124.8914,155.6615,124.4694,136.6511,119.0682,135.0678,180.7044,434.2824,115.074,167.6358,127.2939,140.7925,181.6163,125.781,154.0034,167.6443,208.8997,117.4686,151.7375,115.0167,122.6977,211.2113,135.3668,107.4055,257.5482,233.3803,226.8274,145.2846,126.1649,186.3176,188.4932,1682.981,410.4434,190.2495,151.6994,127.9253,143.6365,122.3142,241.3896,169.7989,202.5942,136.7762,124.3011,134.6175,274.1131,203.8613,238.8311,156.4815,128.0013,179.5296,442.6785,203.0413,133.6167,134.6217,119.2391,278.6961,127.7815,149.643,148.3805,144.0896,121.9909,172.8021,118.5141,121.6225,156.3611,234.5843,215.8822,130.1277,126.4452,123.3871,177.5398,310.5533,137.687,124.3152,123.2079,121.6431,232.6385,167.9368,190.8354,559.0574,114.5333,202.728,269.87,134.5419,183.7268,149.6148,139.9274,186.3362,344.2442
2023.0,139.4988,131.9598,,162.7234,144.7826,220.5669,139.3696,240.0529,154.1383,120.322,129.2876,737.2212,160.6574,218.3872,197.4346,135.1084,104.2629,171.4959,134.6051,185.1829,146.6364,118.1448,160.1303,132.8392,126.9339,175.781,206.8606,139.6196,361.1078,132.259,499.5308,223.8829,129.079,169.5813,131.8453,138.6108,124.6604,143.7344,184.7222,588.0221,118.7583,177.4808,132.8276,143.2183,192.8977,135.0208,180.1394,173.3746,219.6602,124.5502,164.1316,119.4632,129.5666,222.6995,137.9655,110.4692,292.848,249.9286,250.0772,147.5194,130.3801,240.2379,197.9289,4942.953,,200.2467,165.4688,132.3984,156.7647,129.5193,273.1397,178.464,231.4612,149.2263,130.2798,145.0973,300.8204,307.5708,254.7458,167.0498,130.9747,189.1754,532.4143,219.2766,138.6046,141.5461,120.3019,358.5692,129.3812,158.812,156.7954,160.0837,127.1039,180.4372,122.8402,124.7632,171.6785,246.4027,233.0675,132.9603,131.956,128.2592,198.7111,359.6109,151.7824,133.334,133.0171,123.2149,237.5959,175.5777,207.3485,819.2823,117.1162,212.9322,284.4414,139.5808,188.9657,161.5376,146.3532,196.141,377.7063
