Unnamed: 0,Afghanistan,Angola,Albania,United Arab Emirates,Argentina,Armenia,Antigua and Barbuda,Australia,Austria,Azerbaijan,Burundi,Belgium,Benin,Burkina Faso,Bangladesh,Bulgaria,Bahrain,"Bahamas, The",Bosnia and Herzegovina,Belarus,Belize,Bolivia,Brazil,Barbados,Brunei Darussalam,Bhutan,Botswana,Central African Republic,Canada,Switzerland,Chile,China,Cote d'Ivoire,Cameroon,"Congo, Dem. Rep.","Congo, Rep.",Colombia,Comoros,Cabo Verde,Costa Rica,Cyprus,Czech Republic,Germany,Djibouti,Dominica,Denmark,Dominican Republic,Algeria,Ecuador,"Egypt, Arab Rep.",Eritrea,Spain,Estonia,Ethiopia,Finland,Fiji,France,"Micronesia, Fed. Sts.",Gabon,United Kingdom,Georgia,Ghana,Guinea,"Gambia, The",Guinea-Bissau,Equatorial Guinea,Greece,Grenada,Guatemala,Guyana,"Hong Kong SAR, China",Honduras,Croatia,Haiti,Hungary,Indonesia,India,Ireland,"Iran, Islamic Rep.",Iraq,Iceland,Israel,Italy,Jamaica,Jordan,Japan,Kazakhstan,Kenya,Kyrgyz Republic,Cambodia,Kiribati,St. Kitts and Nevis,"Korea, Rep.",Kuwait,"Lao, PDR",Lebanon,Liberia,Libya,St. Lucia,Sri Lanka,Lesotho,Lithuania,Luxembourg,Latvia,Morocco,"Moldova, Rep.",Madagascar,Maldives,Mexico,North Macedonia,Mali,Malta,Myanmar,Montenegro,Mongolia,Mozambique,Mauritania,Mauritius,Malawi,Malaysia,Namibia,Niger,Nigeria,Nicaragua,Netherlands,Norway,Nepal,New Zealand,Oman,Pakistan,Panama,Peru,Philippines,Palau,Papua New Guinea,Poland,Portugal,Paraguay,West Bank and Gaza,Qatar,Romania,Russian Federation,Rwanda,Saudi Arabia,Sudan,Senegal,Singapore,Solomon Islands,Sierra Leone,El Salvador,San Marino,Somalia,Serbia,Sao Tome and Principe,Suriname,Slovakia,Slovenia,Sweden,Eswatini,Seychelles,Syrian Arab Republic,Chad,Togo,Thailand,Tajikistan,Turkmenistan,Tonga,Trinidad and Tobago,Tunisia,Turkey,"Taiwan, China","Tanzania, United Rep.",Uganda,Ukraine,Uruguay,United States,Uzbekistan,St. Vincent and the Grenadines,"Venezuela, RB",Viet Nam,Vanuatu,Samoa,Kosovo,"Yemen, Rep.",South Africa,Zambia,Zimbabwe
,,,,,,,,,,,,,,,,,,,,,,,,,,,,,,,,,,,,,,,,,,,,,,,,,,,,,,,,,,,,,,,,,,,,,,,,,,,,,,,,,,,,,,,,,,,,,,,,,,,,,,,,,,,,,,,,,,,,,,,,,,,,,,,,,,,,,,,,,,,,,,,,,,,,,,,,,,,,,,,,,,,,,,,,,,,,,,,,,,,,,,,,,,,
1994.0,38.81833,122750.8,104.3122,3.674759,0.998998,288.6508,2.699279,1.36714,11.40925,0.280149,255.5025,33.42191,555.2058,555.2058,39.89553,0.054118,0.377054,1.0,,0.000742,2.0,4.615343,0.638295,2.005191,1.531239,31.40005,2.671815,545.2111,1.365952,1.367048,420.1979,8.610021,545.2111,555.2058,0.02568,0.02,826.3513,416.1147,81.89083,156.233,0.492191,28.71848,1.622104,177.721,2.7,6.354598,13.08502,35.04934,2182.617,3.379747,5.469819,133.9004,13.2049,5.228127,5.215877,1.463454,5.546376,1.0,555.2058,0.653048,1.992326,0.090295,979.3812,9.223194,555.2045,555.2058,242.242,2.7,5.743894,138.2903,7.728617,8.211938,5.878633,14.32288,105.1999,2158.766,31.40005,0.66808,1747.971,2002.387,69.96612,2.988876,1611.641,32.82138,0.699255,102.1998,34.66547,55.92481,10.9269,2545.25,1.367751,2.7,801.4042,0.298336,717.6667,1680.08,46.4387,0.348368,2.7,49.17101,3.548696,3.97775,33.42191,0.565527,9.154454,4.145382,545.079,11.53653,3.384736,,555.2058,0.371179,5.974913,,400.6506,5.823518,122.1226,17.9946,7.913109,2.6237,3.548696,555.2058,21.9947,6.691447,1.818785,7.054266,48.29052,1.685766,0.38502,30.54292,1.0,2.196081,26.31892,,1.071786,2.273268,165.9548,1867.659,1.0,3.642349,0.165208,2.194338,141.5105,3.752298,0.288265,555.2058,1.527152,3.25368,575.3561,8.722047,1612.446,8007.394,,0.732667,0.223758,32.09928,131.85,7.708281,3.548696,5.042479,11.225,555.2058,555.2058,25.15926,0.024494,19.19833,1.368041,5.675673,1.017176,0.029904,26.43539,512.4533,942.3165,0.364408,5.054092,1.0,52.00397,2.7,0.146398,10945.17,115.0205,2.531326,,30.28067,3.548696,0.67157,
1995.0,36.5675,516812.7,101.889,3.672901,1.000783,405.9083,2.699899,1.349536,10.07466,0.994181,246.7279,29.46281,499.15,499.15,39.94192,0.067182,0.377,1.0,,0.001183,2.0,4.806645,0.916864,2.010338,1.417568,32.41393,2.766063,498.4525,1.372213,1.181657,396.8102,8.351316,498.4525,499.15,0.16879,0.070833,912.5887,374.1015,76.85333,179.6784,0.45242,26.45389,1.432661,177.721,2.7,5.602943,13.72334,47.18998,2559.612,3.394015,6.163765,124.6673,11.48648,5.885337,4.365666,1.406098,4.986499,1.0,499.15,0.633476,1.522812,0.119595,-193765.9,9.49404,499.1483,499.15,231.3955,2.7,5.786688,141.9892,7.73472,9.322604,5.126649,18.86113,125.6555,2243.652,32.41393,0.623219,2492.591,2002.387,64.70233,3.008456,1627.721,34.94191,0.700057,94.05987,61.00108,51.3327,10.81717,2450.833,1.349032,2.7,768.6489,0.298617,804.6908,1620.912,49.83833,0.418145,2.7,50.83521,3.625699,3.999968,29.46281,0.535146,8.497783,4.495744,787.5556,11.72,6.411974,,499.15,0.34676,5.667042,,431.7981,8.764123,128.5093,17.72905,15.16608,2.506637,3.625699,499.15,21.97692,7.516208,1.604045,6.335676,50.50358,1.52379,0.385082,31.62023,1.0,2.252892,25.67634,,1.279573,2.41369,149.9034,1876.751,1.0,3.640729,0.203321,4.558777,202.5231,3.750883,0.578165,499.15,1.416833,3.25946,740.8527,8.722531,1628.934,9641.155,,1.420417,0.441693,29.74977,120.6836,7.135,3.625699,4.779408,11.225,499.15,499.15,24.91782,0.122859,110.9167,1.317796,5.806744,0.942657,0.045993,26.45943,561.8346,957.5334,1.503331,6.319777,1.0,35.30862,2.7,0.176208,11005.64,111.877,2.469784,,12.0,3.625699,0.854549,
1996.0,47.5,110941.4,101.8028,3.672184,1.000144,414.0408,2.699928,1.277522,10.58121,0.862322,269.0391,30.95829,511.5517,511.5517,41.40094,0.178242,0.377,1.0,,0.001438,2.0,5.083509,1.004734,2.010382,1.409886,35.39531,3.312563,511.2569,1.363538,1.236244,412.2705,8.314231,511.2569,511.5517,1.338596,0.501667,1035.934,383.3982,82.59147,207.8522,0.466311,27.14368,1.504421,177.721,2.7,5.796412,13.78864,54.5089,3186.493,3.396086,6.357275,126.533,12.12852,6.189673,4.590488,1.403071,5.113993,1.0,511.5517,0.640542,1.256133,0.163479,997.5312,9.800371,511.5523,511.5517,240.7262,2.7,6.088241,140.375,7.734012,11.48801,5.353945,15.84056,152.1507,2327.331,35.39531,0.62466,3000.0,2002.387,66.5311,3.185648,1541.789,36.92608,0.709333,108.7941,67.2718,56.50295,12.76529,2624.083,1.277863,2.7,801.4743,0.299524,921.0217,1571.877,46.8375,0.4368,2.7,55.15848,4.297124,4.014487,30.95829,0.551545,8.686551,4.609594,769.4068,11.72,7.59371,,511.5517,0.354025,5.917567,,464.8713,11.05769,136.8589,19.62583,15.21854,2.515131,4.297124,511.5517,21.9229,8.405404,1.685135,6.454475,56.23779,1.454165,0.384989,36.02613,1.0,2.4487,26.20285,,1.318893,2.695656,154.1887,2040.461,1.0,3.640959,0.308276,5.123481,254.5028,3.750893,1.244956,511.5517,1.409697,3.519796,902.9986,8.744298,1542.947,11274.92,,2.203167,0.39927,30.65116,135.2525,6.705303,4.297124,4.982745,11.225,511.5517,511.5517,25.34846,0.2955,3257.667,1.228047,5.91467,0.976596,0.081663,27.44506,552.4269,1034.597,1.831913,7.892848,1.0,40.0468,2.7,0.416025,11017.34,111.5069,2.466463,,63.3997,4.297124,1.188577,
1997.0,47.5,228814.8,148.6727,3.672193,0.999992,490.8467,2.696925,1.347961,12.19937,0.797781,327.3213,35.77008,583.6708,583.6708,43.51249,1.589017,0.377,1.0,1.715731,0.012014,2.0,5.252101,1.077677,2.011,1.47869,36.32046,3.635113,583.2923,1.384866,1.45041,419.241,8.289856,583.2923,583.6708,3.828133,1.314167,1140.798,436.1262,93.17667,232.6354,0.513897,31.68028,1.733671,177.721,2.7,6.604519,14.17362,57.61363,3993.604,3.392245,6.758822,146.3908,13.86797,6.494052,5.191285,1.442449,5.835224,1.0,583.6708,0.610184,1.297432,0.203571,1077.63,10.02055,583.6692,583.6708,273.0436,2.7,6.040533,142.4008,7.742839,12.98702,6.101022,16.47009,186.7131,2879.775,36.32046,0.659348,3000.0,2002.387,70.76866,3.442525,1702.633,35.24047,0.708018,121.0616,75.44886,58.88013,17.3685,2946.25,1.34738,2.7,948.9998,0.303436,1259.979,1539.363,50.57,0.460866,2.7,58.92144,4.606554,3.999962,35.77008,0.580801,9.495441,4.624374,925.5804,11.72898,7.91918,46.93472,583.6708,0.381765,6.241833,,643.2898,11.29327,151.1429,20.95632,16.27818,2.815463,4.606554,583.6708,21.8902,9.413841,1.950754,7.078857,57.03794,1.51343,0.385,41.05596,1.0,2.660036,29.56925,,1.437601,3.277342,175.2726,2163.663,1.0,3.64066,0.711152,5.783412,303.3303,3.750973,1.56839,583.6708,1.485407,3.661672,962.5773,8.754148,1703.098,12908.68,5.912,4.5525,0.39927,33.53452,159.1127,7.639589,4.606554,5.031991,11.225,583.6708,583.6708,30.99278,0.562333,4143.417,1.260884,6.159568,1.104341,0.152406,28.65708,603.9837,1070.106,1.861524,9.376761,1.0,66.44016,2.7,0.48694,11667.96,115.8155,1.356314,,121.5939,4.606554,1.297396,
1998.0,47.5,273251.9,152.4996,3.673,1.0,504.915,2.697102,1.591508,12.3802,0.773661,383.6216,36.29887,589.9525,589.9525,46.54472,1.754463,0.376992,1.0,1.74106,0.004647,2.0,5.51542,1.160159,2.011034,1.671438,41.23745,4.213878,589.5096,1.483375,1.449964,460.1817,8.27909,589.5096,589.9525,4.105668,1.6075,1425.417,444.5627,98.1575,256.6356,0.517836,32.25831,1.759593,177.721,2.7,6.701899,15.17376,58.75077,5428.791,3.407836,7.361933,149.3703,14.07044,6.963732,5.345962,1.969878,5.898701,1.0,589.9525,0.603511,1.391571,0.231976,1229.96,10.62553,589.9516,589.9525,295.3717,2.7,6.368291,150.5192,7.746538,13.40694,6.362812,16.91936,214.2937,10193.98,41.23745,0.702204,2967.532,2002.387,70.99836,3.793405,1736.539,36.20309,0.708654,130.7625,78.29198,60.34299,20.72089,3744.417,1.591828,2.7,1398.074,0.304797,3298.333,1515.655,41.5075,0.467574,2.7,64.65972,5.528227,4.0,36.29887,0.589803,9.585367,5.373974,1041.772,11.76947,9.144253,54.70955,589.9525,0.386982,6.343158,,814.7779,11.76162,186.8626,23.89479,30.86096,3.920548,5.528227,589.9525,21.89,10.55044,1.983311,7.550207,62.11449,1.867808,0.384988,47.26984,1.0,2.925183,40.75719,,2.07334,3.491285,180.2065,2702.189,1.0,3.640982,0.886853,9.938847,325.9846,3.751251,1.998648,589.9525,1.671595,4.458762,1533.52,8.755222,1736.207,14542.44,8.143125,6.88325,0.39927,35.39799,166.3552,7.954721,5.528227,5.253524,11.225,589.9525,589.9525,41.22878,0.776625,4890.167,1.484237,6.178172,1.132477,0.261689,33.38353,650.9714,1235.383,2.44732,10.46059,1.0,94.48048,2.7,0.545486,13255.24,127.8731,0.341372,,129.9111,5.528227,1.818064,
1999.0,46.62167,168333.9,137.4677,3.672881,0.999656,535.0617,2.697299,1.549667,12.91542,0.82484,557.6646,37.86297,615.6733,615.6733,48.95126,1.82813,0.377,1.0,1.816364,0.025011,2.0,5.790555,1.814313,1.986112,1.692538,43.05785,4.611682,615.2676,1.48534,1.501994,509.075,8.278342,615.2676,615.6733,4.34957,4.018333,1758.157,455.6788,102.7,283.9584,0.541332,34.61785,1.836164,177.721,2.7,6.979607,15.91855,66.13413,11690.61,3.416931,8.152633,156.1631,14.68464,7.760558,5.580689,1.969875,6.156692,1.0,615.6733,0.618137,2.016335,0.267476,1337.536,11.49755,615.6737,615.6733,305.8189,2.7,7.326817,177.995,7.759045,14.23907,7.129073,16.96641,237.1898,7854.986,43.05785,0.739155,1962.453,2002.39,72.38979,4.138202,1817.375,38.89512,0.710064,113.7488,119.6641,70.33253,38.90442,3807.833,1.54995,2.7,1188.284,0.304404,7102.025,1505.053,41.9025,0.463811,2.7,70.62661,6.112958,4.000402,37.86297,0.586427,9.794806,10.50421,1214.513,11.42382,9.556952,57.13469,615.6733,0.398502,6.285792,0.938583,988.8933,12.64416,209.2126,25.14816,43.93182,3.800031,6.112958,615.6733,94.50989,11.74696,2.068453,7.799314,68.11184,1.889344,0.384982,51.28692,1.0,3.382244,39.08863,,2.578299,3.966014,188.1718,3115.064,1.0,3.640631,1.529019,24.85553,332.7068,3.750758,2.513717,615.6733,1.694527,4.888571,1769.629,8.724809,0.9375,16176.2,10.91446,7.119,0.833476,41.42638,182.7117,8.264575,6.112958,5.328385,11.225,615.6733,615.6733,37.84463,1.237792,5200.0,1.612605,6.182021,1.185333,0.421006,32.25362,739.1883,1456.061,4.197832,11.32693,1.0,124.6243,2.7,0.605929,13934.26,129.1716,0.694723,,145.2801,6.112958,2.433617,
2000.0,47.35667,9.427331,143.8515,3.672996,0.999891,539.5258,2.688208,1.725241,14.93139,0.894907,712.6684,43.77301,711.8317,711.8317,52.16336,2.113764,0.377,1.0,2.105333,0.071688,2.0,6.149924,1.829969,1.98448,1.724425,44.94066,5.098601,711.7788,1.48509,1.688186,539.6039,8.278492,711.7788,711.8317,19.88584,21.81833,2090.223,531.3661,115.8766,307.1207,0.621859,38.61618,2.123253,177.721,2.7,8.087996,15.95212,73.93433,24974.63,3.538031,9.625,180.5432,16.98554,8.094938,6.451858,2.127062,7.118072,1.0,711.8317,0.660666,1.974405,0.559407,1668.551,13.04138,711.8318,711.8317,365.5775,2.7,7.756432,182.43,7.792159,14.82031,8.288204,21.16805,282.4244,8404.046,44.94066,0.854542,1751.348,2002.403,78.84064,4.078275,2100.969,42.41715,0.710447,107.8014,142.1909,76.18743,47.72159,3840.75,1.724827,2.7,1131.499,0.306873,7887.643,1510.783,40.9025,0.51219,2.7,76.82271,6.942925,4.000395,43.77301,0.606002,10.62598,12.44688,1319.522,11.698,9.460305,65.19079,711.8317,0.438313,6.516725,1.085175,1073.665,15.5695,239.2173,26.19712,59.38487,3.800035,6.942925,711.8317,104.9727,12.25665,2.391243,8.802373,71.04474,2.201445,0.385,53.91906,1.0,3.48843,44.25936,,2.760973,4.344703,217.5416,3490.637,1.0,3.640606,2.169302,28.1542,353.8024,3.750846,2.563164,711.8317,1.724528,5.078504,2051.749,8.737525,1.085833,17809.96,39.56,7.978167,1.32175,46.27156,224.4546,9.168,6.942925,5.699484,11.225,711.8317,711.8317,40.1867,2.07625,5200.0,1.745578,6.226932,1.370274,0.625077,31.2372,800.0615,1648.146,5.471941,12.10027,1.0,236.4215,2.7,0.679871,14166.81,137.8611,3.274839,,159.697,6.942925,3.27304,
2001.0,47.49667,21.18326,143.6285,3.672996,0.999886,555.0775,2.67911,1.933352,15.36997,0.930965,820.9651,45.05863,732.8992,732.8992,55.94687,2.176986,0.377,1.0,2.172686,0.138286,2.0,6.608262,2.350971,1.989519,1.791934,47.17988,5.837526,732.5576,1.548831,1.687183,635.2008,8.277149,732.5576,732.8992,196.3631,206.6175,2299.944,549.7859,123.2133,328.9421,0.64313,38.01379,2.18569,177.721,2.7,8.323718,16.30078,75.09137,25000.0,4.051968,11.30945,185.8504,17.47705,8.335794,6.641374,2.276061,7.32711,1.0,732.8992,0.694254,2.072873,0.730594,1920.538,16.20915,732.8998,732.8992,380.6136,2.7,7.837255,187.3208,7.799493,15.4581,8.349545,24.27723,286.5553,10256.08,47.17988,0.879672,1752.552,2002.405,97.69443,4.207035,2162.755,45.73703,0.710334,121.5112,146.7871,78.54583,48.4401,3916.333,1.933443,2.7,1289.604,0.306618,8954.583,1511.834,48.59191,0.605064,2.7,89.42545,8.615467,4.000042,45.05863,0.626691,11.29871,12.86109,1293.981,11.73862,9.336382,67.34675,732.8992,0.450163,6.748908,1.1173,1097.567,20.58492,255.0494,29.1015,72.27522,3.800308,8.615467,732.8992,115.623,13.35465,2.461551,8.986244,75.12451,2.378761,0.38498,61.72526,1.0,3.506501,50.96293,,3.3631,4.094145,223.9359,4109.405,1.0,3.640569,2.905364,29.20034,420.155,3.750512,2.572601,732.8992,1.792073,5.280893,1947.793,8.751276,1.116667,19443.72,66.37108,8.842083,2.17519,48.36541,243.6794,10.33662,8.615467,5.865,11.225,732.8992,732.8992,44.49055,2.372192,5200.0,2.16478,6.151704,1.438051,1.231946,33.80482,877.7072,1757.001,5.371607,13.3028,1.0,423.0287,2.7,0.723864,14800.18,145.723,3.517049,,166.3495,8.615467,3.666345,
2002.0,47.26,42.13728,140.2128,3.672996,3.09818,573.3533,2.695356,1.839996,14.59731,0.972097,918.0241,42.79358,696.3817,696.3817,57.50228,2.068852,0.376996,1.0,2.063106,0.17834,2.0,7.169328,2.921882,1.990103,1.791837,48.59392,6.320055,696.6725,1.570065,1.556103,689.3298,8.277019,696.6725,696.3817,342.2179,346.485,2507.97,520.0843,117.2558,359.6596,0.610386,32.70899,2.075641,177.721,2.7,7.883068,17.8398,78.19056,25000.0,4.628127,13.9582,176.5118,16.59946,8.42886,6.307451,2.181063,6.958616,1.0,696.3817,0.666393,2.193968,0.794288,1969.719,19.62111,696.3813,696.3817,361.4766,2.7,7.823462,190.665,7.799601,16.42794,7.864606,28.72014,257.6781,9319.032,48.59392,0.835419,6397.503,2002.373,91.55617,4.737559,2054.046,48.39701,0.708261,125.2378,153.2829,78.73015,46.93958,3912.083,1.840563,2.7,1249.955,0.304018,10056.33,1513.132,61.75417,1.270679,2.7,95.61231,10.50244,3.673179,42.79358,0.617276,11.02341,13.57441,1299.795,11.9421,9.666311,64.03629,696.3817,0.433552,6.642083,1.061625,1103.809,23.27155,273.2109,29.95288,76.21234,3.800449,10.50244,696.3817,122.3799,14.21896,2.337806,7.98091,77.24381,2.160352,0.384992,59.54147,1.0,3.516692,51.60771,,3.878456,4.078998,212.6765,5714.212,1.0,3.640944,3.305855,31.38375,467.6807,3.750105,2.58475,696.3817,1.79071,6.662652,2058.614,8.74547,1.061667,21077.48,64.40525,9.088333,2.345712,45.26152,239.8694,9.716934,10.50244,5.621681,11.225,696.3817,696.3817,43.00239,2.764133,,2.240313,6.113383,1.421417,1.515001,34.53488,966.5857,1803.692,5.326749,21.13171,1.0,769.4072,2.7,1.16177,15266.81,139.2535,3.427292,1.061628,174.7641,10.50244,4.486478,
2003.0,48.76333,73.68965,121.2606,3.673,2.947487,578.7625,2.668473,1.540424,12.17941,0.976624,1055.337,35.70522,581.0592,581.0592,58.24018,1.727654,0.377,1.0,1.723684,0.204642,2.0,7.647196,3.077289,1.989982,1.74188,46.57471,4.948094,582.0475,1.400429,1.344777,690.577,8.277098,582.0475,581.0592,400.8343,405.1792,2876.913,433.4964,97.7875,398.322,0.516498,28.19233,1.731315,177.721,2.7,6.577046,29.18297,76.66543,25000.0,5.879147,13.87789,147.2696,13.84168,8.462025,5.262657,1.889659,5.80599,1.0,581.0592,0.612149,2.138336,0.861614,1980.247,27.07617,581.0612,581.0592,301.6005,2.7,7.922605,193.8783,7.787172,17.32307,6.697214,39.65249,224.3051,8573.788,46.57471,0.697065,8107.914,2026.333,76.68879,4.548483,1713.808,57.14932,0.709165,115.9272,149.1864,75.95249,43.92109,3973.333,1.541914,2.7,1191.873,0.29812,10569.04,1510.528,59.37883,1.292944,2.7,96.5086,7.546392,3.056604,35.70522,0.566623,9.585386,13.87593,1200.163,12.6871,10.79743,53.44189,581.0592,0.376835,6.138925,0.885842,1121.703,23.36621,264.1062,28.00254,96.3737,3.8,7.546392,581.0592,133.0417,14.98488,1.950601,7.078966,75.30319,1.720939,0.385,57.71377,1.0,3.478404,54.21943,,3.549453,3.887555,177.4482,6471.836,1.0,3.640566,3.322325,30.6831,524.0089,3.750124,2.591662,581.0592,1.742493,7.323479,2302.732,8.744175,0.885833,22711.24,57.59,9.3475,2.601078,36.74441,206.6748,8.07742,7.546392,5.440115,11.225,581.0592,581.0592,41.53441,3.061367,,2.193165,6.150837,1.287864,1.504578,34.40499,1038.181,1963.898,5.33096,28.15112,1.0,967.0465,2.7,1.610706,15508.93,121.8598,3.040193,0.885822,177.8404,7.546392,4.785115,
2004.0,47.84583,83.41305,102.6974,3.673318,2.941212,533.4517,2.680006,1.359153,11.07377,0.984235,1074.728,32.4639,528.1233,528.1233,59.31806,1.572305,0.377,1.0,1.574315,0.216497,2.0,7.936509,2.926278,1.990707,1.690138,45.30096,4.686265,528.5464,1.301207,1.242523,609.1951,8.276925,528.5464,528.1233,400.0049,399.4767,2627.444,395.9825,88.74792,438.2841,0.468149,25.68242,1.573997,177.721,2.7,5.987385,40.38536,72.0536,25000.0,6.205111,13.7875,133.9006,12.5893,8.635842,4.784939,1.729161,5.27894,1.0,528.1233,0.545796,1.914675,0.896959,2303.908,29.51293,528.1226,528.1233,274.2215,2.7,7.954487,198.3075,7.788676,18.20208,6.031654,36.18936,202.4814,8933.433,45.30096,0.633786,8611.814,1453.417,70.1646,4.480441,1558.23,60.6847,0.709138,108.1511,135.9826,79.19151,42.6387,4016.25,1.359752,2.7,1145.446,0.294946,10585.38,1514.268,54.90583,1.304966,2.7,101.1932,6.439562,2.779041,32.4639,0.535177,8.870381,12.21335,1711.964,12.79929,11.28946,49.85719,528.1233,0.344538,5.805833,0.805108,1186.607,22.14928,258.677,27.52894,108.3868,3.8,6.439562,528.1233,133.919,15.82816,1.773499,6.739767,72.44005,1.50802,0.385,58.36255,1.0,3.412594,56.049,,3.182736,3.647509,161.3396,5976.76,1.0,3.641126,3.264298,28.80525,560.293,3.750057,2.581962,528.1233,1.690271,7.533229,2649.253,8.752433,0.805,24345.0,58.37575,9.902333,2.735,32.22527,192.3841,7.34514,6.439562,5.26738,11.225,528.1233,528.1233,40.25911,2.970508,,2.015302,6.185644,1.244704,1.42978,33.41655,1089.191,1811.514,5.323488,28.6927,1.0,1018.995,2.7,1.884667,15740.44,111.9005,2.776636,0.805118,183.3542,6.439562,4.763412,
2005.0,49.495,87.14391,99.84388,3.67311,2.922429,457.6875,2.682317,1.312006,11.07205,0.947951,1059.668,32.4599,527.79,527.79,64.13773,1.574279,0.377,1.0,1.574221,0.215614,2.0,8.060176,2.435281,1.992015,1.664534,44.09727,5.103464,528.1847,1.211619,1.246067,559.5992,8.193666,528.1847,527.79,476.358,473.9092,2321.304,395.9741,88.64617,478.0301,0.463851,23.96243,1.573796,177.721,2.7,5.996605,29.38621,72.56236,25000.0,5.791322,15.36792,133.88,12.58566,8.687484,4.784169,1.689155,5.278107,1.0,527.79,0.550085,1.811398,0.905387,3579.462,28.49582,527.7898,527.79,274.1795,2.7,7.642345,199.875,7.777605,18.82312,5.954141,39.52876,199.6498,9707.895,44.09727,0.633675,8960.63,1472.0,62.87685,4.48692,1558.035,62.03004,0.708869,110.1454,132.8928,75.50261,41.01983,4092.5,1.309473,2.7,1024.087,0.292,10655.17,1508.409,57.09583,1.308385,2.7,100.4508,6.36407,2.779026,32.4599,0.560305,8.869223,12.57741,2022.263,12.81499,10.89445,49.26845,527.79,0.345891,5.818167,0.8046,1201.699,22.835,264.3254,29.38753,118.0587,3.787068,6.36407,527.79,132.2129,16.35753,1.773269,6.445492,70.93428,1.420339,0.385012,59.59694,1.0,3.295881,55.04491,1.0,3.059676,3.235343,161.3194,6175.387,1.0,3.640635,2.91375,28.29264,545.9344,3.750332,2.439119,527.79,1.664452,7.507257,2833.874,8.750717,0.804167,25978.76,66.718,10.55792,2.729852,31.05213,192.7651,7.475822,6.36407,5.294215,11.225,527.79,527.79,40.25839,3.116567,,1.951981,6.265362,1.296866,1.347334,32.1657,1125.912,1780.704,5.104416,24.43431,1.0,1111.993,2.7,2.107185,15855.65,110.5277,2.70053,0.804612,181.7655,6.36407,4.420598,
2006.0,49.92667,80.37038,98.10194,3.673234,3.074535,416.04,2.697238,1.327806,10.96327,0.896698,998.5979,32.13996,522.86,522.86,68.76855,1.558883,0.377,1.0,1.558904,0.214584,2.0,7.997581,2.175136,1.998321,1.588637,45.28342,5.823553,523.3107,1.134457,1.253335,530.4214,7.972375,523.3107,522.86,464.8104,468.2783,2359.014,392.1064,87.92606,511.4131,0.45874,22.57846,1.558308,177.721,2.7,5.9431,33.14111,71.66775,25000.0,5.741482,15.375,132.5644,12.46626,8.738672,4.737206,1.72959,5.226283,1.0,522.86,0.543349,1.77422,0.917861,4965.377,28.13534,522.8608,522.86,271.4851,2.7,7.604989,200.1883,7.768453,18.89475,5.836501,39.62929,210.3684,9164.802,45.28342,0.627447,9168.728,1467.417,69.92948,4.456818,1542.68,65.77769,0.708819,116.3824,126.0378,72.0516,40.15543,4103.25,1.327973,2.7,954.6764,0.290087,10153.62,1507.496,58.01333,1.313572,2.7,103.95,6.768022,2.751552,32.13996,0.554934,8.798523,13.14244,2164.454,12.8,10.90509,48.80922,522.86,0.342101,5.842942,0.797083,1180.272,25.86407,271.3506,31.42109,136.0305,3.667415,6.768022,522.86,128.496,17.35905,1.755818,6.41296,72.43966,1.541501,0.385,60.28366,1.0,3.273889,51.2589,1.0,3.035003,3.103283,159.7296,5634.2,1.0,3.641106,2.807985,27.17852,545.6937,3.750536,2.172088,522.86,1.588889,7.596501,2904.976,8.751902,0.7975,27612.52,67.15508,12.44883,2.743482,29.64687,190.8887,7.373693,6.768022,5.512558,11.225,522.86,522.86,37.9114,3.298408,,2.027276,6.286991,1.329026,1.436911,32.5276,1251.461,1830.638,5.03812,24.02031,1.0,1218.928,2.7,2.147,15990.71,111.8687,2.756667,0.797098,196.9919,6.768022,3.593316,
2007.0,49.9625,76.80825,90.35014,3.672483,3.115654,342.0783,2.69791,1.194876,10.05241,0.860527,1081.734,29.46957,479.2642,479.2642,68.86908,1.429213,0.376806,1.0,1.428984,0.214736,2.0,7.846447,1.947451,2.0,1.506809,41.35377,6.151987,479.4544,1.074312,1.200075,522.1981,7.606216,479.4544,479.2642,555.3866,516.7492,2077.049,359.4412,80.61502,516.6128,0.425231,20.28994,1.428842,177.721,2.7,5.442959,33.03499,69.38788,25000.0,5.644951,15.375,121.5501,11.43038,9.007103,4.343582,1.607384,4.792018,1.0,479.2642,0.49977,1.668697,0.936751,4518.292,24.94742,479.2626,479.2642,248.9283,2.7,7.676924,202.3467,7.802172,18.89514,5.360778,36.76051,183.6101,9140.654,41.35377,0.575315,9276.849,1254.567,64.06351,4.108542,1414.504,68.96494,0.708526,117.7786,122.5395,67.29843,37.24074,4056.167,1.195073,2.7,929.2266,0.284205,9602.729,1512.201,61.27223,1.262645,2.7,110.5909,7.052135,2.522422,29.46957,0.511476,8.19372,12.09401,1887.051,12.8,10.92968,44.79952,479.2642,0.313529,5.616883,0.730633,1170.313,25.80506,262.5359,31.0856,139.9983,3.437272,7.052135,479.2642,125.7047,18.44818,1.6099,5.858365,66.16454,1.36057,0.384874,60.73214,1.0,3.128778,46.11487,1.0,2.923851,2.765412,146.4582,5026.168,1.0,3.639938,2.436424,25.57107,547.0453,3.747523,2.016324,479.2642,1.506898,7.262321,2927.615,8.752,0.730833,29246.29,58.44967,13.53683,2.745,24.68063,175.0876,6.757913,7.052135,6.722342,11.225,479.2642,479.2642,34.51458,3.442483,,1.951664,6.294257,1.278694,1.305963,32.8525,1240.847,1723.703,5.032484,23.43288,1.0,1263.565,2.7,2.147,16083.32,102.3358,2.604801,0.730633,198.8791,7.052135,3.995708,
2008.0,50.24917,75.00564,83.90876,3.672924,3.162992,305.9692,2.661294,1.196761,9.403059,0.823682,1185.352,27.56595,448.2158,448.2158,68.57998,1.336449,0.37691,1.0,1.334793,0.213629,2.0,7.234262,1.836027,2.0,1.414823,43.52441,6.837691,448.417,1.066823,1.082515,523.3097,6.95011,448.417,448.2158,559.3814,559.2925,1968.054,336.3117,75.33601,526.6287,0.400004,17.0685,1.336512,177.721,2.7,5.094901,34.47005,64.95114,25000.0,5.436565,15.375,113.6983,10.69208,9.639207,4.062993,1.593061,4.482463,1.0,448.2158,0.545602,1.490516,1.082568,4571.736,22.33446,448.215,448.2158,232.8484,2.7,7.582093,203.6333,7.786306,18.89683,4.934633,39.06088,172.3672,9693.56,43.52441,0.538163,9471.594,1193.083,88.08482,3.585647,1323.122,72.88348,0.708429,103.3874,120.3233,69.19999,36.61711,4054.167,1.192178,2.7,1100.658,0.268914,8740.182,1507.52,63.2075,1.223562,2.7,108.3508,8.272849,2.359566,27.56595,0.480417,7.751044,10.35687,1715.529,12.8,11.15743,42.01427,448.2158,0.293431,5.44145,0.683292,1167.534,24.22468,243.2891,28.45971,140.5224,3.333167,8.272849,448.2158,119.0071,19.37144,1.50593,5.647297,69.62866,1.424889,0.385008,70.72888,1.0,2.924315,44.47781,1.0,2.65856,2.409848,136.9975,4349.581,1.0,3.640566,2.5201,24.87336,546.7389,3.75119,2.091151,448.2158,1.414757,7.564848,2924.019,8.752,0.6825,30880.05,55.72942,14.69542,2.744433,21.35621,163.7502,6.595596,8.272849,9.321201,11.225,448.2158,448.2158,33.3543,3.430725,,1.910889,6.25737,1.232955,1.305332,31.53225,1198.797,1717.768,5.271661,20.90396,1.0,1318.876,2.7,2.147,16445.24,102.8518,2.642336,0.683299,199.3626,8.272849,3.748685,
2009.0,50.325,79.17719,94.94452,3.672951,3.729228,363.2833,2.691761,1.280824,9.897498,0.805384,1230.144,29.01558,472.0242,472.0242,69.02664,1.407601,0.376996,1.0,1.407282,0.278986,2.0,7.033454,1.99949,2.0,1.454247,48.42569,7.150789,471.6391,1.141204,1.085585,559.1741,6.831506,471.6391,472.0242,804.555,809.7858,2156.619,353.9453,80.03543,573.1623,0.421031,19.05548,1.406776,177.721,2.7,5.356056,35.95778,72.51425,25000.0,5.552551,15.375,119.6776,11.25394,11.82479,4.27667,1.953044,4.718207,1.0,472.0242,0.640837,1.66976,1.431651,4966.528,26.55682,472.0244,472.0242,245.0935,2.7,8.143622,203.95,7.751638,18.89244,5.281883,39.88605,202.0592,10405.66,48.42569,0.566457,9874.021,1170.0,123.671,3.928418,1392.68,88.32628,0.708084,93.60713,147.662,77.23745,42.86516,4139.333,1.282189,2.7,1277.013,0.288348,8511.351,1502.16,68.28667,1.253535,2.7,114.9601,8.418819,2.483615,29.01558,0.507686,8.093179,11.12202,1977.844,12.8,13.50751,44.29977,472.0242,0.308788,5.576367,0.719592,1450.258,27.64114,263.176,31.91693,141.1387,3.524723,8.418819,472.0242,149.7682,20.33894,1.585145,6.289646,77.45601,1.598696,0.384973,81.69912,1.0,3.010902,47.62979,1.0,2.69913,3.117744,144.202,4969.681,1.0,3.640883,3.048032,31.77019,568.2533,3.750241,2.329373,472.0242,1.454287,7.934662,3320.393,8.748879,0.719167,31558.91,67.60508,16.20833,2.74492,21.67017,172.3566,7.648044,8.418819,13.71745,11.225,472.0242,472.0242,34.33252,4.142708,,2.027207,6.298874,1.349753,1.554153,33.0338,1325.599,2030.42,8.068736,22.53596,1.0,1465.598,2.7,2.147,17799.81,107.2778,2.734088,0.719598,202.803,8.418819,5.047994,276.276
2010.0,46.4525,91.90104,104.0333,3.672993,3.91168,373.6608,2.7,1.089599,10.38955,0.803341,1230.743,30.45801,495.3108,495.3108,69.60687,1.476882,0.377,0.999844,1.476596,0.298005,2.0,7.022022,1.760206,1.999984,1.363155,45.73159,6.788871,495.3671,1.030545,1.042843,510.144,6.76909,495.3671,495.3108,905.8222,905.9125,1898.367,371.4028,83.27867,525.5266,0.441944,19.09572,1.476739,177.721,2.7,5.622956,36.86915,73.81721,6250.75,5.633609,15.375,125.627,11.81309,14.46305,4.489265,1.918084,4.952753,1.0,495.3108,0.647392,1.781665,1.432958,5612.221,27.80155,495.3097,495.3108,257.2777,2.7,8.060178,203.6358,7.768907,18.895,5.503139,39.79499,208.0132,9086.011,45.73159,0.59462,10071.7,1170.0,122.2164,3.733089,1461.919,87.43783,0.708203,87.76376,147.3647,79.16911,45.85971,4184.917,1.090159,2.7,1156.356,0.286925,8254.163,1501.144,71.40333,1.266789,2.7,113.0404,7.320391,2.607101,30.45801,0.535191,8.424637,12.37771,2112.27,12.8,12.63424,46.46374,495.3108,0.32414,5.634883,0.755092,1357.238,34.32092,275.9758,30.81554,150.7135,3.22098,7.320391,495.3108,151.0353,21.35595,1.663947,6.043648,73.16027,1.387236,0.384964,85.17356,1.0,2.825137,45.09475,1.0,2.700644,3.016334,151.3706,4752.8,1.0,3.640534,3.180311,30.36816,583.0829,3.75002,2.341253,495.3108,1.363172,7.868448,3901.47,8.748008,0.756667,31269.66,77.72283,18.49867,2.745,22.7455,180.9326,7.205405,7.320391,12.11036,11.225,495.3108,495.3108,31.71707,4.378967,,1.909216,6.338397,1.43166,1.507211,31.49765,1441.587,2177.427,7.951781,20.00973,1.0,1586.115,2.7,4.243857,19125.11,99.71362,2.4849,0.755095,219.5044,7.320391,4.797332,322.355
2011.0,46.7475,93.71582,100.9197,3.673,4.12933,372.5017,2.7,0.969085,9.895294,0.789821,1260.502,29.00912,471.7658,471.7658,74.05908,1.406484,0.377,1.0,1.406202,0.519767,2.0,6.954581,1.674466,2.0,1.25741,46.66909,6.838402,472.3987,0.989135,0.887473,483.6478,6.464559,472.3987,471.7658,919.256,919.4917,1848.017,353.8332,79.27689,505.6999,0.420843,17.68667,1.406503,177.721,2.7,5.357563,38.08612,72.98399,1.0,5.943931,15.375,119.654,11.25179,16.97536,4.275691,1.792229,4.71715,1.0,471.7658,0.62366,1.685138,1.546561,6938.227,28.39087,471.7645,471.7658,245.039,2.7,7.787266,204.0175,7.784338,18.89485,5.349507,40.30667,201.1403,8774.394,46.66909,0.566293,10616.75,1170.0,116.0426,3.578113,1392.405,86.01165,0.708075,79.73742,146.6544,88.80095,46.13171,4058.5,0.969463,2.7,1108.054,0.27638,8029.263,1505.842,72.22667,1.224152,2.7,110.5384,7.263198,2.48291,29.00912,0.507827,8.095392,11.72825,2027.361,14.45685,12.43963,44.27011,471.7658,0.308699,5.444108,0.7192,1263.915,29.06688,281.367,28.70969,156.9053,3.058833,7.263198,471.7658,155.8733,22.41994,1.584791,5.607212,74.66911,1.265359,0.385,86.33994,1.0,2.754219,43.30552,1.0,2.353599,2.964322,144.1699,4198.732,1.0,3.641533,3.049533,29.40614,600.3105,3.750121,2.669848,471.7658,1.257494,7.535285,4265.399,8.748908,0.72,29966.84,73.3555,17.62292,3.264762,21.66435,172.3291,6.493386,7.263198,12.39617,48.33667,471.7658,471.7658,30.48562,4.610183,,1.727504,6.379245,1.406526,1.680187,29.39057,1585.694,2522.684,7.98486,19.25915,1.0,1714.169,2.7,4.295,20656.7,93.45768,2.317858,0.719201,215.3667,7.263198,4.86204,322.3358
2012.0,50.92167,95.33129,108.1574,3.673004,4.550857,401.7642,2.7,0.965681,10.70399,0.785147,1441.704,31.37989,510.5142,510.5142,81.83792,1.521448,0.376984,1.0,1.521555,0.836037,2.0,6.922592,1.954159,2.0,1.249342,53.41422,7.614356,511.111,0.999543,0.937519,486.2721,6.308629,511.111,510.5142,919.2555,919.7542,1796.74,382.7134,86.31895,503.0547,0.455332,19.55427,1.52147,177.721,2.7,5.790284,39.28091,77.81852,1.0,6.071174,15.375,129.4293,12.17128,17.78909,4.625135,1.786879,5.102637,1.0,510.5142,0.630878,1.650671,1.852373,7109.88,31.10709,510.5143,510.5142,265.0647,2.7,7.834442,204.3583,7.757068,19.31983,5.85042,41.6382,224.9621,9387.382,53.41422,0.612596,12197.65,1166.167,125.1447,3.854062,1506.197,88.53104,0.708112,79.84826,149.1508,84.47029,47.0038,4033.0,0.965801,2.7,1126.386,0.280123,8006.582,1504.134,73.51478,1.26166,2.7,127.6413,8.207109,2.685878,31.37989,0.5425,8.637202,12.10352,2199.09,15.36831,13.15312,47.92631,510.5142,0.333932,640.6534,0.778283,1358.5,28.27391,296.3751,30.10004,246.0198,3.088476,8.207109,510.5142,158.8294,23.54643,1.714274,5.81686,85.3406,1.23471,0.384959,93.38918,1.0,2.637554,42.21482,1.0,2.058966,3.253365,155.952,4425.612,1.0,3.641004,3.467894,31.0565,614.226,3.7501,3.538279,510.5142,1.249427,7.103609,4260.251,8.748266,0.778333,22516.0,87.95883,19.06833,3.3,23.43468,186.4126,6.770732,8.207109,13.75583,64.58083,510.5142,510.5142,31.06709,4.737708,,1.717593,6.381284,1.561732,1.800003,29.57536,1586.864,2502.994,8.082717,20.24342,1.0,1885.384,2.7,4.295,20873.13,94.16281,2.292869,0.778274,215.5678,8.207109,5.143815,322.355
2013.0,55.3775,96.51681,105.6869,3.673,5.478517,409.625,2.7,1.036345,10.36209,0.784035,1562.75,30.37758,494.0458,494.0458,78.07999,1.472887,0.377,1.0,1.472924,0.890509,2.0,6.917118,2.158732,2.0,1.251201,58.55305,8.393337,495.1759,1.030167,0.926745,495.4637,6.148687,495.1759,494.0458,919.8052,919.5683,1869.273,370.4912,83.0725,500.1589,0.440795,19.55704,1.472882,177.721,2.7,5.616253,41.74453,79.65374,1.0,6.874852,15.375,125.2953,11.78255,18.71782,4.477412,1.832064,4.939664,1.0,494.0458,0.639537,1.663314,2.066949,7002.831,33.97647,494.0468,494.0458,256.5981,2.7,7.860288,205.3942,7.75672,20.10558,5.706939,42.91493,223.5797,10448.93,58.55305,0.59307,17966.66,1166.0,122.1498,3.60967,1458.087,99.8191,0.708214,97.60915,152.2029,86.10866,48.43566,4027.25,1.035843,2.7,1094.615,0.283901,7833.23,1507.313,77.52,1.271692,2.7,129.1335,9.651338,2.600153,30.37758,0.52833,8.412974,12.51772,2219.065,15.36603,12.76505,46.5298,494.0458,0.323279,933.5705,0.753167,1521.241,30.1555,296.585,30.75192,364.4577,3.150884,9.651338,494.0458,159.2448,24.71435,1.659529,5.877146,93.63972,1.219753,0.384996,101.5805,1.0,2.703146,42.46211,1.0,2.238487,3.159604,150.9708,4308.621,1.0,3.641085,3.327337,31.86124,649.8429,3.750217,4.683638,494.0458,1.251228,7.18109,4252.041,8.746979,0.7525,19283.8,85.15883,18.44992,3.3,22.68609,180.4584,6.512913,9.651338,12.07729,108.7333,494.0458,494.0458,30.72309,4.764233,,1.774828,6.373458,1.625196,1.905712,29.70163,1617.143,2585.563,8.155103,20.43513,1.0,2092.345,2.7,6.075725,21029.04,95.91385,2.310603,0.753171,215.0115,9.651338,5.38695,322.355
2014.0,57.2475,98.41658,105.5438,3.673,8.120707,415.9183,2.7,1.109586,10.37173,0.783797,1558.429,30.40574,494.4142,494.4142,77.55206,1.474284,0.377004,1.0,1.474321,1.024676,2.0,6.91129,2.354273,2.0,1.267198,61.02941,8.972307,496.0206,1.104706,0.915291,570.7251,6.161508,496.0206,494.4142,922.387,925.2258,2002.479,370.8396,83.0345,538.7267,0.441183,20.75614,1.474251,177.721,2.7,5.618762,43.46705,80.58261,1.0,7.083795,15.375,125.4115,11.79349,19.67521,4.481575,1.883556,4.944272,1.0,494.4142,0.607349,1.764719,3.065784,7024.871,39.96742,494.4141,494.4142,256.8357,2.7,7.734992,206.4492,7.754754,20.50081,5.754664,45.05105,232.7261,11866.03,61.02941,0.593605,25647.8,1166.0,116.6927,3.577937,1459.44,110.8972,0.708165,105.8948,179.4812,87.94807,53.56522,4037.5,1.109363,2.7,1053.022,0.284696,8042.422,1509.871,83.8925,1.272402,2.7,130.593,10.84821,2.602568,30.40574,0.529787,8.416534,14.04275,2475.103,15.36809,13.31022,46.41063,494.4142,0.323571,984.3457,0.753725,1813.41,31.3533,294.9485,30.64452,421.8309,3.272792,10.84821,494.4142,165.1708,25.95739,1.66105,6.304377,97.69467,1.205838,0.385,101.0398,1.0,2.839274,44.39855,1.0,2.523286,3.15522,151.1121,4463.429,1.0,3.641409,3.349061,38.58106,685.69,3.750999,5.844521,494.4142,1.267348,7.288184,4318.785,8.748421,0.753333,20230.93,88.40525,18.46642,3.360514,22.70715,180.6254,6.862425,10.84821,12.76294,154.13,494.4142,494.4142,32.47666,4.937567,,1.827236,6.352414,1.697751,2.187766,30.3286,1663.535,2597.033,12.01056,23.21831,1.0,2308.992,2.7,6.292221,21198.86,97.18582,2.331331,0.75373,215.0249,10.84821,6.159591,322.3492
2015.0,61.14333,120.0968,125.8852,3.672992,9.256635,477.9183,2.7,1.331668,12.39513,1.027043,1570.215,36.33764,591.45,591.45,77.94732,1.761853,0.377032,1.0,1.761927,1.596631,2.0,6.90119,3.331694,2.0,1.374202,64.13791,10.12241,592.6857,1.278921,0.962246,654.3547,6.285359,592.6857,591.45,921.1231,925.9858,2746.207,443.1757,99.38569,534.7724,0.527254,24.57544,1.761834,177.721,2.7,6.718761,44.9276,100.3544,1.0,7.701608,15.375,149.8783,14.09396,20.67524,5.35572,2.08806,5.908791,1.0,591.45,0.65404,2.271107,3.786386,7431.78,41.07165,591.4495,591.45,306.9429,2.7,7.657192,206.5,7.75261,21.77936,6.856747,51.0429,279.0908,13388.03,64.13791,0.709394,28804.8,1167.333,131.7942,3.882594,1744.121,116.9341,0.708873,121.0042,222.9022,98.19212,64.41166,4067.75,1.33109,2.7,1131.545,0.300978,8127.611,1504.58,86.18837,1.38121,2.7,136.051,12.76755,3.110206,36.33764,0.633117,9.748079,18.82101,3101.912,15.27193,15.88257,55.36106,591.45,0.386694,1162.615,0.901658,1967.694,39.3839,310.1296,35.09762,498.5936,3.906425,12.76755,591.45,197.874,27.14936,1.985099,8.063634,102.6055,1.433863,0.385,102.7653,1.0,3.185434,45.51624,1.0,2.758158,3.767537,180.5912,5199.79,1.0,3.641243,4.00357,61.33828,718.2466,3.751183,5.972397,591.45,1.374665,7.747431,4308.904,8.738887,0.901667,22254.24,108.8113,22.09075,3.448577,27.13647,215.859,8.430864,12.76755,13.32125,237.0292,591.45,591.45,34.25027,6.163117,,2.062069,6.351969,1.960127,2.725383,31.77071,2034.329,3237.245,21.96685,27.28295,1.0,2569.196,2.7,6.292,21920.18,106.681,2.545019,0.901659,214.9747,12.7675,8.632821,321.5616
2016.0,67.86583,165.2109,124.1759,3.672996,14.75874,480.4883,2.696728,1.34498,12.44458,1.611235,1621.521,36.48253,593.0142,593.0142,78.44051,1.768958,0.377004,1.0,1.768919,1.990281,2.0,6.906378,3.486715,2.0,1.381391,67.18516,10.8961,595.7726,1.325084,0.985668,676.7976,6.645067,595.7726,593.0142,968.2602,1010.303,3050.632,444.9461,99.68812,544.2769,0.529376,24.44889,1.76882,177.721,2.7,6.733514,45.98534,109.4412,1.0,10.12404,15.35,150.4756,14.15062,21.83828,5.377335,2.084394,5.932393,1.0,593.0142,0.740701,2.366819,3.952958,8398.011,42.03145,593.0141,593.0142,308.1672,2.7,7.604013,206.5,7.762251,22.83274,6.81345,63.17935,281.6288,13307.1,67.18516,0.712246,32129.06,1182.0,120.8887,3.83954,1751.142,125.1748,0.708839,108.7959,342.0505,101.5342,70.28926,4058.7,1.345215,2.7,1160.475,0.302333,8124.367,1512.196,94.42724,1.390369,2.7,146.1561,14.70609,3.122686,36.48238,0.635638,9.810445,19.89338,3169.64,15.35033,18.70317,55.69514,593.0142,0.388242,1234.87,0.904042,2143.927,62.8153,349.4888,35.53864,713.2839,4.144227,14.7061,593.0142,258.5106,28.60578,1.992983,8.401102,107.4989,1.435512,0.385,104.729,1.0,3.375624,47.50336,1.0,3.127535,3.94631,181.3108,5677.326,1.0,3.641332,4.061554,67.05876,785.0027,3.750825,7.747683,593.0142,1.381132,7.879016,4818.631,8.743201,0.903333,23061.78,111.2779,22.14892,6.238824,27.24562,216.7275,8.56271,14.70604,13.29962,460.2758,593.0142,593.0142,35.28663,7.835675,,2.194502,6.634943,2.148756,3.025645,32.26237,2186.543,3418.279,25.53714,30.10969,1.0,2964.753,2.7,9.264732,22364.71,109.5311,2.543874,0.904044,240.7871,14.7061,10.31242,262.4624
2017.0,68.02583,167.0638,119.0652,3.673,16.54435,482.7167,2.683555,1.304616,12.20466,1.723725,1726.427,35.78372,582.03,582.03,80.96424,1.734772,0.377063,1.0,1.734759,1.932458,2.0,6.913809,3.190255,2.0,1.380619,65.11012,10.33466,588.8516,1.298174,0.984386,648.5044,6.757446,588.8516,582.03,1460.481,1464.419,2949.537,436.3364,97.80694,567.5274,0.519179,23.3712,1.734737,177.721,2.7,6.59765,47.43667,110.9254,1.0,17.85036,15.075,147.5746,13.87765,23.9981,5.273561,2.061013,5.818013,1.0,582.03,0.77623,2.506382,4.401308,9119.621,45.87281,582.0293,582.03,302.2568,2.7,7.35124,206.5,7.792594,23.48546,6.61954,64.74844,274.333,13380.33,65.11012,0.698483,36562.12,1184.0,106.7582,3.597845,1717.361,128.1074,0.708936,112.1103,326.2216,103.4119,68.88949,4050.6,1.304759,2.7,1130.911,0.303441,8244.843,1510.456,112.7067,1.39382,2.7,152.5293,13.31425,3.062506,35.78368,0.623322,9.704663,18.45185,3095.375,15.40372,18.90127,54.6014,582.03,0.380755,1360.359,0.887292,2438.88,63.58211,356.8169,34.56766,725.355,4.298308,13.31428,582.03,334.0375,30.04514,1.954621,8.267637,104.1898,1.407195,0.385023,105.3538,1.0,3.26098,50.41648,1.0,3.182736,3.775831,177.8078,5624.062,1.0,3.679199,4.050527,58.31053,837.7992,3.750174,63.67267,582.03,1.380699,7.797087,7428.433,8.746624,0.886667,23097.99,107.7589,21.74117,7.487139,26.72007,212.5681,8.546526,13.31431,13.47783,492.6108,582.03,582.03,33.92431,8.549742,,2.186648,6.751311,2.421189,3.648782,30.42813,2236.251,3611.038,26.61622,28.63981,1.0,5138.372,2.7,10.04022,22713.72,107.5134,2.49569,0.887298,250.2535,13.3143,9.540511,167.4566
2018.0,72.08333,253.3759,108.0103,3.673,28.14307,482.9875,2.697907,1.338981,11.65225,1.696502,1780.718,34.15983,555.7,555.7,83.72767,1.656318,0.377307,1.00001,1.662303,2.039402,2.0,6.910382,3.654127,2.004104,1.34482,68.40717,10.18683,569.7167,1.296616,0.977033,642.1729,6.613853,569.7167,555.7,1616.428,1622.525,2958.202,416.5791,93.41358,577.8212,0.495636,21.72002,1.656285,177.721,2.7,6.3116,49.55806,116.5907,1.0,17.82444,15.075,140.8955,13.24951,27.63358,5.034907,2.080683,5.554688,1.0,555.7,0.749078,2.528161,4.675913,9075.693,48.33375,555.7007,555.7,288.5466,2.7,7.522973,207.7167,7.837333,23.90335,6.282997,67.51268,270.2112,14234.37,68.40717,0.666892,38242.52,1182.75,108.1745,3.594077,1639.63,129.3083,0.709522,110.3401,345.0503,101.2735,68.8309,4051.183,1.338412,2.7,1100.454,0.302131,8401.335,1512.012,144.0556,1.364967,2.7,162.6012,13.24645,2.923868,34.15985,0.595181,9.382921,16.7882,3348.924,15.48712,19.21622,52.14054,555.7,0.363523,1429.808,0.847167,2469.765,60.33469,355.6856,34.03723,725.8381,4.03271,13.24642,555.7,361.683,31.63582,1.866154,8.135927,109.5545,1.446061,0.385,121.5867,1.0,3.288412,52.70285,1.0,3.290578,3.608656,169.7679,5732.016,1.0,3.657054,3.940379,62.84197,870.0454,3.750528,148.622,555.7,1.348788,7.834471,7966.611,8.749527,0.848333,23497.79,100.175,20.75075,7.505086,25.51065,202.9269,8.692086,13.24649,13.5041,436.5,555.7,555.7,32.29852,9.151217,,2.223802,6.785454,2.637889,4.840834,30.1387,2272.867,3725.741,27.18911,30.71677,1.0,8133.432,2.7,77629.49,23014.95,108.0246,2.539147,0.847161,250.2623,13.24647,10.47366,72.51145
2019.0,77.73833,364.1789,109.8663,3.673,48.2268,480.445,170.7727,1.438635,12.28973,1.699231,1844.152,36.02863,585.9592,585.9592,84.38983,1.747065,0.377004,1.00003,1.751059,2.091206,2.0,6.905348,3.944611,2.001565,1.366298,70.43228,10.76215,591.0701,1.327034,0.993564,703.1462,6.909923,591.0701,585.9592,1646.883,1647.76,3281.515,439.5174,98.49518,587.9127,0.522906,22.92571,1.746817,177.721,2.7,6.668175,51.38827,119.3945,1.0,16.81979,15.075,148.6037,13.97442,29.25097,5.310341,2.151851,5.85857,1.0,585.9592,0.783585,2.816839,5.40614,9251.738,50.3617,585.9586,585.9592,304.3328,2.7,7.699222,208.5,7.835129,24.57165,6.625107,90.48748,290.5427,14144.5,70.43223,0.703381,39922.66,1182.0,122.5743,3.563917,1729.333,133.862,0.708933,108.9897,383.0634,102.0064,70.78186,4061.158,1.438506,2.7,1165.649,0.303865,8679.409,1511.291,186.4297,1.398263,2.7,178.73,14.45252,3.083837,36.02864,0.627693,9.616028,17.56772,3646.889,15.42652,19.25586,54.97969,585.9592,0.38341,1518.255,0.8933,2660.898,62.49951,357.0,35.63016,735.4956,4.142924,14.45252,585.9592,361.1092,33.22914,1.968256,8.798053,112.7901,1.517877,0.385,150.2691,1.0,3.336572,51.79287,1.0,3.387324,3.837964,179.0557,6240.487,1.0,3.659354,4.238352,64.70885,911.9952,3.75051,233.5577,585.9592,1.364158,8.090231,9063.438,8.75,0.8925,,105.2495,21.88475,7.490522,26.90635,214.0287,9.456395,14.45287,13.62327,,585.9592,585.9592,31.04579,9.530367,,2.277799,6.765889,2.93092,5.680167,30.90722,2305.811,3704.053,25.81259,35.2512,1.0,8855.437,2.7,,23226.26,113.6961,2.614365,0.893288,250.2694,14.45282,12.90391,11.02293
2020.0,76.815,578.3624,108.635,3.673,70.64936,489.0092,2.698439,1.45319,12.07343,1.699536,1913.688,35.39458,575.5875,575.5875,84.86257,1.716358,0.377792,1.000049,1.717059,2.442666,2.0,6.901944,5.157587,2.019495,1.379804,74.12077,11.44759,576.4149,1.341547,0.938959,792.1909,6.902118,576.4149,575.5875,1847.092,1851.123,3693.174,486.8297,96.79573,584.8898,0.513587,23.20946,1.716126,177.721,2.7,6.541186,56.64923,126.7368,1.0,15.81258,15.075,145.9893,13.72857,34.94102,5.21694,2.167668,5.755473,1.0,575.5875,0.779495,3.112699,5.73639,9620.796,51.66006,575.5859,575.5875,298.9775,2.7,7.722696,208.5,7.756116,24.64598,6.614907,94.10903,307.9844,14552.17,74.12084,0.69102,41547.23,1192.0,135.3461,3.438493,1699.001,142.1982,0.709124,106.7707,413.6708,106.5065,77.33169,4092.792,1.453084,2.7,1179.606,0.30928,9045.788,1512.218,191.518,1.388667,2.7,185.4433,16.482,3.029737,35.39639,0.616675,9.49477,17.31017,3761.107,15.3821,21.50819,54.07171,575.5875,0.376691,1381.619,0.877458,2807.838,69.22939,357.2024,39.27799,741.7189,4.202417,16.48201,575.5875,381.1025,34.3786,1.933714,9.422585,118.6003,1.541488,0.385,161.8147,1.0,3.495132,49.59867,1.0,3.470496,3.898134,175.915,6771.264,1.0,3.671473,4.243836,72.35351,958.2955,3.75304,318.7242,575.5875,1.379672,8.20408,9807.747,8.75,0.8775,,103.1633,21.507,9.32338,26.43439,210.2744,9.210919,16.48196,17.13226,,575.5875,575.5875,31.29194,10.32194,,2.294951,6.761801,2.804443,7.022989,29.46153,2306.937,3718.981,26.96369,41.99502,1.0,10051.69,2.7,,23235.7,115.3031,2.656947,0.877475,250.0688,16.48215,18.29046,51.30116
2021.0,77.342,631.1495,103.5014,3.673,95.0845,503.77,2.698805,1.33123,11.63097,1.700884,1973.629,34.09752,554.5308,554.5308,85.06237,1.653232,0.378,1.000004,1.653865,2.536897,2.0,6.90379,5.396087,2.00247,1.343403,73.90721,11.08098,554.4731,1.253494,0.913911,759.9125,6.449797,554.4731,554.5308,1974.781,1989.392,3745.915,415.6542,93.21809,621.5353,0.49478,21.67475,1.653247,177.721,2.7,6.286266,57.09201,134.9851,1.0,15.69986,15.075,140.6383,13.22534,43.83254,5.025704,2.066613,5.544531,1.0,554.5308,0.726696,3.219192,5.921275,9840.858,51.89821,554.5308,554.5308,288.0199,2.7,7.737522,208.5,7.772637,24.06605,6.363096,89.26039,303.035,14297.16,73.90728,0.665656,42000.0,1450.0,126.9501,3.231281,1636.637,150.659,0.70895,109.7863,426.2056,109.6361,84.51931,4098.708,1.331225,2.7,1144.411,0.305378,9697.916,1512.589,166.1537,4.514425,2.7,198.4335,14.77837,2.918561,34.09749,0.59405,8.978893,17.68067,3848.859,15.35817,20.27104,52.06482,554.5308,0.362863,1390.433,0.845383,2847.523,65.61348,357.5082,41.57782,798.6377,4.142731,14.77833,554.5308,407.1603,35.09317,1.862727,8.590582,118.2539,1.413362,0.385,162.9463,1.0,3.881497,49.27462,1.0,3.510638,3.858263,169.4579,6776.403,1.0,3.673,4.159353,73.66662,1002.074,3.750918,415.561,554.5308,1.343474,7.991492,10409.71,8.75,0.845,,99.39583,20.71042,18.13075,25.46409,202.5563,8.576598,14.77823,16.27291,,554.5308,554.5308,31.9797,11.30885,,2.246841,6.770507,2.781976,8.867706,27.93567,2312.368,3588.533,27.268,43.53377,1.0,10607.79,2.7,,22937.22,109.7565,2.536372,0.845378,251.1402,14.77829,19.99315,88.55669
2022.0,,461.7678,113.0462,3.673,130.6854,435.6658,2.7,1.44251,13.08603,1.696122,2036.134,38.36308,623.7608,623.7608,93.38605,1.86008,0.378,1.0,1.859931,2.747244,2.0,6.891524,5.165224,2.0,1.378818,78.59242,12.36115,623.8203,1.301597,0.954942,873.1809,6.72964,623.8203,623.7608,2000.985,2005.052,4261.554,467.876,105.5308,646.8995,0.556615,23.35675,1.860035,177.721,2.7,7.074953,54.96665,142.1068,1.0,19.19849,15.075,158.2326,14.87989,51.89467,5.654428,2.192624,6.238164,1.0,623.7608,0.811149,2.912379,9.001754,8792.214,55.74389,623.7596,623.7608,324.0522,2.7,7.752399,208.5,7.830416,24.61195,7.164543,115.6687,372.4119,14852.3,78.59254,0.748939,42000.0,1450.0,135.2627,3.35822,1841.387,153.4376,0.709262,131.4364,461.1767,117.893,84.44283,4102.042,1.441665,2.7,1291.334,0.310043,14035.23,1511.899,152.9338,4.813175,2.7,324.3985,16.36928,3.283691,38.3632,0.668359,10.15639,18.89648,4139.598,15.35697,20.12263,58.57778,623.7608,0.408254,,0.9509,3139.262,63.86273,358.9838,44.35136,938.8245,4.400384,16.36933,623.7608,426.0736,35.90524,2.095758,9.612844,125.749,1.577886,0.385,204.3518,1.0,3.834829,54.49572,1.0,3.516954,4.457886,190.6573,6985.279,1.0,3.673,4.688494,69.84891,1034.974,3.754853,523.0295,623.7608,1.378992,8.101838,13985.27,8.75,0.950833,,111.6622,23.29025,24.20678,28.64977,227.897,10.11514,16.36912,13.71569,,623.7608,623.7608,35.05349,11.03108,,2.311312,6.772096,3.093998,16.55943,29.79081,2322.497,3688.717,32.55531,41.17136,1.0,11045.87,2.7,,23405.09,116.7945,2.664043,0.950915,250.2251,16.36917,16.92196,369.507
2023.0,,677.5526,101.2621,3.673,265.0722,390.273,2.7,1.506746,12.73681,1.698029,2523.839,37.33947,607.031,607.031,107.8302,1.810379,0.378,1.0,1.810439,3.105249,2.0,6.909626,5.002527,2.0,1.344056,82.52544,13.32195,607.1672,1.350276,0.9019,837.1198,7.076501,607.1672,607.031,2251.205,,4355.638,455.3755,101.9117,544.6976,0.54178,22.17907,1.810438,177.721,2.7,6.896373,55.85101,135.8962,1.0,30.64775,15.075,154.0105,14.48287,54.64396,5.503558,2.238966,6.071751,1.0,607.031,0.806092,2.617799,11.64478,8592.82,61.98068,607.0305,607.031,315.4053,2.7,7.834093,208.5,7.830662,24.64764,6.974139,141.7343,353.2962,15214.64,82.52536,0.728959,42000.0,1325.0,137.9806,3.689309,1792.25,153.4955,0.709456,140.1752,456.354,138.647,87.60739,4110.16,1.50255,2.7,1306.523,0.310786,17160.26,13805.34,160.9404,4.793575,2.7,327.5868,18.41668,3.196042,37.33939,0.650529,10.14158,18.18771,4424.2,15.3421,17.79668,57.0048,607.031,0.397355,,0.92542,3469.085,63.91774,,45.42869,1094.423,4.551099,18.41667,607.031,619.7757,36.61097,2.039869,10.56288,132.0314,1.63135,0.385,279.5558,1.0,3.745281,55.64209,1.0,3.576909,4.224706,185.57,7287.317,1.0,3.673,4.576933,84.95701,1149.174,3.751936,586.6872,607.031,1.344047,8.268895,21291.95,8.75,0.925,,108.5023,22.59814,36.54026,27.88529,221.8156,10.64656,18.41659,13.63851,,607.031,607.031,34.79363,10.80698,,2.346718,6.769824,3.102545,23.29963,31.15135,2407.277,3720.06,36.79375,38.77911,1.0,11676.8,2.7,,23792.6,120.1296,2.725106,0.925413,250.2554,18.41667,19.77647,3278.133
