Unnamed: 0,Angola,Albania,Advanced Economies,Argentina,Armenia,Australia,Austria,Azerbaijan,Burundi,Belgium,Bangladesh,Bulgaria,Bahrain,Bosnia and Herzegovina,Belarus,Belize,Bolivia,Brazil,Barbados,Botswana,Central African Republic,Canada,Switzerland,Chile,China,Colombia,Costa Rica,Cyprus,Czech Republic,Germany,Dominica,Denmark,Dominican Republic,Algeria,EMDE East Asia & Pacific,EMDE Europe & Central Asia,Ecuador,"Egypt, Arab Rep.",Emerging Market and Developing Economies (EMDEs),Spain,Estonia,Ethiopia,Finland,France,United Kingdom,Ghana,"Gambia, The",Greece,Guatemala,Guyana,High Income Countries,"Hong Kong SAR, China",Honduras,Croatia,Hungary,Indonesia,India,Ireland,Iceland,Israel,Italy,Jamaica,Jordan,Japan,Kenya,"Korea, Rep.",Kuwait,EMDE Latin America & Caribbean,Lebanon,Low-Income Countries (LIC),Sri Lanka,Lithuania,Luxembourg,Latvia,Morocco,"Moldova, Rep.",Madagascar,Maldives,Mexico,Middle-Income Countries (MIC),North Macedonia,Mali,Malta,Myanmar,Mongolia,EMDE Middle East & N. Africa,Mauritius,Malawi,Malaysia,Namibia,Nigeria,Nicaragua,Netherlands,Norway,Nepal,New Zealand,Oman,Pakistan,Panama,Peru,Philippines,Papua New Guinea,Poland,Portugal,Paraguay,Qatar,Romania,Russian Federation,Rwanda,EMDE South Asia,Saudi Arabia,Sudan,Singapore,Sierra Leone,El Salvador,EMDE Sub-Saharan Africa,Suriname,Slovakia,Slovenia,Sweden,Seychelles,Syrian Arab Republic,Thailand,Tajikistan,Tonga,Trinidad and Tobago,Tunisia,Turkey,"Taiwan, China","Tanzania, United Rep.",Uganda,Ukraine,Uruguay,United States,"Venezuela, RB",Viet Nam,World (WBG members),Samoa,South Africa,Zambia
,,,,,,,,,,,,,,,,,,,,,,,,,,,,,,,,,,,,,,,,,,,,,,,,,,,,,,,,,,,,,,,,,,,,,,,,,,,,,,,,,,,,,,,,,,,,,,,,,,,,,,,,,,,,,,,,,,,,,,,,,,,,,,,,,,,,,,,,,,,,
1994.0,3017.8,,3452816.0,15839.0,,47429.0,45123.3,,120.83,143767.7,,7631.192,,,,118.82,,43544.0,138.32,,130.14,166923.0,66270.7,11647.9,121006.0,8537.527,2878.2,923.9815,14394.3,429951.0,46.1,43150.0,,8892.0,286927.6,,3842.686,3475.5,,73346.79,1190.811,372.5,29704.0,281615.3,135421.0,,31.908,,,,3627473.0,151387.0,,4.2596,6409.9,40053.3,785.04,34136.0,1612.6,15853.1,191484.0,,1423.443,397326.0,1597.57,96013.26,11.20439,178450.6,572.73,,,2028.8,6561.4,1520.442,,,,,60882.2,,,294.32,,,,126032.5,,,58841.9,,,334.9,215375.2,34796.0,,12183.0,,7400.3,11200.63,4424.13,13433.1,2640.2,17211.1,19106.0,,,6221.0,67825.0,,,,,96822.62,115.14,1249.5,,,6.709417,6.825004,61353.0,,7157.59,45430.04,,10.7989,1866.6,4634.374,18106.0,114907.7,,462.92,,1.913432,512625.1,4422.0,,5236432.0,,28403.87,721.6872
1995.0,3641.8,,4077261.0,20962.0,,53087.0,57629.8,,105.64,175764.2,,5113.6,,,,142.92,,46507.0,167.84,,96.7,193380.0,78056.8,16085.0,148779.0,10201.064,3475.9,727.2791,21686.58,523803.0,43.4,51468.0,,10258.0,351903.6,170265.5,4380.706,3449.6,,91720.35,1592.406,422.64,40281.0,375113.7,153893.0,,16.356,,,,4290505.0,173758.0,,4.6326,9894.2,45418.2,994.55,44620.0,1801.9,17610.5,234042.0,,1770.298,442918.0,1892.185,125057.99,12.77684,217295.0,822.61,,,2705.0,7833.2,1652.676,,,,,79541.6,,,284.31,,,,140388.6,,,73796.53,,,465.8,212733.8,41966.0,,13638.0,,8029.5,11880.18,5491.41,17441.3,2644.5,22894.8,23820.0,5.337184,,7974.3,82913.0,,,,555.7,118249.24,25.26,1652.1,,,8.588858,8.31491,79727.0,,7340.99,56725.3,,9.7815,2455.5,5493.178,21639.0,121865.2,,556.42,,2.105958,584740.4,4737.0,5913.403,6208562.0,,31844.67,750.8596
1996.0,,,4175028.0,23809.0,290.3,60289.0,57810.3,,39.6,175350.1,,6602.4,,,,153.58,,47747.0,213.64,,222.61,205311.9,76176.5,16689.8,151047.0,10647.564,3758.4,776.0059,22169.34,524182.0,50.3,51469.0,,13250.0,365655.9,187953.0,4872.648,3539.6,,101984.48,1726.241,417.49,40554.0,370835.7,167539.0,,,,,,4395527.0,180740.0,,4.5126,11326.6,49814.7,1171.92,48655.0,1884.9,18763.6,252111.0,,1816.108,410814.0,2086.004,129715.14,14.88308,241098.8,1017.94,6843.595,,3354.8,7209.5,1830.226,,,,,95999.7,,,290.02,1731.0,,,136954.0,,,78334.12,,,466.4,217359.4,49585.0,,14364.0,,9365.2,11793.45,5877.64,20542.49,2513.9,24388.8,25107.0,4.903672,,8210.0,90563.0,,,,796.6685,125025.26,46.84,1788.5,,,8.825682,8.311055,84866.0,,3297.75,55983.99,,7.3,2500.0,5498.068,23224.466,112044.7,,639.29,14400.8,2.397224,625073.3,4629.0,6190.902,6404723.0,,32568.76,723.8455
1997.0,,,4213083.0,26431.0,232.5,62872.0,58610.9,,86.53,171814.2,,5323.2,,,,158.68,,52949.0,210.48,,226.24,218891.5,72517.8,17938.0,182791.0,11549.027,4205.5,1659.327,22332.7,512445.0,51.6,49107.0,,13894.0,409436.2,192582.5,5264.363,3962.7,,104049.76,2139.303,551.18,40969.0,329103.0,169527.0,,10.724,,,,4446269.0,188051.0,,4.3103,17388.4,53443.6,1270.73,53485.0,1849.8,20298.5,240357.0,,1838.097,420586.0,2072.025,136164.2,14.21956,272264.8,661.1,7055.666,,3860.1,7063.5,1648.286,,,,,110431.6,,,249.31,1630.9,,,140761.9,,,78620.37,,,576.9,209565.6,48497.0,,14212.0,,8758.2,13907.54,6824.55,25227.71,2142.2,25712.1,24495.0,4.561457,,8411.2,85945.0,,,,913.8411,124910.11,16.65,2426.1,,,9.644434,8.370768,82884.0,,3286.7,58431.34,,9.8107,2542.4,5568.14,26261.071,119607.1,,591.79,14231.9,2.72574,689180.0,5391.0,7402.422,6556262.0,,35256.23,390.0235
1998.0,,,4246404.0,26432.0,223.39,55915.0,62752.2,677.751,64.57,179068.6,,4296.2,,,,153.69,,51078.0,189.96,,83.1,220451.1,75431.0,16384.4,183711.0,10865.624,5525.7,1720.327,25909.29,543782.0,60.1,48838.0,,10209.0,402344.1,181955.7,4203.052,3141.5,,109235.46,2526.334,626.915,43191.0,342720.5,163776.0,,18.567,,,,4483684.0,174000.0,,4.54,18446.9,48847.6,1379.3,64440.0,1921.2,20633.3,245735.0,,1803.311,388224.0,2009.336,132313.16,9.551756,275395.2,660.9,24270.85,,3710.8,8033.5,1594.965,7166.578,,,,117539.3,,,450.36,1831.7,,,179974.1,,,73248.44,,,573.3,217688.1,40373.0,,12030.0,,8514.3,15181.6,5756.77,29496.34,1772.4,28252.7,25443.0,4.836139,,8253.7,73742.0,,,,1031.014,109992.07,7.16,2441.3,,,10.71919,9.0486,84960.0,,17616.97,54481.33,,10.8027,2257.6,5768.333,26973.951,147254.8,,510.21,12637.4,2.768737,682138.5,5214.3687,9432.083,6586499.0,,29454.81,498.8069
1999.0,,264.0326,4299144.0,23309.0,232.2,56084.0,64119.4,1025.231,54.35,178948.5,,3960.5,,1084.768,,166.94,,47945.0,198.19,,81.48,248291.9,76094.5,17227.3,194930.0,11617.041,6662.4,1722.914,26241.32,542831.0,53.5,50363.0,,12525.0,435054.9,182076.2,4451.085,3559.4,,109956.1,2381.301,456.71,41779.0,322420.5,166343.0,,7.072,,,,4546469.0,174035.0,,4.303344,25012.5,48665.5,1536.16,71214.0,1999.8,22778.1,235061.0,,1828.888,420114.0,1754.149,143685.47,12.21842,292222.4,676.8,28504.77,,2753.9,7760.5,1723.55,7508.274,,,,136361.8,,,702.18,1983.2,,,205739.7,,,84620.96,,,546.1,217188.7,45438.0,,12476.0,,8528.7,15845.15,6087.53,35036.92,1875.4,27334.9,25256.0,3.613722,,8504.7,69656.0,,,,1148.186,114700.52,4.54,2510.1,,,10.22698,8.553135,85003.0,,21028.8,58501.28,,6.8266,2803.9,5876.112,26587.225,124522.5,,485.76,11581.6,2.241501,695796.7,4196.1281,9964.642,6725906.0,,30364.12,713.8331
2000.0,7691.2,258.2952,4625075.0,26340.0,294.0,63733.0,64120.7,1858.335,50.04,187750.6,,4821.5,,1024.206,,199.96,,54992.0,272.33,,48.57,288653.1,74809.9,19282.9,249202.0,13158.4,4111.0,1315.12,28997.55,549834.0,53.7,50315.0,,22031.0,531968.0,228343.2,4907.004,4689.1,,113267.41,3164.496,427.2825,45448.0,278006.5,186824.0,,,7390.41,,,4898098.0,202049.0,,4.431597,28092.0,62124.0,1906.52,77118.0,1897.1,28340.8,239731.0,,1895.351,479075.0,1764.082,172267.53,19.4284,341064.3,714.3,34726.04,,3548.3,7826.9,1865.13,7428.518,,,,166120.7,,481.4074,845.97,2340.8,,,266725.0,,,98229.05,,,642.7,230729.4,59996.0,801.9423,13281.0,,9028.0,16545.89,6954.92,38078.25,2095.5,31684.5,25069.0,3.64011,,10359.0,99220.0,,,,1265.359,137732.42,12.09,2941.3,,,11.84966,8.732158,87590.0,,26098.5,69775.55,,,4749.9,5854.113,27774.905,129044.6,,440.9,14572.5,2.30209,781918.0,5505.2462,10674.72,7408204.0,,34106.38,614.2693
2001.0,6379.9,304.6707,4474458.0,26541.0,345.75,63233.0,66482.7,2078.931,38.5,190319.6,,5115.2,,1031.008,,162.5,,58033.0,259.36,2544.295,71.26,271365.4,78047.6,18341.0,266099.0,12329.895,4116.5,1485.276,33358.17,571383.0,43.4,51026.0,,19133.0,524640.0,239982.4,4678.436,4127.9,,115156.66,3312.847,396.8625,42823.0,269000.9,190682.0,,,9497.578,,,4749862.0,190076.0,,4.665908,30497.9,56323.1,2045.16,82998.0,2014.2,25718.2,244200.0,,2290.14,403247.0,1944.47,150439.14,16.20516,335234.1,889.3,32591.62,,4279.3,8200.5,2001.11,7146.766,,,,158779.8,,604.91,979.65,1932.2,,549.2137,248966.9,,436.39,87969.18,,,589.3,233833.0,59204.0,736.9886,13713.0,,9235.8,17351.67,7025.72,32150.18,1805.4,36161.3,24926.0,3.23433,,11383.5,96555.0,,,,1382.532,121691.19,28.22,2863.8,,407.24,12.64314,9.252442,78088.0,,23916.2,65186.64,,17.5063,4279.7,6634.85,31334.216,141596.1,,467.24,16264.7,2.061001,729100.6,5758.7628,13076.44,7205475.0,,33549.91,650.2029
2002.0,7509.6,339.3648,4669872.0,25650.0,507.14,64995.0,73185.9,2304.893,30.2,216062.1,,5633.3,,1015.035,,160.23,,60148.0,241.48,2569.725,95.65,263161.5,87454.7,18248.4,325595.0,11975.39,4178.8,1790.193,38503.19,616333.0,42.7,56365.0,,18799.0,600875.1,264888.3,5036.123,4707.6,,123687.67,3448.153,394.835,44720.0,298852.1,187459.0,,3.432,10336.2,,,4961933.0,200304.0,,4.903583,34336.7,57105.8,2448.39,88637.0,2231.1,25639.0,254597.0,,2773.207,417161.0,2182.878,162470.53,15.35826,337251.2,1045.495,32942.86,,5233.3,8506.6,2284.22,7846.974,,,,161045.9,,593.38,1033.52,2111.5,,461.915,254943.3,,376.58,94060.19,,,558.8,238076.9,59647.0,567.5252,14390.0,,9947.8,16130.55,7713.9,35208.15,1640.8,41032.1,26908.0,3.216628,,13875.0,102068.0,,,,1960.9,126245.77,46.33,2995.1,,362.59,14.4776,10.35697,83049.0,,23606.2,68156.32,,13.915,,6900.55,36059.09,172895.2,,478.17,17957.0,1.861037,693101.4,4993.7215,16957.03,7589307.0,,33948.6,1082.518
2003.0,9303.8,450.1691,5421764.0,29940.0,678.12,70388.0,89328.3,2624.513,38.7,255825.6,,7534.2,,1344.976,,380.61,,72776.0,249.75,2809.812,116.72,284704.6,100831.6,21746.9,438229.0,13128.523,4478.1,2191.219,48708.21,752420.0,40.1,65355.0,,23163.0,745265.2,338760.8,6222.694,6293.7,,156144.12,4530.992,562.7911,52557.0,421139.8,187883.0,2562.39,2.578,13485.8,,,5770353.0,224019.0,,6.186633,43007.7,61034.5,2743.19,93573.0,2380.3,27913.3,300087.0,,3081.127,471927.0,2410.673,193817.45,20.6712,368618.8,1523.935,15726.26,,6970.1,9988.6,2892.47,8768.245,,,,164766.4,,762.76,1071.11,2467.4,,620.5533,227810.0,1898.644,502.64,104706.47,,,610.8,286747.1,68332.0,662.3053,16527.0,,11843.7,16280.63,9090.73,36231.19,2212.4,53699.3,33128.0,3.437116,,17684.9,129060.0,,,,2606.7,161381.19,83.86,3128.1,,482.11,21.98667,12.76692,102499.0,,7821.65,80039.43,,10.8222,5178.2,8030.266,47252.835,186809.3,,572.21,23067.0,2.208151,724770.8,5279.2725,20102.08,8863471.0,,41598.19,1484.199
2004.0,13231.9,605.9108,6438047.0,34576.0,714.88,86592.0,111769.2,3742.982,47.86,307909.3,,9942.1,,1792.276,,409.04,,95122.0,278.23,3520.276,82.91,329364.6,117876.9,33117.2,593326.0,16788.328,4966.6,1979.632,67193.55,909920.0,41.4,75652.0,,31304.0,959145.1,460193.5,7752.892,7682.3,,182244.61,5933.149,660.8089,60946.0,535079.7,191062.0,2704.46,9.337,16649.1,5033.5,,6875767.0,259397.0,4533.8,8.024157,55468.7,71584.6,3472.69,105690.0,2889.5,33812.6,353694.0,,3882.318,565830.0,2683.45,253844.68,28.57405,446569.2,1747.02,19264.82,,9307.9,12172.6,3981.63,9922.361,,,,187998.6,,1046.96,1264.34,2633.4,,853.2867,285605.1,2117.36,458.7,126645.5,,,759.9,344300.2,82523.0,755.9527,20356.0,,12953.9,17928.02,12809.15,39680.53,2558.0,73781.2,38468.0,4.164183,,23487.8,177860.0,,,,3632.7,199325.27,135.94,3304.7,,625.06,27.64449,15.87887,123338.0,,9337.64,96530.52,1356.7,9.5328,6373.6,9691.155,63167.153,211384.8,,759.12,32666.0,2.93723,814874.7,6949.8473,25281.78,10712952.0,,52298.98,2587.179
2005.0,23675.5,658.8878,7006136.0,40386.0,952.3,105894.0,117632.8,7648.962,55.89,335472.1,,11724.8,,2400.41,,425.61,,118597.0,359.43,4434.556,103.11,371330.1,125974.7,42082.1,761953.0,21146.087,5372.0,2194.137,77984.63,977154.0,41.4,82282.0,,46003.0,1180281.0,571378.8,10100.031,10343.6,,190852.08,7694.678,917.31,65186.0,557912.3,212494.0,2802.21,,18434.1,5381.0,,7504957.0,289506.0,5048.0,8.772553,62272.0,85659.9,4393.45,108388.0,3093.2,36610.8,372685.0,,4302.097,595264.0,3227.307,284418.76,44.86815,530420.8,1879.745,23672.75,,11775.0,12578.1,5109.71,11184.28,1090.9,,,214233.0,,1406.73,1695.57,2428.8,,1051.6736,369726.7,,493.64,141626.39,,,866.3,378175.2,103740.0,868.603,21738.0,,15916.5,19045.31,17367.68,41254.67,3280.1,89378.1,38717.0,4.857487,,27645.1,240025.0,,,,4825.9,230373.69,158.62,3436.6,,837.9,31.85179,17.89603,130875.0,,10871.43,110951.66,1469.6,13.2908,9941.8,10643.01,73476.408,231027.3,,1015.86,34228.4,3.421893,901081.8,7200.1481,31198.0,12013293.0,,58943.0,3240.008
2006.0,31711.3,790.4361,7883833.0,46546.0,1004.0,123478.0,130409.5,13014.633,58.38,366858.3,,15064.2,,3320.845,19733.7,533.55,3952.0,137579.0,509.75,4539.326,112.57,399326.0,141707.3,59516.7,968935.0,24511.97,6127.1,3101.499,95143.21,1122411.0,41.4,90949.0,,54613.0,1456434.0,694728.3,12728.148,13706.2,,213406.43,9700.1,,77307.0,622840.5,246418.0,3726.68,,21537.5,6012.9,,8472848.0,316788.0,5276.5,10.37696,74055.7,100798.6,5521.66,109953.0,3467.3,39700.5,417327.0,,5205.643,646441.0,3439.349,325464.87,55.88315,630834.8,2282.527,29223.52,6884.0,14156.4,13934.2,5893.71,12739.26,1050.4,,,249925.3,,1787.97,1264.74,2854.4,,1529.4523,442483.5,2347.862,682.32,160835.34,,,1049.9,433578.9,122122.0,901.063,22450.0,,16811.4,20397.02,23830.14,47410.1,,109584.1,44794.0,6.007397,,32479.7,297483.0,,,,5656.6,273468.75,228.21,3730.1,,1123.33,41.87542,21.2925,147963.0,,14694.82,129949.72,1457.1,9.0864,14150.7,11710.88,85534.675,252842.0,,1175.87,38367.8,3.989322,1025968.0,6815.8535,38920.0,13800302.0,,66066.79,3697.497
2007.0,44409.7,1078.505,8926531.0,55982.0,1219.79,141378.0,157351.2,21269.317,50.61,431922.9,12684.34,18523.3,,4163.307,24275.3,487.67,4504.0,159817.0,523.82,5164.048,83.96,431273.9,164856.6,68716.3,1218122.0,30279.241,6655.7,2340.296,122760.3,1324094.0,36.3,101971.0,,60163.0,1772972.0,852448.6,14321.314,16201.2,,248967.94,11020.249,,90110.0,765666.0,222825.0,4194.72,,26557.7,6897.7,,9619709.0,344735.0,5783.6,12.36393,94591.0,114101.0,6190.17,124150.0,4783.2,45916.5,500350.0,,5735.391,714126.0,4081.156,371489.09,62.67148,709129.6,2816.321,27133.29,7640.0,17166.3,15965.7,7893.62,15336.92,1340.0,,,271875.3,,2558.72,1108.43,3163.9,,1888.9798,479510.7,2249.165,873.13,176064.79,,,1224.9,511438.1,136460.0,897.4312,26954.0,24171.26,17227.1,22526.65,28094.01,50465.72,,138785.0,52505.0,7.533976,,40571.8,346530.0,,44717.68,,8879.1,301699.53,244.46,4014.6,,1287.44,58.05013,26.85725,169059.0,,9395.1,153867.49,974.7,7.6625,13332.2,15193.09,107271.751,187285.0,2510567.0,1764.97,49296.1,4.517552,1148199.0,5487.7074,48659.0,15307247.0,,79422.75,4876.709
2008.0,64862.1,1354.734,10052877.0,70020.0,1057.16,186504.0,173266.4,30586.343,60.6,471597.1,15459.58,22585.5,,5059.892,32570.8,581.0,6525.0,195765.0,487.8,4931.882,87.97,461162.1,191403.9,64694.8,1429519.0,36786.374,7213.2,2544.628,146405.6,1450292.0,39.9,116345.0,,79297.0,2069907.0,1094130.0,18818.324,26303.3,8864207.0,277481.1,12476.212,,96819.0,910749.5,252593.0,5269.73,,31273.2,7737.4,,10854194.0,363041.0,6198.3,14.12367,108233.0,137020.4,8412.36,130012.0,5382.0,51320.7,544542.0,,7951.664,781938.0,4970.644,422007.34,87.49474,800222.6,3478.313,34312.39,8111.0,23753.3,17518.3,9290.03,20340.94,1591.1,,,291342.6,8184941.0,2996.4,2004.54,3606.2,,2539.265,661638.2,2390.185,879.05,199660.76,,729.2385,1488.6,590099.1,171601.0,893.7993,30569.0,37727.16,19868.4,22768.23,31018.48,49077.54,,171859.9,57365.0,9.731042,,49758.4,466299.0,,52838.05,,11670.4,341052.97,215.52,4641.2,4481048.0,1661.02,70.26445,29.5995,183787.0,,11200.71,177777.63,1182.8,7.9777,18599.9,19309.97,132027.196,257522.8,4280467.0,2207.64,66967.3,5.941896,1287442.0,5615.8432,62869.0,18982938.0,,91934.76,5050.112
2009.0,40723.7,1104.031,7978530.0,55672.0,697.79,154510.0,130835.5,21096.82,62.02,371511.4,15112.12,16377.5,,3954.259,21304.1,461.75,4959.0,151792.0,378.52,3450.746,107.5,323903.1,166768.8,55623.8,1201609.0,32846.327,6430.8,3433.698,113175.7,1121028.0,34.1,92143.0,,45193.0,1734914.0,767878.1,13863.053,24206.6,7923521.0,220920.92,9063.807,,62891.0,675501.8,227951.0,5839.71,,25147.6,7213.7,,8609019.0,318773.0,4826.8,10.49184,82572.1,116510.0,7967.18,121767.0,4056.5,42065.4,406824.0,,6392.276,580489.0,4470.079,363533.57,53.5717,634077.7,3484.374,31766.46,7084.0,16492.3,12842.6,7170.5,13980.75,1283.0,,,229703.5,7370488.0,1891.92,2366.12,2921.2,,1912.8206,473978.4,1939.864,1186.5,157336.32,3075.849,378.5151,1393.7,467173.2,116713.0,890.1675,24976.0,27902.48,17312.9,18007.79,27070.53,38435.79,,136641.3,44264.0,7.755826,,40674.0,297155.0,,48451.56,,8257.2,271155.64,230.89,3866.2,4446424.0,1392.02,55.57114,22.64636,130855.0,242.14,11687.86,152422.48,1288.0,,9137.6,14454.12,102142.614,291540.9,4294644.0,2326.56,39695.7,5.404763,1056043.0,2890.7175,57096.2,15947485.0,,71628.77,4309.39
2010.0,52773.5,1548.613,9270867.0,68174.0,1011.44,212861.0,144972.1,26476.026,100.47,407273.3,19250.89,20570.9,,4800.241,25283.4,539.97,6401.0,200434.0,428.99,4687.426,111.06,393053.2,186054.6,71422.3,1577760.0,39713.337,7315.4,3197.247,133019.5,1262279.0,36.7,96285.0,6816.0,57052.0,2266777.0,947129.4,17489.922,27309.0,10719030.0,246407.26,11590.698,,69533.0,695725.6,265896.0,7960.09,,28034.3,8462.5,,10011820.0,390397.0,6264.4,11.81068,94749.2,157779.0,10341.0,120635.0,4606.0,50878.6,447112.0,,7046.222,770066.0,5154.883,466383.77,67.28195,807962.6,4252.82,24374.57,8628.0,20733.7,14104.9,8849.37,17755.24,1541.5,,,298473.2,10050158.0,2617.25,2856.22,3718.0,,2916.6914,541933.2,2254.659,1106.03,198749.09,3923.553,519.8935,1822.3,533353.8,130737.0,886.5357,31414.0,36535.74,21005.2,15646.7,35803.07,51497.52,,159757.6,49436.0,10.47437,,49469.4,392674.0,,60217.51,,11404.3,353455.32,341.15,4499.4,6271784.0,2057.31,65.34506,24.71646,158533.0,218.98,2039.12,193305.55,1341.4,,11156.2,16424.05,113883.221,281675.2,6075906.0,2163.96,51405.2,6.724163,1278495.0,2830.7247,72236.8,20031490.0,,91434.03,7197.492
2011.0,66471.2,1950.635,10755845.0,82980.0,1329.49,270559.0,169598.1,34494.88,121.9,476217.1,24549.73,28221.7,,5856.341,41418.4,680.91,8360.0,253666.0,475.12,5899.486,59.44,462487.9,223344.5,81857.5,1898509.0,56914.94,8140.6,3530.141,162896.8,1477623.0,30.8,112930.0,8361.9,73727.0,2717912.0,1203245.0,22322.349,31570.1,13628791.0,298603.57,16728.134,,79162.0,831868.0,302569.0,12785.42,,33786.7,10400.9,1109.8,11635470.0,429225.0,7977.0,13.36402,111217.7,203496.6,14121.39,129794.0,5344.8,58132.1,523537.0,,8028.162,823534.0,5756.139,555213.67,101.9567,989003.4,4265.459,20621.54,10558.0,28054.9,16714.0,11857.8,21639.13,2216.8,,,349433.5,12816542.0,3338.56,1504.42,5285.3,,4820.7843,661309.5,2564.77,1411.37,228266.31,3895.606,623.3869,2251.7,616399.5,160260.0,882.9038,37701.0,47030.91,25195.0,19897.8,46375.96,48304.91,,190247.5,59638.0,12.63865,,63044.8,515408.0,,75439.68,,9688.8,416434.2,349.6,5308.3,8186442.0,2440.03,78.99899,29.2422,186949.0,265.45,1369.36,222575.74,1199.4,,14842.1,17862.28,134906.868,287237.3,7952486.0,2519.12,68394.2,7.911751,1482508.0,3467.6123,96905.6,24424216.0,,108848.7,9010.916
2012.0,70992.5,1968.556,10471268.0,79982.0,1428.1,256491.0,158918.2,32634.038,131.98,446903.3,25273.81,26669.6,,5159.263,46059.8,678.6,11254.0,239951.0,565.09,6015.617,28.51,462840.6,214042.8,78283.4,2048971.0,60125.165,8747.2,3469.822,157166.5,1405183.0,33.9,106145.0,8935.5,71866.0,2883212.0,1214246.0,23764.763,30622.0,15141136.0,286390.05,16087.468,,73158.0,732451.6,298431.0,13552.35,,35344.9,9978.7,1394.01,11319891.0,443137.0,8359.3,12.3684,102831.2,190031.8,15840.41,120189.0,5063.6,53972.1,501835.0,,7907.572,798445.0,6131.361,547869.8,118.8331,996428.5,4483.19,15431.04,9774.0,29620.0,14093.4,12680.23,21424.12,2161.9,,,370769.7,14325519.0,2965.11,3059.48,5693.3,,4388.1844,664745.5,2644.748,1203.16,227767.11,4157.984,593.7624,2672.0,598151.1,160987.0,879.272,37311.0,52097.09,24447.0,21828.9,47410.59,52099.53,,184660.6,58150.0,11.65421,,57930.3,527433.0,,76348.74,,3367.8,415845.74,1003.68,5339.1,9483935.0,2524.66,80.01181,27.08004,172576.0,271.57,1133.93,229084.26,1073.2,18.1548,,17009.84,152461.737,296685.6,9256425.0,2810.48,68809.8,8.75083,1545821.0,3019.5887,114529.2,25637175.0,,99639.41,9380.352
2013.0,67801.2,2331.298,10610915.0,75964.0,1478.75,252646.0,167122.6,31702.945,99.2,467432.8,28279.44,29570.4,8.940907,5686.283,37203.2,443.91,11658.0,232545.0,467.61,7916.49,187.8,466444.0,217147.7,77069.7,2209005.0,58826.37,8647.7,3328.257,162302.4,1445247.0,35.5,110489.0,9424.4,64974.0,3061154.0,1231406.0,24847.846,29017.8,14463586.0,311076.38,16315.872,,74468.0,769921.2,299730.0,13751.92,,36150.1,10024.8,1361.51,11501077.0,459234.0,7805.4,12.74162,108015.2,182551.9,18447.55,118416.0,4999.7,56870.9,518254.0,,7932.84,714866.0,5884.454,559632.44,114.9946,985209.0,3935.997,18701.86,10396.0,32605.8,14136.0,13362.04,21951.68,2428.3,,,380015.1,13623591.0,3155.74,1584.17,5210.5,11232.8,4269.0559,651216.5,2864.231,1194.6,228450.23,3814.368,597.3735,2436.2,622403.6,155994.0,875.6402,39443.0,56541.64,25052.0,20028.5,42860.64,56697.87,,206138.0,62814.0,13.60471,,65843.3,521836.0,,83196.92,,7086.2,420056.29,1526.6,5519.3,8633563.0,2452.92,85.21637,28.62879,167554.0,373.93,931.95,228498.54,892.8,16.3832,,17055.11,151802.637,266597.7,8407122.0,2828.71,63320.7,9.07626,1578517.0,2100.103,132033.0,25105946.0,,96012.49,10617.95
2014.0,58726.1,2429.221,10727030.0,68405.0,1519.3,239994.0,170176.2,28259.629,123.69,472225.3,29951.17,29325.9,8.406125,5893.33,36080.6,358.17,12299.0,220923.0,474.4,8520.78,118.29,480493.3,227888.0,75324.3,2342293.0,54856.755,9135.3,3270.343,175016.8,1492619.0,36.0,110624.0,9898.9,60062.0,3218507.0,1223304.0,25724.432,27374.6,14590149.0,318877.91,15940.003,,74338.0,771798.3,289173.0,13216.79,,35963.5,10803.5,1154.64,11618449.0,473978.0,8117.1,13.8439,112537.0,176292.7,19677.18,122935.0,5091.0,57667.4,529832.0,1448.48,8406.457,690822.0,6044.291,572664.62,102.0646,975268.2,3313.292,17147.18,11131.0,32346.1,15149.3,13777.53,23890.98,2339.5,2223.14,,396913.6,13749137.0,3687.17,3061.91,5020.0,11451.9,5774.3308,599825.0,3091.488,1363.34,234038.73,3825.563,501.9092,2670.8,622868.7,144674.0,872.0083,41616.0,52815.06,24552.0,17943.1,39532.7,62101.61,,222339.4,63837.0,13.10522,126708.2,69677.9,496807.0,,86335.17,,4350.2,415397.57,1256.44,5301.6,8642005.0,2112.75,85.77202,30.5222,164637.0,336.9,872.08,227461.98,896.2,,,16755.16,157610.157,254315.3,8429299.0,2724.77,53901.7,9.164146,1621874.0,,150217.3,25348584.0,50.398,93095.55,9686.235
2015.0,33114.5,1930.598,9448684.0,56784.0,1485.34,187679.0,145884.2,15586.052,122.41,396921.3,32504.85,25473.9,8.777225,5098.803,26660.3,325.74,8727.0,186784.0,482.92,6324.859,74.35,411091.6,210807.2,62120.1,2273468.0,36017.523,9201.3,3370.542,157880.3,1324175.0,30.3,94626.0,9441.8,34668.0,3082830.0,967374.1,18330.608,21866.8,15284177.0,277515.98,12836.337,,59763.0,561627.9,280904.0,10321.08,,28565.1,10674.8,1134.41,10187591.0,465479.0,8225.9,12.84353,100299.2,150366.3,17165.62,124682.0,4767.8,53534.0,457168.0,1254.78,7845.604,624920.0,5907.076,526756.5,54.10135,859831.8,2952.411,13331.73,10546.0,25402.0,12952.9,11653.73,22370.72,1966.8,2137.0,,380556.1,14567156.0,3376.98,1904.35,3998.9,11431.9,4669.2805,405584.4,2658.631,1002.91,199240.3,3236.041,232.0029,2421.7,501372.9,103804.0,868.3765,34355.0,34742.34,21917.0,15912.7,34414.37,58827.22,,200342.8,55066.0,11.10439,77090.3,60583.2,341419.0,,83179.75,,3169.1,357966.98,534.68,5509.2,9941682.0,1617.1,74.99664,26.58704,140026.0,246.3,900.81,214309.59,1185.2,,,14083.36,143838.871,287688.5,9779640.0,2667.18,38127.1,7.687182,1503328.0,,162017.0,24753334.0,52.799,80875.23,7010.547
2016.0,29256.9,1961.398,9396096.0,57910.0,1791.73,192505.0,145153.2,13210.511,110.55,398412.2,34147.02,26688.4,6.681407,5328.572,23537.4,260.8,7082.0,179526.0,516.83,7366.603,,394275.6,213754.5,60769.3,2097644.0,31768.339,9924.1,3002.18,162715.9,1332646.0,22.7,94747.0,9839.6,30027.0,2906915.0,912178.4,16797.667,21718.0,16532264.0,281737.71,13169.874,,57423.0,554648.1,299398.0,11138.34,,28152.7,10449.3,1421.6,10118682.0,462561.0,7959.5,13.64753,103011.0,145133.9,17767.19,132052.0,4490.6,52188.3,461777.0,1188.21,7561.233,645052.0,5693.276,495425.93,46.25064,838093.4,2976.6,13541.35,10311.0,25011.3,13180.8,11608.17,22827.1,2044.5,2257.7,256.2,373953.7,15791552.0,3903.27,,4354.1,11836.5,4916.3353,362251.2,2376.645,,189987.92,3197.494,139.2955,2226.5,500130.2,89525.0,726.2278,33756.0,,20375.0,12933.0,37081.75,57406.1,,205047.7,55377.0,11.98411,57308.6,63533.3,281710.0,,83582.64,183412.5,3093.8,338222.12,82.65,5420.1,11430093.0,1425.65,77.0096,27.65777,139310.0,282.34,,215387.53,,,,13567.39,142529.583,308755.4,11275222.0,2921.25,36361.7,7.042941,1451460.0,,176580.9,25936322.0,56.174,76376.09,6525.592
2017.0,,2302.05,10297311.0,58644.0,2068.63,231132.0,160371.7,15152.059,,429795.9,34943.71,31590.1,6.945048,6398.178,29239.9,292.81,7846.0,214988.0,485.41,5961.868,,424030.4,224105.6,68904.2,2263346.0,38021.86,10631.5,3361.067,182235.8,1445201.0,20.4,101650.0,10134.6,35191.0,3199358.0,1064648.0,19092.351,26287.0,16412310.0,312949.07,14558.539,,67501.0,606178.1,339925.0,13835.03,,32640.0,10982.4,1427.92,11129111.0,497646.0,8655.8,15.77099,113498.4,168828.3,19477.02,138564.0,4904.0,53064.3,507593.0,1363.72,7523.146,698329.0,5745.547,573694.43,55.16261,941134.3,2843.536,16781.14,11362.0,29910.3,14290.7,13194.92,25648.81,2425.0,2852.24,318.4,409432.6,15561942.0,4615.19,,4204.3,13878.0,6200.5929,434419.6,2354.917,,217827.18,3742.819,136.8318,,575793.9,104488.0,725.2048,38076.0,32362.95,21502.0,13817.4,45421.59,68712.9,,231591.3,62151.0,13.31051,67498.3,70793.1,352943.0,668.77,88328.34,221825.6,4060.8,373366.93,115.21,5760.2,10694710.0,,83.51366,31.89415,152961.0,,,236634.66,,,,14191.68,156992.941,,10510500.0,3449.92,43264.7,7.888489,1547196.0,,215119.0,26681158.0,44.074,88980.69,8147.291
2018.0,,2875.214,11176975.0,61781.0,,257097.0,177292.1,20793.769,,468206.2,38569.95,33793.4,7.423054,7182.097,33907.0,,8965.0,231890.0,,6585.663,,452056.8,238409.9,74837.9,2486695.0,41904.778,11280.3,5120.606,202751.3,1556580.0,,108541.0,10638.1,41797.0,3514846.0,1237469.0,21627.978,29229.4,16417619.0,336787.67,17015.868,,75213.0,687182.2,354004.0,14942.72,,39500.4,10969.6,1363.31,12168914.0,531261.0,8643.6,17.21047,122181.4,180012.5,22211.67,165979.0,5611.1,53961.9,549517.0,1879.2,7755.058,738139.0,6053.217,604859.67,71.89559,1023536.0,2951.825,,11889.0,33336.2,15700.6,15069.64,29491.59,2706.1,3131.28,339.2,450712.7,15410753.0,5752.88,,4068.7,16703.6,7011.7577,548472.9,2360.805,,248829.81,4186.159,169.267,2517.0,648597.1,122971.0,785.1404,39674.0,41706.75,23417.0,14754.3,49066.47,69307.41,,264786.0,68357.0,13.73051,84294.1,80013.9,443914.0,695.51,97211.96,294331.1,,411759.78,204.26,5905.5,10007529.0,,93.43211,36.47355,165931.0,,,252956.97,,,,15592.53,167920.612,,9813280.0,3636.18,47335.0,7.502174,1665787.0,,243651.0,27548845.0,45.993,94132.69,9049.841
2019.0,,2719.01,10830773.0,65116.0,,271037.0,171862.1,19868.261,,446918.3,39090.99,33455.5,8.203002,6578.193,32955.0,,8760.0,221128.0,,5255.051,,448788.4,243817.0,68792.3,2499481.0,39489.168,11374.5,3518.032,199676.5,1486911.0,,110196.0,11192.7,35824.0,3524372.0,1216248.0,22329.379,30184.0,,324762.06,16101.111,,72839.0,638279.8,368203.0,15667.54,,37915.3,11169.6,1498.8,11767879.0,509695.0,8787.8,17.06305,122181.4,167683.0,22823.23,170771.0,5257.0,51651.1,537725.0,1653.13,8329.97,705563.0,5837.858,542232.61,64.42945,1017952.0,3731.35,,11941.0,33152.3,14831.4,14509.75,29617.45,2779.2,2690.54,360.8,460603.8,,5981.98,,4259.9,18117.6,7619.633,497016.4,2216.252,,240300.34,3878.078,179.9403,,643178.8,104109.0,,39516.0,38673.25,23494.0,14645.3,47980.46,70926.99,,267062.9,67064.0,12.7019,72934.7,77246.3,419721.0,784.21,98541.44,261568.6,,390420.82,486.86,5905.0,,,89.9308,37.57531,160604.0,,,246268.8,,,,14953.04,171464.943,,,4095.65,50054.6,7.680346,1645940.0,,264267.8,24622458.0,49.063,89561.37,7058.116
2020.0,,2515.086,9970282.0,54884.0,,250302.0,162892.0,12588.157,,421875.6,32418.88,31998.8,8.089091,6152.514,29179.5,,7015.0,209180.0,,4345.425,,390405.5,240227.1,74024.3,2590386.0,31055.813,11612.6,3120.36,192496.8,1379879.0,,107408.0,10301.9,23797.0,3602242.0,1101415.0,20355.362,28845.0,,298713.04,16340.052,,65725.0,561689.0,314202.0,14471.52,,35215.8,11101.1,2556.3,10788070.0,507149.0,7683.7,16.99128,119971.5,163191.8,20425.05,185008.0,4638.6,47490.1,499799.0,1250.6,7953.443,641296.0,6028.474,512498.02,39.75179,933687.0,3544.495,,10048.0,32804.7,13707.0,15232.48,27847.34,2467.1,2006.13,285.7,417170.6,,5535.42,,4063.2,16936.5,7576.3111,362391.0,1792.975,,234766.02,3150.204,95.02026,,601243.9,83400.0,,38542.0,30456.36,21979.0,11600.7,42825.61,65214.52,,272655.2,61496.0,11.49406,51504.2,71174.7,333530.0,1098.63,85881.23,173734.3,,374247.75,358.39,5028.4,,,87.01639,37.5144,155468.0,,,231634.11,,,,13838.96,160656.652,,,4461.29,49204.5,6.863956,1429995.0,,282628.9,23015139.0,37.236,85425.07,7824.269
2021.0,,3560.087,12326690.0,77935.0,,343732.0,195735.0,21692.281,,549173.8,41934.52,41341.0,12.36255,8614.112,39986.9,,11030.0,280815.0,,7427.807,,507749.5,284081.2,94773.8,3357141.0,41389.989,14360.3,3988.887,227353.1,1630849.0,,125300.0,12486.4,37100.0,4613079.0,1478060.0,26699.199,43582.0,,374173.68,21559.434,,81317.0,701609.0,331240.0,14727.45,,47240.5,13619.7,,13437301.0,639089.0,10246.9,21.82803,141157.8,231609.6,29252.48,195980.0,6011.0,56367.6,615545.0,1440.53,9371.573,756023.0,6748.25,644400.36,62.35561,1190765.0,3886.526,,12500.0,40699.5,16648.1,19416.53,36632.74,3144.4,2729.71,285.4,494949.5,,7145.49,,4214.1,,9212.241,556463.3,1966.944,,299424.55,3572.45,114.634,,812282.2,172908.0,,44904.0,44332.99,28788.0,16689.8,62966.84,74693.11,,342005.9,75220.0,14.09039,87361.0,88311.8,494350.0,1011.96,113719.9,276105.9,,456799.6,,6574.6,,,104.6868,46.69844,189514.0,,,272006.08,,,,16753.48,213598.369,,,4493.85,68072.3,9.535281,1757822.0,,336166.9,29097694.0,28.825,122595.1,11120.31
2022.0,,4309.315,13449237.0,88445.0,,411730.0,204842.8,40868.584,,637609.0,51018.1,49936.2,15.04499,9678.153,,,,334134.0,,8330.102,,599019.8,290784.4,98548.2,3544434.0,56910.139,15723.2,4419.636,241981.4,1676457.0,,131071.0,13776.9,,4974485.0,1644658.0,32658.321,50828.0,,409296.17,22380.772,,86059.0,661069.0,422611.0,17494.36,,57522.7,15654.2,,14815282.0,579780.0,12281.0,25.38317,149935.1,291852.0,35581.2,219580.0,7422.4,66484.8,658506.0,,12792.88,746824.0,7369.77,683584.78,98.76212,1383971.0,3491.761,,13107.0,46480.9,17161.5,22404.15,42026.06,4332.1,,399.9,577735.3,,7693.84,,4901.8,,12580.2367,794616.8,2330.428,,352093.86,4169.968,151.2068,,922396.7,276931.0,,45711.0,66135.58,30901.0,20850.0,66235.36,78977.56,,365750.7,82454.0,13.86625,131067.6,96669.3,592063.0,1326.56,132121.9,410673.5,,514862.87,,7115.2,,,108.1129,55.30935,197776.0,,,287424.91,,,,18617.17,235247.083,,,4274.71,44139.3,11.18332,2065157.0,,371715.3,32087296.0,41.58,123237.0,11651.42
2023.0,,,,,,,,,,,,,,,,,,,,,,,,,,,,,,,,,,,,,,,,,,,,,,,,,,,,,,,,,,,,,,,,,,,,,,,,,,,,,,,,,,,,,,,,,,,,,,,,,,,,,,,,,,,,,,,,,,,,,,,,,,,,,,,,,,,,,,,,,,,,
