Unnamed: 0,Advanced Economies,Argentina,Australia,Belgium,Brazil,Canada,Chile,China,Czech Republic,Germany,Denmark,EMDE East Asia & Pacific,EMDE Europe & Central Asia,Emerging Market and Developing Economies (EMDEs),Spain,Estonia,Finland,France,United Kingdom,High Income Countries,"Hong Kong SAR, China",Hungary,Indonesia,Ireland,Israel,Italy,Jordan,Japan,"Korea, Rep.",EMDE Latin America & Caribbean,Low-Income Countries (LIC),Mexico,Middle-Income Countries (MIC),EMDE Middle East & N. Africa,Malaysia,Netherlands,Norway,New Zealand,Peru,Philippines,Poland,Russian Federation,EMDE South Asia,Singapore,EMDE Sub-Saharan Africa,Slovakia,Sweden,Thailand,Turkey,"Taiwan, China",Uganda,United States,World (WBG members)
,,,,,,,,,,,,,,,,,,,,,,,,,,,,,,,,,,,,,,,,,,,,,,,,,,,,,
1994Q1,998336.5,,22817.81,55480.81,16152.14,,,,,133405.7,,,,,26027.81,842.1224,,,40849.99,1021928.0,31689.81,,,9668.195,,,,84020.69,14156.0,56461.15,,24649.35,,,,79004.43,23279.98,4243.053,3223.656,4720.739,,,,16084.87,,,20141.51,15143.35,65.20764,23333.61,,148695.9,1279666.0
1994Q2,1037709.0,,24684.21,58214.2,20147.92,,,,,143828.9,,,,,26892.28,917.8002,,,42884.06,1062231.0,37119.63,,,9889.376,,,,84694.15,16628.85,62227.17,,24908.17,,,,67651.28,23147.68,4829.996,3465.071,5008.926,,,,20215.39,,,20817.43,16107.31,118.5062,24208.27,,156056.2,1335394.0
1994Q3,1029487.0,,24008.92,62725.9,20745.14,,,,,137736.6,,,,,23523.45,853.1074,,,42080.3,1053815.0,41238.84,,,9464.229,,,,89026.24,16184.75,61504.09,,23544.83,,,,64601.19,22835.65,4114.373,3667.361,5352.187,,,,21072.27,,,18718.59,17372.47,147.0841,23989.75,,154462.7,1327422.0
1994Q4,1102648.0,,24981.81,64641.1,17931.82,,,,,150187.6,,,,,29090.26,986.7386,,,45804.48,1128705.0,41221.49,,,11397.25,,,,91955.84,19499.61,61201.79,,26408.67,,,,64395.82,26571.02,4273.112,3381.131,5710.597,,,,21277.78,,,23750.67,18290.73,190.3764,24478.53,,165894.3,1415420.0
1995Q1,1104292.0,,22963.47,73459.18,15114.34,,,,,152299.7,,,,,28433.46,926.3484,8603.772,,46659.32,1130388.0,36930.21,,,11238.4,4097.391,,,90096.74,17349.53,60837.13,,28846.39,,,,69263.84,25526.88,4529.659,3476.542,5359.287,,,,20296.53,,,23174.63,18499.36,169.6706,22565.51,,166284.4,1416640.0
1995Q2,1124631.0,,23879.97,75048.3,17862.39,,,,,157228.4,,,,,28357.51,947.8055,9566.043,,47742.63,1151207.0,41669.36,,,11414.31,4142.376,,,92778.71,20678.99,65805.83,,29822.58,,,,58477.45,24031.17,4868.037,3626.617,5844.059,,,,22141.56,,,22892.58,18769.55,182.7506,23795.31,,170227.7,1447990.0
1995Q3,1099812.0,,25646.21,73946.8,19043.55,,,,,147162.3,,,,,25332.53,936.8225,8269.723,,47475.23,1125802.0,45819.41,,,11477.82,4168.562,,,89718.47,21020.22,69909.58,,31710.73,,,,57987.78,24908.44,4225.208,3757.166,6483.11,,,,24036.85,,,20435.7,19527.64,199.8428,23501.78,,165283.3,1425984.0
1995Q4,1172876.0,,26892.6,74164.11,18363.95,,,,,161081.0,,,,,30635.24,1005.08,9528.896,,52798.95,1200592.0,43835.03,,,13049.65,4500.325,,,93680.03,22989.7,70406.86,,32876.99,,,,59542.55,26750.97,4360.191,3658.27,6568.735,,,,24537.57,,,23830.68,19740.15,285.2154,25508.33,,177227.0,1513458.0
1996Q1,1165218.0,,26592.58,74861.89,15591.92,,,,,154984.9,,,,,30570.98,845.9184,8490.222,,54291.05,1192754.0,38502.38,,,12873.14,4711.317,92044.9,,89201.31,21222.92,67897.04,,33608.43,,,,66771.54,28545.73,4360.44,3741.842,6061.697,,,,24035.67,,,23578.09,17223.01,307.2196,21049.53,,177295.8,1496834.0
1996Q2,1191102.0,,27916.92,74652.1,18943.56,,,,,155380.1,,,,,33277.96,926.2482,9450.749,,54774.47,1219249.0,43046.41,,,13092.37,4486.252,98826.04,,90161.6,23522.21,75441.26,,36081.07,,,,62316.25,27336.03,5042.09,3800.111,6374.843,,,,24495.14,,,24254.47,16631.88,347.1779,23235.59,,179847.3,1535809.0
1996Q3,1169182.0,,27649.26,75150.63,19596.49,,,,,155504.3,,,,,28596.55,965.2838,8700.976,,54190.08,1196812.0,48065.42,,,12582.32,4615.047,90690.02,,94991.46,21747.63,78165.78,,37237.24,,,,60902.88,27106.93,4499.982,4115.429,6698.199,,,,25231.15,,,21654.51,16792.54,429.8121,22232.23,,173001.8,1513646.0
1996Q4,1271718.0,,29340.22,74167.62,18195.36,,,,,169274.3,,,,,35211.34,1079.858,10420.88,,57943.91,1301770.0,45947.89,,,14697.97,5293.715,103592.2,,102178.1,26328.58,78698.44,,39175.01,,,,65073.48,29737.85,4837.773,3994.139,7162.516,,,,26432.21,,,25534.36,17353.63,593.5746,22960.98,,192047.1,1637917.0
1997Q1,1227580.0,,28069.39,74816.93,16434.4,85162.59,,,,161320.8,,,,,32677.66,1047.239,9797.363,,56465.27,1256589.0,39909.02,,,15123.17,5483.291,95188.53,682.3267,98386.89,22599.25,75106.65,,37913.2,,,,68204.28,29268.48,4554.267,4216.226,6526.989,,,,25150.7,,,24831.02,16831.2,639.5078,21351.69,,192400.2,1579979.0
1997Q2,1318154.0,,30564.05,75031.14,21233.79,90249.47,,,,174970.1,,,,,37182.07,1226.432,10983.95,,58434.53,1349303.0,45600.69,,,16296.84,5326.595,106942.2,764.0092,104685.3,26944.03,87589.86,,42269.38,,764.0092,,68352.21,30103.94,5496.512,4794.341,7427.707,,,,28016.62,,,27151.94,16683.5,794.1202,24565.34,,204240.5,1702713.0
1997Q3,1297436.0,,30375.64,75413.49,22584.37,87315.61,,,,175320.6,,,,,33530.67,1249.716,10940.44,,56611.69,1328096.0,50215.12,,,16584.89,5890.948,100632.1,937.0168,106633.7,26572.26,90935.35,,43838.18,,937.0168,,66116.14,28950.56,4832.399,4483.587,8337.97,,,,29191.28,,,24688.4,18133.4,991.0424,24970.52,,197902.2,1685116.0
1997Q4,1386170.0,,31547.23,75843.95,20386.25,92676.27,,,,186917.6,,,,,40530.75,1505.054,11694.38,,59964.71,1418927.0,50179.79,,,18002.61,5825.03,112171.1,880.3603,110918.9,31557.21,90537.46,,45940.26,,880.3603,,70419.52,30942.11,4935.528,4269.375,9242.374,,,,29392.19,,,28416.28,19457.07,1296.683,26843.79,,212574.3,1794146.0
1998Q1,1337107.0,,27673.01,77234.83,18441.16,92836.97,,,10859.94,183907.1,,,,,37755.92,1388.463,11668.34,,56594.04,1368705.0,40535.17,,28391.95,17978.01,6217.688,105268.7,719.1892,102212.1,27197.47,85983.45,,45261.75,,719.1892,,74766.17,31988.39,4864.623,3342.022,8804.974,,,,27432.05,,,27698.08,18548.93,1430.774,27184.71,,206414.7,1724856.0
1998Q2,1381069.0,,30694.35,77107.29,22790.05,98232.14,,,11270.32,191781.4,,,,,40949.54,1513.621,11973.58,,57914.5,1413705.0,45624.38,,26940.82,19547.17,6331.063,112011.0,796.7961,101256.3,31025.22,96141.67,,48453.14,,796.7961,,72959.65,29346.42,5191.166,3722.533,8287.952,,,,27907.96,,,28030.0,18599.75,1600.458,33258.37,,205194.2,1784356.0
1998Q3,1336283.0,,30321.5,78101.53,22490.12,95390.92,,,10648.3,183529.6,,,,,34831.38,1412.627,11273.91,,56760.25,1367861.0,47103.57,,28586.01,19610.29,6151.617,101251.8,921.7256,103671.7,28232.3,95026.63,,47113.03,,921.7256,,71348.04,27704.22,4763.868,4493.119,8844.686,,,,28583.83,,,26415.46,19129.31,1742.628,35970.19,,195860.4,1734805.0
1998Q4,1425328.0,,32130.4,77325.52,19881.03,103537.4,,,10919.51,193384.5,,,,,39693.88,1578.683,12076.53,,61788.53,1459010.0,45550.52,,24454.67,21406.78,7324.505,108525.6,947.4029,106034.8,31822.91,97950.58,,51424.8,,947.4029,,76122.81,30509.8,4987.689,5070.377,8100.9,,,,27991.19,,,30533.38,19681.68,1957.192,36887.95,,218697.1,1836491.0
1999Q1,1360970.0,,28892.29,78408.63,18047.61,106268.2,,,10781.8,185580.1,,,,,38717.5,1342.092,11451.1,124439.6,57634.45,1393132.0,38570.65,,21880.67,20358.39,7119.787,100044.0,781.9646,101258.4,28615.96,92934.15,,50051.63,,781.9646,,78577.22,30384.76,4972.263,4365.433,9634.103,,,,26064.5,,,28726.15,18187.97,2167.121,30410.73,,204743.9,1752332.0
1999Q2,1415112.0,,30367.25,78178.29,23563.13,109627.9,,,12532.59,196810.6,,,,,42228.19,1447.742,12152.22,122235.7,60762.28,1448553.0,44582.08,,23035.84,22052.37,7253.779,107022.3,888.6013,102404.9,33660.69,105189.3,,53970.19,,888.6013,,76743.42,30012.83,5222.593,4487.254,9098.947,,,,29202.85,,,29780.13,19809.6,2590.169,31537.94,,210985.1,1830814.0
1999Q3,1408361.0,,32368.58,79704.41,24121.8,106148.1,,,11856.71,195334.4,,,,,36839.37,1464.121,12083.41,118286.8,64641.72,1442282.0,50230.17,,25057.98,23032.14,7847.073,101547.4,919.8509,111740.2,33121.34,107427.2,,54735.64,,919.8509,,75346.49,29088.68,5085.511,4908.129,10385.53,12569.31,,,29784.47,,,27983.08,22396.23,3005.643,28115.84,,208489.5,1833160.0
1999Q4,1534654.0,,35179.19,78324.36,24443.35,112859.9,,,12926.25,212790.1,,,,,45008.51,1582.871,14107.65,131226.5,68430.94,1571731.0,50799.89,,24140.88,25246.66,8707.719,118108.4,963.9165,116580.5,38380.24,109122.6,,55692.62,,963.9165,,84642.19,33024.45,5233.572,4951.559,9280.067,13806.82,,,32277.62,,,31814.25,24046.11,3812.746,28515.78,,229031.5,1984357.0
2000Q1,1516550.0,,32354.97,81219.58,22069.66,115638.8,,,13195.92,214151.7,,,,,44454.81,1816.792,13334.61,120634.9,69589.91,1554018.0,46457.86,,23611.09,25351.52,9257.533,115241.5,775.9705,116360.7,34822.25,106533.4,,56219.48,,775.9705,,90897.55,31681.1,5353.234,4779.48,9726.58,14450.07,,,30040.38,,,31474.18,24131.36,3950.472,26059.72,,227539.4,1961512.0
2000Q2,1566020.0,,34188.04,80897.25,25658.88,118205.1,,,14052.04,221668.9,,,,,47349.7,2046.582,14300.55,116807.4,70192.64,1604764.0,52146.91,,25447.77,27584.34,9197.695,118918.3,1029.494,121115.1,38892.29,116711.1,,60377.64,,1029.494,,89406.59,30375.7,5796.358,4968.087,10153.8,14974.18,,,32600.14,,,32960.72,23477.24,4625.799,30748.49,,236308.1,2032352.0
2000Q3,1543202.0,,35701.2,82445.67,27104.42,112135.8,,,13293.98,218455.8,,,,,41383.03,2101.503,14607.27,104141.7,65800.81,1582345.0,59028.81,,27025.07,28003.49,9424.983,115005.7,1091.139,126032.2,38613.04,120934.9,,61930.19,,1091.139,,88153.89,30507.81,5061.967,5263.415,12414.64,15692.4,,,35925.14,,,30766.52,27492.3,4677.585,30626.74,,236019.5,2019867.0
2000Q4,1651037.0,,36487.32,81154.51,24804.58,117967.1,,,15252.23,243087.5,,,,,49504.53,2364.644,16339.96,115031.8,72370.4,1693648.0,57478.9,,26252.75,30261.9,10048.04,128137.5,968.9763,127965.2,42401.01,121694.9,,64537.92,,968.9763,,96173.69,33926.54,5395.642,5548.116,11044.87,17501.42,,,37254.54,,,34656.93,28239.55,5327.754,32621.77,,243795.1,2147712.0
2001Q1,1603360.0,,32921.19,82271.02,24782.24,115052.6,,,15686.58,238385.2,,,,,48894.62,2195.589,14641.99,119233.3,68771.61,1645031.0,47988.5,,25749.3,34745.04,9815.07,124538.2,952.1286,116373.1,39851.35,113297.9,,58721.21,,952.1286,,100041.9,33697.23,5312.467,4839.715,10452.34,17278.32,,,33627.15,,,32849.46,25512.11,6136.171,30418.0,,235305.3,2080385.0
2001Q2,1583439.0,,35533.49,82837.47,28321.42,115930.7,,,15925.77,238847.6,,,,,49971.45,1751.217,14677.74,109490.8,64812.26,1624564.0,50817.48,,26202.85,32213.96,8803.995,126173.5,1138.204,112028.2,39890.54,120530.0,,60314.43,,1138.204,,95463.48,31354.9,5938.915,5346.465,9113.207,17036.41,,,32514.68,,,32371.16,26066.82,10459.2,35083.71,,230520.2,2068441.0
2001Q3,1507513.0,,35894.47,83998.54,29132.0,105892.3,,,14710.46,232866.0,,,,,42744.24,1329.207,13706.35,102939.2,60435.72,1548067.0,56256.87,,24979.24,33741.36,8806.905,112284.9,1238.788,111834.6,38888.58,120219.8,,58822.0,,1238.788,,89016.04,32348.57,5403.7,5786.433,10315.53,17581.97,,,32077.63,,,29448.53,26718.19,11918.02,36029.08,231.6013,207355.9,1982684.0
2001Q4,1583980.0,,35885.05,85661.96,26976.42,109705.1,,,16534.8,239491.3,,,,,48774.94,1560.13,16370.54,112008.9,62465.49,1626349.0,52126.35,,23436.19,34142.91,8970.397,127110.4,1267.687,111848.1,41418.78,118531.8,240.1063,59895.41,,1267.687,,94490.84,36935.48,5469.3,5552.433,9718.057,18239.04,,,34256.15,240.1063,,33420.32,25904.69,14666.17,40828.73,240.1063,214010.7,2071060.0
2002Q1,1538199.0,,33387.24,87244.85,23737.6,111871.8,,,16241.55,234011.0,,,,,47187.11,1431.993,14260.65,106953.8,56408.64,1578944.0,46628.12,,24195.79,38683.41,9907.6,115926.1,1145.442,111027.1,40126.51,107050.6,282.9431,54909.03,,1145.442,,95843.95,33124.18,5543.781,4825.277,10334.2,17323.59,,,32759.65,282.9431,,32730.16,25104.58,12242.92,40875.54,282.9431,206123.5,2003599.0
2002Q2,1619336.0,,35168.84,86961.16,25612.93,115453.3,,,16886.32,243026.4,,,,,50039.38,1716.016,15769.01,115960.0,60264.72,1662423.0,53682.14,,24651.64,36576.26,10798.75,120917.7,1444.309,120143.1,44390.17,117705.4,281.1985,60417.52,,1444.309,,93805.02,34367.46,6330.091,5749.455,10364.27,18424.09,,,36813.69,281.1985,,33981.7,26374.77,13608.23,46164.45,281.1985,219169.9,2113598.0
2002Q3,1592759.0,,36081.02,89693.89,36065.37,110303.4,,,16024.69,242935.2,,,,,45575.47,1629.707,14875.55,116066.2,54923.19,1636454.0,62557.22,,24722.09,34414.46,9616.642,113466.8,1528.243,124402.6,45344.62,130748.2,220.5205,59756.08,,1528.243,,91618.79,32355.05,5723.911,6128.475,11966.19,19401.48,,,38921.25,220.5205,,29911.89,27969.76,17097.42,45266.8,220.5205,210443.9,2103765.0
2002Q4,1670036.0,,36530.59,88671.17,33039.22,112285.5,,,17471.93,251676.6,,,,,52620.91,1920.398,17161.23,128147.1,52305.67,1716196.0,61644.72,,23347.71,33291.44,10482.73,127334.6,1422.47,131392.1,49906.43,126869.2,215.9493,60267.28,,1422.47,,95909.41,36509.49,5903.896,5618.789,11220.92,20677.75,,,39611.32,215.9493,,33761.56,28524.95,18299.68,47573.27,215.9493,216317.9,2191439.0
2003Q1,1620054.0,,33290.33,87619.07,28551.35,109995.5,13136.28,,17571.18,243634.8,,,,,51149.14,1583.713,14878.64,131347.8,53139.59,1664522.0,55324.92,,22965.56,30087.32,11101.95,115087.7,1440.623,124374.4,46042.08,114403.9,248.6101,55299.44,,1440.623,,99871.88,33721.71,5917.25,5564.047,10860.91,19719.97,,,44318.85,248.6101,,33547.24,28566.39,17563.98,43808.18,248.6101,211681.1,2119056.0
2003Q2,1654663.0,,33896.87,86793.95,34007.74,109836.2,13652.5,,18020.54,243044.8,,,,,55083.67,1742.289,16281.17,137208.2,51885.21,1702013.0,61058.91,12254.22,24211.88,31109.55,9680.416,115935.2,1373.899,127428.1,50759.89,123518.9,249.2028,56870.43,,1373.899,,93135.75,34408.05,6322.166,6191.051,10520.87,21603.98,,,45672.12,249.2028,,34665.31,29332.29,17084.75,50284.59,249.2028,219002.2,2172530.0
2003Q3,1643021.0,,35105.04,89022.56,37093.12,105309.4,13099.52,,17414.17,249195.2,,,,,47716.12,1649.801,15127.13,128196.5,52821.64,1691986.0,68154.13,12733.52,23822.32,32070.66,9675.256,110901.3,1617.676,133842.9,51968.99,128082.6,291.691,58405.55,,1617.676,,92500.02,31976.24,5844.071,6214.457,12395.04,23266.09,,,48955.85,291.691,,32396.06,29990.46,16997.36,48597.41,291.691,213323.8,2169124.0
2003Q4,1791674.0,,36670.66,86858.07,37296.2,112750.4,13360.7,,19128.51,257750.7,,,,,55024.17,1892.652,17371.23,153727.6,56686.65,1844522.0,69665.89,14144.12,23068.86,35445.69,10316.87,129654.9,1720.163,146005.5,60444.62,129145.0,277.3311,58991.8,,1720.163,,100416.1,37284.23,6013.147,6116.247,11416.85,25497.2,,,52281.67,277.3311,,36122.26,31866.63,18361.73,54007.99,277.3311,232973.8,2347680.0
2004Q1,1770211.0,12157.95,34646.76,88470.78,34268.23,111149.8,14877.24,,19363.73,264994.1,,,,,54437.11,1833.996,15915.56,158264.9,53099.25,1824291.0,62981.92,13941.51,21952.83,31965.62,11755.39,118205.6,1565.54,144416.2,60270.77,122562.3,346.4013,55224.69,,1565.54,,104501.7,35688.68,6416.261,6034.212,11214.92,25389.1,,,51688.37,346.4013,,36683.6,32169.56,15673.71,49357.1,346.4013,231201.6,2311677.0
2004Q2,1837709.0,14846.49,37459.78,88478.61,39813.43,118070.3,15228.88,,23355.72,274476.1,,,,,57155.13,1936.623,16059.17,155513.1,53052.43,1893408.0,71498.53,14974.04,23728.27,33471.2,11792.31,128024.0,1798.17,149355.1,63766.2,135639.9,283.5932,59660.91,,1798.17,,101812.1,33972.86,7149.85,6090.198,11389.35,25634.52,,,56094.96,283.5932,,39033.47,33505.91,19387.98,53580.72,283.5932,238825.1,2413967.0
2004Q3,1788759.0,14688.68,36274.7,88134.12,44272.45,110492.8,15593.43,,21462.4,266478.8,,,,,50895.58,2034.501,16035.74,146258.6,51854.07,1846553.0,78327.22,14947.93,26222.69,32532.48,10968.5,119921.9,1855.396,151359.5,59333.09,141105.0,317.1295,59241.22,,1855.396,,102826.7,32055.64,5786.211,7309.186,12990.76,27342.26,,,59988.78,317.1295,,35202.6,34813.67,20229.62,54279.2,317.1295,233113.6,2373546.0
2004Q4,1901184.0,14447.97,37378.56,88460.95,40402.27,111418.4,15273.44,,23219.74,281648.3,,,,,57420.61,2217.49,18743.53,172605.7,56809.89,1960277.0,78283.14,16307.92,26246.61,33167.8,11795.46,128908.0,1683.15,157749.4,64492.15,137562.1,318.2299,60110.0,,1683.15,,109802.3,34655.15,6406.304,7328.447,13255.07,27636.87,,,60634.34,318.2299,,39274.66,35557.87,21395.48,55306.66,318.2299,246188.2,2502477.0
2005Q1,1820502.0,13868.67,34941.01,88627.43,38882.06,109976.6,15210.59,207439.0,22197.14,274374.4,,,,,52899.38,2240.08,16819.66,166172.9,51168.18,1877595.0,68098.23,15161.57,25014.45,30895.16,12024.68,118621.7,1602.728,147826.0,60756.02,131485.8,329.6142,56388.34,,1602.728,44873.29,109320.5,33792.64,6447.069,7136.167,12033.83,26833.66,,,58324.38,329.6142,,37137.27,33874.33,17984.7,50539.49,329.6142,243749.5,2388618.0
2005Q2,1925853.0,17073.66,38710.05,88880.38,43965.5,113046.5,16065.63,256460.7,24394.98,290860.5,,376275.5,,649248.9,58781.3,2458.858,17212.96,167755.2,55906.39,1989250.0,79016.32,17081.94,24786.29,35046.04,11099.76,130351.4,1746.077,154360.3,65024.24,147099.0,379.5355,62643.69,585433.9,1746.077,47507.48,109906.1,34647.88,6901.666,7350.53,12196.06,30331.88,,,61277.5,379.5355,,40572.29,35324.95,19648.7,55437.55,379.5355,259289.0,2574371.0
2005Q3,1890654.0,16476.58,37565.26,89979.27,48453.38,110168.4,15198.6,277927.8,23719.39,290096.2,,407819.2,,684282.5,51315.77,2600.751,17288.63,150835.0,55580.03,1951747.0,87280.58,16720.68,25504.15,30404.55,11840.01,120917.7,1759.113,161243.8,66950.1,149072.8,352.7149,61002.51,623406.2,1759.113,50965.28,109157.9,32316.05,5821.292,7941.774,14104.18,29269.1,,,65094.32,352.7149,,37348.54,39317.78,19543.78,59263.48,352.7149,249406.1,2571512.0
2005Q4,2003754.0,15227.47,39613.97,88943.25,45252.02,113389.2,15885.29,293992.6,26101.95,303315.2,,422680.2,,711496.9,57374.9,2849.883,19530.78,164824.9,58051.13,2071223.0,85744.31,18314.85,26395.39,34621.16,11503.23,129321.6,1580.344,171394.5,73923.19,150920.1,401.5826,66367.62,643826.2,1580.344,52120.03,116218.4,34772.59,6392.671,8187.65,12900.99,33336.38,,,69924.31,401.5826,,40725.37,37271.12,22142.31,64338.05,401.5826,264954.8,2712413.0
2006Q1,2010206.0,14507.23,35405.61,88615.63,41301.18,112765.6,16234.65,254178.9,26783.95,314028.3,,382918.6,,658954.7,59359.1,2926.727,18788.41,173198.7,64004.42,2077710.0,76719.91,18213.29,27927.23,30793.66,12105.32,127836.8,1631.074,168007.3,71182.31,143326.4,318.187,64337.69,591062.7,1631.074,50017.86,122783.3,34674.6,6409.447,6945.678,13180.65,33125.89,59694.37,,66073.07,318.187,,42113.85,37613.99,19726.85,60628.17,318.187,268994.2,2668733.0
2006Q2,2070946.0,17194.61,39149.9,89305.22,42454.42,114402.6,16555.39,299600.9,27559.75,311246.9,,431993.1,146399.4,732273.9,60840.18,3146.045,21114.39,182796.9,65169.24,2141150.0,82614.26,19358.64,28314.84,30946.29,12319.64,133793.0,1713.301,172296.7,77564.97,151825.5,342.5837,68343.46,661664.3,1713.301,51573.75,119907.2,32140.12,7075.926,7277.624,13969.22,34352.97,68755.78,,69394.68,342.5837,,42071.46,38534.36,23932.03,66020.1,342.5837,283277.4,2803297.0
2006Q3,2027518.0,16778.63,39399.29,91631.27,51165.21,107857.2,16111.26,338883.4,26795.6,318953.4,,482899.2,152579.0,796261.9,52653.45,3007.35,19933.31,165618.7,48767.25,2097286.0,93246.86,19566.9,29868.63,32829.45,11700.36,123727.4,2086.083,179050.2,77616.21,158299.2,398.4833,66385.53,726045.9,2086.083,55982.33,117273.7,31290.47,6352.373,7858.548,14775.34,34139.42,74159.74,,73152.82,398.4833,,38647.29,43389.56,24712.9,66342.45,398.4833,275439.9,2824623.0
2006Q4,2163020.0,17019.36,39936.0,89492.04,47076.77,112155.3,15814.91,357906.5,30646.42,348976.7,,498586.1,162110.5,819744.7,60375.7,3071.088,21562.12,187151.3,59998.29,2236251.0,94160.12,21818.2,32119.14,33643.58,11758.78,140137.7,1845.538,186664.7,82961.23,156780.9,421.5883,68595.15,746023.9,1845.538,53284.01,127780.5,34501.06,6496.236,8274.726,12576.94,35666.08,77725.11,,74305.73,421.5883,,43781.89,42699.52,26901.12,54707.47,421.5883,290771.1,2983376.0
2007Q1,2114294.0,14601.95,36742.15,92240.74,43453.07,111726.0,17410.79,297417.1,30923.25,341985.5,26820.73,430582.6,142735.2,722600.9,61134.56,2885.717,20942.34,188730.0,65810.58,2190579.0,81479.21,21733.37,30132.23,33413.34,12332.72,136645.4,1627.406,182609.2,82097.09,147181.4,474.2389,64846.07,645842.0,1627.406,47941.31,128775.5,35045.37,6653.324,6869.51,13283.17,37140.45,60002.54,,73191.04,474.2389,,42042.3,41808.73,23858.88,35663.92,474.2389,284390.5,2836895.0
2007Q2,2171132.0,17998.16,39026.35,89370.03,48338.69,115852.8,18382.27,345886.5,31343.57,341120.6,26275.84,483375.1,154855.6,802584.0,62677.95,3100.285,22560.37,195082.4,68830.71,2249411.0,90628.74,22712.84,30290.27,34044.64,13642.94,141107.8,1697.983,184709.1,88372.83,162244.8,410.6096,70243.83,723894.5,1697.983,50675.64,125941.9,32292.93,7219.039,7281.863,13460.87,37183.83,70199.31,,75171.51,410.6096,,42299.19,43061.74,24759.58,42297.65,410.6096,298149.0,2973716.0
2007Q3,2153450.0,18120.72,40525.88,93649.98,50528.7,109074.1,16432.52,388435.4,30820.88,342700.9,25746.56,533429.8,158502.3,858274.2,55971.01,2769.187,20990.75,186183.9,60099.71,2229462.0,98890.78,22852.93,31181.24,31484.69,13461.65,131250.7,1757.595,195449.5,84998.95,164151.9,432.6222,70809.96,781830.1,1757.595,53103.6,126600.1,31943.96,6219.433,8259.991,13841.6,36726.06,75511.5,,79356.58,432.6222,,39136.62,46867.9,23411.85,48037.65,432.6222,298072.8,3011725.0
2007Q4,2282736.0,18717.5,41271.46,90974.69,49172.37,108596.9,16758.17,388368.1,34591.13,355669.0,27011.08,534827.1,184538.9,885840.3,63063.0,3013.315,21958.73,211854.4,64592.75,2363422.0,99215.58,24650.59,31328.54,33186.91,14482.32,140526.0,1799.509,208699.9,95475.68,164124.8,550.0582,70957.44,804603.9,1799.509,53047.51,136917.1,35068.78,7452.903,8519.281,12346.95,39277.5,97076.87,,79163.24,550.0582,,44816.96,49735.93,23533.91,52518.62,550.0582,312600.9,3168577.0
2008Q1,2253597.0,15674.04,39095.89,91820.31,40728.62,103534.7,17235.26,305480.5,34712.66,353563.1,26495.5,444024.7,156851.7,750018.4,62778.62,2849.423,21496.49,223038.6,64818.84,2335483.0,87709.61,25306.56,32027.98,29442.16,12702.93,136493.7,1780.855,206013.6,90131.71,146857.5,503.7036,65313.6,667628.5,1780.855,47836.22,136975.0,34913.4,7002.19,7905.939,11614.55,39344.33,68000.0,,80503.07,503.7036,,44800.4,47065.4,24200.77,52065.11,503.7036,310625.1,3003615.0
2008Q2,2320707.0,17061.0,42357.57,89858.56,49572.61,107640.5,17330.29,346906.0,35503.11,358997.8,27446.64,492580.3,165584.6,820918.2,66476.66,3116.524,23426.25,228361.6,73359.17,2405669.0,94080.08,25610.1,31146.11,31608.93,11655.05,139908.3,1712.148,198154.5,98084.34,160573.9,467.2398,68515.03,735488.9,1712.148,52233.92,133926.7,33726.06,7318.373,8094.967,13285.53,42021.7,72518.51,,81830.57,467.2398,,45949.41,49008.77,25434.33,60603.31,467.2398,327302.4,3141626.0
2008Q3,2251932.0,19809.42,43324.05,92227.99,50698.0,102633.3,16694.5,399177.5,32930.8,343676.9,26770.01,545753.3,166533.6,877181.7,60414.09,3066.674,21141.08,203037.5,72717.24,2334050.0,99616.73,23798.53,30490.52,30323.38,12068.24,126652.0,1520.274,204560.2,99340.08,162905.6,468.9469,66949.15,794595.4,1520.274,51333.92,131554.4,31449.16,6153.733,8754.489,13354.31,41624.35,76837.29,,84279.92,468.9469,,40906.61,51397.03,24273.42,60968.37,468.9469,322105.4,3129114.0
2008Q4,2134098.0,16089.23,41285.49,94281.8,43931.62,97753.82,16535.8,350978.5,30476.96,327626.1,25604.74,476461.9,177981.4,811370.9,58188.88,2876.778,19814.71,181932.0,65150.58,2214261.0,93310.51,23041.26,30413.46,29688.77,10566.83,123790.3,1288.746,181436.4,96055.09,155096.2,542.6288,69827.04,730664.4,1288.746,42641.5,130432.2,34858.01,6724.207,8712.518,10047.62,40586.73,86630.43,,73417.4,542.6288,,39716.81,42380.81,27722.95,68110.35,542.6288,300985.1,2945469.0
2009Q1,1847069.0,13903.76,36006.87,96639.82,34986.27,89003.9,15870.47,239032.4,26698.06,283099.8,23387.79,349888.3,151048.6,634588.4,51743.28,2154.327,15337.24,159801.7,56302.26,1919043.0,66756.59,19643.41,28710.75,34092.62,11115.59,102067.7,1230.556,123636.6,83531.92,131747.4,673.5937,59223.3,561940.4,1230.556,35499.9,118446.8,34625.63,6855.414,7763.604,9119.672,36460.5,64621.66,,63459.02,673.5937,12.68057,34137.11,37525.54,30323.0,72065.2,673.5937,256090.8,2481657.0
2009Q2,1913002.0,17276.59,38680.16,95913.83,44058.76,88768.13,16454.63,280331.0,28287.5,276385.5,23186.87,399577.6,142916.5,689664.7,56808.19,2390.244,16173.14,166605.2,52288.56,1985455.0,81333.93,20633.49,30881.88,34273.17,10850.1,106226.5,1319.301,136863.3,97742.77,145118.8,732.4276,59316.48,616478.5,1319.301,40482.35,115210.8,30529.64,7870.537,8012.357,10572.55,35365.6,60343.4,,68736.02,732.4276,13.61252,34780.87,37309.8,26574.05,83498.95,732.4276,259584.3,2602666.0
2009Q3,1977174.0,14927.62,41750.97,96495.54,45517.37,89188.04,15797.13,346522.6,29490.46,290609.3,23948.83,478410.1,150014.3,776992.8,54555.42,2426.515,15112.66,173785.1,53260.83,2050567.0,85170.82,21207.04,32643.67,32699.53,10861.9,104240.0,1370.168,157158.0,98908.04,146533.9,664.4385,61704.16,702935.5,1370.168,44706.24,121995.4,31150.07,6713.222,8587.571,11296.19,36388.68,65983.29,,75461.41,664.4385,14.08333,33580.06,43241.38,26435.28,77688.39,664.4385,270909.6,2754167.0
2009Q4,2107984.0,15253.54,42941.76,92823.27,42245.26,93246.93,17596.4,375627.8,30963.43,305391.4,24613.22,515395.3,204768.8,874678.4,60292.21,2506.251,18008.04,190473.3,61154.57,2190781.0,90685.22,23663.15,37541.0,32759.62,12606.56,111787.5,1486.938,174369.3,106259.7,152371.0,656.3215,68449.71,791225.2,1486.938,48296.66,128635.7,34255.35,7259.955,8826.072,9801.596,41537.33,110551.2,,78470.37,656.3215,15.88716,36739.44,44128.26,29017.21,73103.68,656.3215,298621.3,2982662.0
2010Q1,2081750.0,13370.33,40739.12,96186.1,38604.97,92572.33,15599.5,316549.9,31905.82,310850.7,24116.16,453994.7,174566.0,772264.8,61228.67,2511.514,14779.52,183677.1,61442.58,2160650.0,81809.98,23001.54,35444.78,30220.61,12695.2,108020.5,1661.056,176390.7,100786.4,141431.6,611.3426,65920.1,692753.0,1661.056,46758.22,133854.8,34235.56,7342.087,7936.734,11703.11,40299.44,84186.22,,78569.0,611.3426,15.19403,36806.77,43538.74,27078.84,64168.18,611.3426,296825.2,2854015.0
2010Q2,2204656.0,20461.17,46389.28,92914.45,46767.98,98437.42,16373.83,388150.2,34073.51,330649.4,25138.37,530448.3,176486.9,873950.8,65716.55,2867.579,18394.46,178959.6,64970.36,2290681.0,97282.2,24661.62,35351.24,32622.21,13082.56,117789.6,1754.795,185487.4,118653.5,164658.3,602.5696,73109.56,787323.7,1754.795,45952.71,133281.4,30919.48,8045.329,7945.714,13308.38,44989.04,75790.12,,85567.21,602.5696,16.69678,41169.54,47685.71,31046.14,72011.24,602.5696,310216.7,3078607.0
2010Q3,2213040.0,19508.27,43866.75,93681.2,48981.87,96100.7,16876.76,431688.2,34444.97,335460.8,25723.6,578117.9,162459.4,911416.9,61662.97,3066.107,17809.19,174875.5,66715.19,2295898.0,103412.0,24873.84,36744.39,32670.28,12241.74,114179.3,1748.595,195061.9,116354.5,168500.7,590.3423,74131.59,827968.6,1748.595,46295.14,137671.4,29097.67,6629.149,9002.245,14687.78,41107.43,68123.98,,91370.19,590.3423,16.90372,38947.7,48702.38,28354.13,69093.83,590.3423,312886.9,3124457.0
2010Q4,2329774.0,16433.17,47066.89,92282.18,47356.5,101020.4,17150.89,432284.3,37458.5,351671.8,25951.1,583039.7,202656.8,953219.7,69429.6,3577.095,20937.44,194549.7,69597.32,2417832.0,97420.6,27071.07,43196.06,33011.1,12469.27,122580.6,1723.369,198671.0,127223.6,165197.2,602.6824,75353.36,864558.2,1723.369,47169.37,146673.9,32900.21,7468.435,8903.245,11544.01,43836.93,100609.5,,90429.31,602.6824,18.80649,43597.87,48845.96,31139.33,71237.8,602.6824,332529.1,3282993.0
2011Q1,2293591.0,14616.2,41025.85,91755.32,39911.85,99154.12,16494.11,351373.4,38141.05,356611.0,27447.28,499762.5,188769.8,840240.9,71019.93,3528.445,18520.94,198664.1,75221.41,2381202.0,94751.94,27128.17,39550.92,35675.18,12867.41,116621.5,1771.52,185365.2,124576.2,149348.8,588.2063,70333.19,752042.0,1771.52,45186.8,144597.3,31805.98,7388.687,7993.491,12204.26,43988.43,86634.59,,89585.62,588.2063,17.68866,43106.59,51447.13,31018.63,62231.7,588.2063,323911.0,3133832.0
2011Q2,2331293.0,19449.75,44972.49,90370.6,47735.47,100470.9,17650.45,408796.4,38885.9,358037.3,27157.28,562676.4,180825.0,912434.9,71525.02,3971.844,18923.58,209304.9,75220.96,2421215.0,96602.31,26709.9,43092.33,36067.36,13002.18,125134.2,1846.204,175348.9,131758.9,166518.8,568.595,72861.51,821944.9,1846.204,45026.92,141241.0,29009.6,8173.301,8821.615,13727.97,45561.13,76506.32,,90299.3,568.595,18.33309,43421.73,52032.77,32047.6,66638.46,568.595,335736.6,3243728.0
2011Q3,2333036.0,19798.63,46505.52,93033.92,50915.17,102972.0,16551.74,450016.6,37389.44,358318.3,26968.52,608485.8,176215.0,957395.2,68231.7,3779.299,18353.17,193245.0,73096.83,2425223.0,99424.79,27145.01,43057.36,32529.48,12558.36,117664.5,1756.513,197741.1,133131.5,170216.7,721.1837,73469.74,864487.2,1756.513,45865.94,142193.2,30407.51,6815.984,9481.387,12067.64,48490.01,64956.77,,95190.34,721.1837,17.81196,41707.6,57478.24,35623.2,66465.99,721.1837,335294.3,3290431.0
2011Q4,2378649.0,17438.8,46587.49,92549.37,48254.33,108498.2,18239.23,428454.6,39522.76,361551.8,27168.36,572241.3,209616.4,956033.6,73183.95,3773.953,18659.53,198724.6,76488.25,2473312.0,96825.25,28498.22,42435.3,32580.01,13497.62,121910.0,1602.119,192854.5,137532.9,171940.9,632.8065,78567.41,860738.4,1602.119,46535.52,144548.9,31568.81,7639.957,9441.122,10076.62,47924.89,92152.49,,92682.36,632.8065,19.77222,42909.9,44739.26,41040.81,67715.94,632.8065,349655.1,3334683.0
2012Q1,2335326.0,15028.57,41912.01,91708.99,42270.89,104211.3,17446.85,349415.6,41042.09,367330.9,25773.68,496802.1,212387.7,870943.4,70728.45,3689.32,18592.54,195770.3,75495.17,2426287.0,87968.97,27569.61,39409.11,33204.66,12921.42,116928.6,1509.062,187553.9,130503.2,159558.1,686.4903,75520.37,779295.5,1509.062,45201.08,146538.1,33134.76,7593.156,9291.396,12588.4,45944.9,99109.58,,91966.69,686.4903,19.72517,42490.16,50187.89,39763.6,62599.49,686.4903,345648.1,3206269.0
2012Q2,2369928.0,17271.19,47270.1,92601.23,46798.77,107111.8,17816.63,424968.9,39806.86,363861.2,26494.12,578371.4,191144.0,945532.4,73482.94,3801.952,18761.66,188774.5,69338.92,2464411.0,94223.64,27940.13,39876.35,32357.8,12741.53,123211.9,1582.255,190638.9,138703.4,173699.3,735.4907,83105.54,850314.1,1582.255,45086.35,146432.6,30784.54,8284.406,8707.137,15635.54,48726.1,69652.08,,93213.93,735.4907,21.0348,42852.56,52804.31,44825.67,71274.02,735.4907,353882.2,3315460.0
2012Q3,2315782.0,18194.03,47172.65,93946.17,49281.78,103900.3,15886.3,463143.1,38501.64,363943.2,25838.87,614371.5,182781.6,973072.8,70004.46,4050.747,18364.16,175976.3,70145.87,2406112.0,101374.2,27161.96,39078.86,31751.65,12392.94,115518.5,1708.599,187148.0,132794.6,173366.7,844.266,80033.74,881898.3,1708.599,44778.04,141396.3,28582.48,7531.284,9970.877,12412.02,47281.93,64062.6,,90636.17,844.266,20.494,39610.06,54959.55,44275.15,72891.68,844.266,342288.7,3288854.0
2012Q4,2377730.0,16659.71,48228.03,93165.58,48258.6,107626.8,19074.31,459557.2,40323.09,358570.8,25969.62,610942.3,209884.9,1000188.0,74621.99,3886.543,18455.37,192238.4,76246.48,2472469.0,102160.6,27622.61,40747.22,31824.33,11911.83,121849.1,1595.848,179764.0,139794.7,176896.0,869.0007,83201.77,904579.4,1595.848,47297.67,149195.9,31483.59,8222.096,9701.653,10871.04,48042.74,89584.32,,93120.64,869.0007,21.56638,42257.93,52469.2,44635.2,71296.42,869.0007,355494.2,3377918.0
2013Q1,2313281.0,13729.81,44245.43,92808.36,38811.91,104966.8,17263.5,407739.1,38884.96,359609.3,25015.74,555749.8,213870.9,925422.9,74449.16,3849.928,18206.77,189803.1,81410.65,2407898.0,90914.34,27604.88,38825.22,30624.07,12475.37,114473.5,1595.663,174430.1,134540.3,153272.5,934.0283,75217.21,829871.2,1595.663,44774.44,148288.5,30200.11,8230.399,8250.069,12405.24,49749.25,95484.15,,88556.92,934.0283,20.26894,40765.88,52005.76,41032.66,62773.11,934.0283,343737.6,3238704.0
2013Q2,2413909.0,19001.87,49925.16,91929.51,48750.05,110704.3,19261.99,431024.8,40341.42,365081.9,26692.89,582745.9,194696.6,958776.3,80987.18,3948.89,18706.04,194296.2,86378.77,2512340.0,96131.68,28605.49,39817.45,33279.72,12476.4,121356.2,1734.803,183380.3,142561.6,178782.4,816.5508,83113.84,859529.4,1734.803,45085.44,149140.2,29467.41,8264.107,8654.619,14924.03,50562.82,71103.57,,99181.29,816.5508,22.01958,42372.03,51894.16,44424.73,67270.52,816.5508,360013.6,3372686.0
2013Q3,2369059.0,17809.05,50089.45,93990.94,51281.99,107389.5,17892.8,469492.9,40527.28,362911.9,27268.25,624641.2,199607.5,1007932.0,72940.89,3703.645,18035.83,184209.4,84956.3,2468682.0,103017.5,28895.29,37305.87,33282.37,10904.68,115647.0,1840.231,185462.9,137444.0,181024.1,819.3126,84159.35,907489.4,1840.231,48978.54,146328.8,28616.9,6908.023,9880.946,14403.95,52835.56,71035.76,,97932.15,819.3126,21.41479,39213.04,54459.87,46840.88,64039.27,819.3126,354217.2,3376991.0
2013Q4,2456375.0,14153.28,51573.46,92185.2,48154.61,110217.6,18517.54,484486.2,43329.62,367991.7,27424.71,644812.0,226174.6,1052508.0,75946.05,3821.018,19370.22,201606.0,87705.32,2556477.0,104548.6,30035.69,43372.02,33058.98,12567.44,121497.8,1803.92,187393.9,147134.5,178913.4,803.7477,88354.76,951602.3,1803.92,51021.18,152662.9,30789.25,8488.104,9733.204,13347.28,51548.42,93726.11,,98136.36,803.7477,23.46524,41568.9,52585.26,50864.4,61960.18,803.7477,375373.8,3508883.0
2014Q1,2369936.0,11872.72,49042.76,92742.37,40540.62,107640.1,18253.27,393200.6,44174.01,370263.4,26777.33,548014.6,234748.7,946310.8,76655.75,3604.81,17791.26,186337.7,87913.02,2470926.0,89998.4,29915.4,40433.37,32788.94,12628.46,116533.9,1811.297,178220.0,139317.1,160967.2,769.0929,81560.31,844551.3,1811.297,48080.8,151000.3,31338.53,8565.412,8740.24,14228.58,52821.68,95978.72,,96158.93,769.0929,22.37132,40916.49,52071.19,56032.85,55413.9,769.0929,354090.6,3316247.0
2014Q2,2433139.0,17335.99,51368.23,92052.99,49884.42,116318.2,19040.05,467545.5,44650.41,371281.0,27187.07,626952.1,212805.0,1027127.0,80108.96,3823.034,19516.22,180293.9,88314.16,2537103.0,98940.51,30719.27,40297.03,34002.49,11241.72,122134.8,1924.164,182022.8,147577.0,184707.4,738.4702,89828.76,922425.3,1924.164,49739.97,152052.1,28423.05,8440.763,8618.2,17075.78,54204.07,74650.29,,98882.34,738.4702,23.02318,41899.75,52293.77,53231.38,61020.15,738.4702,371564.7,3460267.0
2014Q3,2424396.0,16263.47,52726.49,94283.13,51043.83,115722.0,17720.39,530674.9,44582.85,381008.1,27751.12,691438.2,210755.6,1089666.0,77469.95,3876.138,18442.76,166814.4,84417.51,2528717.0,106703.3,31211.6,40858.92,33245.7,12090.03,116038.8,1831.947,187537.4,143665.8,184903.9,735.9252,90593.21,984608.7,1831.947,50070.58,150788.6,28809.05,7288.84,9282.959,16070.7,55388.87,71366.07,,98886.07,735.9252,22.02258,39636.84,53763.16,52789.03,63901.46,735.9252,368687.9,3514062.0
2014Q4,2517073.0,14187.65,53784.1,95176.27,45796.18,116448.7,19194.33,528399.0,46647.62,384553.0,28126.5,693659.4,239332.4,1124267.0,80581.78,4069.492,19271.67,173060.5,92697.21,2625201.0,103531.6,31463.28,44385.89,33193.69,13156.74,123788.8,1688.665,194046.3,157638.0,188764.6,822.0979,100180.0,1015317.0,1688.665,51806.52,158935.4,33249.12,8543.778,9406.463,14450.48,57470.61,91852.23,,99352.47,822.0979,23.94485,42273.17,54617.6,58546.25,69081.72,822.0979,385841.5,3641340.0
2015Q1,2421046.0,11756.81,50954.86,97878.38,42845.08,110553.4,18713.23,421893.0,47510.03,389518.0,29157.03,580060.8,255194.1,1015303.0,79438.64,3761.833,17574.54,153181.1,87289.89,2530703.0,90192.93,32708.25,42974.8,35319.13,13913.52,117374.9,1602.232,189181.6,150884.9,177573.4,872.3883,95897.17,904773.6,1602.232,48817.23,149829.8,31850.55,8894.567,8361.126,14745.76,58235.49,100420.6,,98611.2,872.3883,23.62876,41593.92,51630.04,63829.77,69362.72,872.3883,357194.5,3436348.0
2015Q2,2485912.0,16942.9,51900.38,97945.05,54221.33,120936.9,18189.13,457013.3,48121.59,398429.8,28004.33,619008.5,234297.9,1056733.0,83301.21,3928.911,18843.83,156852.3,91537.83,2594387.0,95720.69,32949.26,42795.31,36855.82,12703.97,125510.4,1817.117,185644.7,151909.5,200598.2,1011.454,102631.3,947246.8,1817.117,51253.26,151868.9,29886.9,8833.41,8613.548,16440.02,57336.54,74912.51,,97555.45,1011.454,24.09373,43380.43,51506.71,69099.59,72961.11,1011.454,373254.5,3542645.0
2015Q3,2459531.0,16550.58,55398.03,100849.4,54292.84,118857.0,17238.65,514018.0,48084.41,397701.6,27923.44,681547.2,232804.1,1121945.0,79909.96,3766.906,17721.53,147088.6,81212.49,2567551.0,102725.2,32768.51,42490.6,36666.77,12047.05,117603.3,1877.487,189411.2,151150.0,204543.0,1172.988,106874.0,1012752.0,1877.487,54722.64,149145.7,31333.9,7810.311,9586.965,16689.23,58012.43,71501.61,,97714.4,1172.988,23.5731,40996.95,53626.7,70521.52,80483.47,1172.988,363905.5,3581476.0
2015Q4,2541259.0,13438.01,55649.22,99262.46,52596.21,121960.1,18706.05,521915.1,52322.9,401352.7,27652.94,687216.7,288442.5,1184291.0,83557.86,3953.648,19078.06,159112.3,83216.67,2655881.0,102823.1,34046.65,41238.73,39683.26,13437.25,125116.4,1791.178,193777.5,158921.7,205700.5,1140.429,110280.1,1068528.0,1791.178,56789.71,155432.8,32900.87,8807.223,10680.18,15023.47,61870.22,111581.2,,101036.9,1140.429,26.17116,44652.73,52249.68,80944.45,87453.74,1140.429,370070.1,3725550.0
2016Q1,2438583.0,14042.8,53245.94,95971.26,50568.94,118498.7,18723.82,402006.5,52056.31,395527.6,27636.06,562954.2,264445.3,1025684.0,81417.15,3800.605,17221.15,156478.7,78180.77,2550782.0,86348.09,33458.74,40507.52,39083.81,13338.21,118456.0,1559.493,188606.9,145839.3,195513.8,1211.656,103038.4,912273.8,1559.493,51720.06,153688.1,32148.49,8848.839,9139.774,15200.69,60016.34,92881.33,,92039.04,1211.656,24.41593,43132.73,53519.39,78088.85,83064.72,1211.656,353930.1,3464267.0
2016Q2,2546987.0,17018.96,56809.9,89904.49,57934.77,118676.3,18443.59,463536.1,53220.89,413093.1,29763.77,624091.9,252440.3,1090774.0,89199.44,4082.28,19277.34,166534.7,,2665823.0,96811.69,35750.18,40175.15,41983.61,12273.3,127931.0,1813.552,189271.2,157515.6,211205.2,1222.692,108287.7,970727.7,1813.552,53186.48,158326.5,30692.64,9618.168,9520.116,16954.8,64629.47,71548.67,,100282.4,1222.692,26.60083,45047.09,50239.34,80512.02,88544.24,1222.692,365918.5,3638720.0
2016Q3,2481315.0,16493.21,57776.86,90667.93,53646.61,116819.3,17392.68,515545.9,49115.08,398815.4,29091.99,678203.5,247209.7,1136352.0,80044.07,4024.767,17561.14,150489.8,,2593143.0,104092.3,33998.8,36865.52,41359.67,12728.28,119358.6,1990.358,194542.4,150068.7,207783.1,1165.457,109481.4,1023250.0,1990.358,54902.09,154940.4,29634.25,8143.794,10769.18,17144.47,60544.98,79991.22,,100394.4,1165.457,24.30785,41583.98,53745.56,72674.69,86592.31,1165.457,363382.5,3620326.0
2016Q4,2585891.0,15103.44,60303.7,88509.31,47512.14,122057.8,18395.29,531172.5,52845.46,408117.1,29259.89,701053.1,330127.4,1243968.0,87308.15,4026.717,18809.78,160294.2,,2706317.0,108927.6,35397.79,41712.38,41717.29,13195.73,127052.7,1826.966,202239.6,157546.0,209564.5,1395.929,116890.2,1122153.0,1826.966,58644.44,162985.9,33204.91,8768.068,11663.36,16325.93,66626.24,130966.1,,103232.0,1395.929,27.17595,45988.78,53197.91,97137.28,88625.61,1395.929,377410.8,3834026.0
2017Q1,2564943.0,13619.88,53651.45,90803.07,51383.0,118413.1,17483.77,433800.7,55389.2,420673.0,30498.85,606919.4,319215.0,1130895.0,92273.55,3972.101,19502.91,154621.1,,2686078.0,93765.06,36680.77,41708.7,44049.81,13240.28,123160.3,1694.228,199428.7,151670.8,201799.2,1266.791,108968.3,1008817.0,1694.228,58077.66,173630.4,34159.65,8418.871,10344.27,19233.27,66645.82,108255.9,,101914.6,1266.791,26.14353,44896.6,54099.11,107632.5,,1266.791,369039.7,3693584.0
2017Q2,2635850.0,16560.66,57074.93,91444.12,60336.96,123853.2,17440.13,497628.5,55633.23,419011.2,30064.69,671887.8,285267.3,1178332.0,94715.79,4168.429,20645.99,165561.0,,2756244.0,102403.8,37171.9,39877.08,43131.34,11631.22,129959.3,1697.697,200252.3,168469.3,217860.4,1618.976,112630.4,1056397.0,1697.697,58539.09,171419.3,32791.38,9389.86,10892.3,21688.33,65703.96,75110.43,,105137.9,1618.976,26.43259,45920.74,54154.85,107281.0,,1618.976,380763.4,3812625.0
2017Q3,2612492.0,17224.12,59437.88,93071.69,60655.79,117009.8,17765.51,531476.1,52637.89,417819.7,30523.1,717962.5,277633.7,1214002.0,85237.62,4016.167,19655.45,165705.2,,2730571.0,110422.8,35279.15,44633.05,41879.16,10870.0,122129.2,1896.707,206620.3,170896.7,215239.2,1269.561,107957.7,1094653.0,1896.707,62223.23,168807.3,31419.18,8090.671,11636.14,21292.34,65034.89,80238.65,,107667.5,1269.561,25.3276,43095.02,58337.72,97081.03,,1269.561,374601.3,3827113.0
2017Q4,2713834.0,15197.7,58454.59,91176.92,55160.78,122037.8,19008.72,552123.3,57857.5,427228.0,29775.96,736161.9,351067.6,1309155.0,93133.25,4181.914,20450.16,185377.7,,2841306.0,113863.6,37267.58,45375.85,46033.42,11951.12,131392.2,1977.445,214861.7,158866.4,218481.7,1465.954,117505.0,1180518.0,1977.445,63183.46,173762.6,32238.06,9290.453,11609.59,18717.15,70894.74,126761.3,,110265.7,1465.954,28.02935,48211.09,56762.18,116144.0,,1465.954,395915.3,4025887.0
2018Q1,2673291.0,14720.42,57003.67,91029.95,53431.33,117278.1,19239.42,450022.2,57339.52,429048.7,28539.16,632297.3,334242.3,1177307.0,91712.89,4133.561,20145.53,188731.4,,2799407.0,100578.6,37502.69,42604.34,48762.02,12384.63,125046.1,1627.038,207303.7,158045.3,207567.7,1572.576,109563.0,1049948.0,1627.038,61620.91,180923.9,32536.32,8760.89,10613.57,20174.67,69043.97,116997.8,,106329.6,1572.576,26.86111,46689.66,57875.24,110697.9,,1572.576,386111.5,3848185.0
2018Q2,2751793.0,14864.68,60235.93,91456.4,58392.91,127389.8,18971.75,514088.0,57673.17,436182.3,29197.86,699127.3,322945.4,1246497.0,95299.8,4624.653,20852.19,183090.6,,2883721.0,108700.0,37645.32,41339.21,51829.68,11530.7,131221.8,1657.287,209949.2,164361.4,221288.9,1478.587,117772.8,1113562.0,1657.287,63359.6,181597.9,31997.75,9601.928,11286.79,22693.13,74839.46,82567.08,,111347.4,1478.587,28.60568,47539.85,57647.34,127893.5,,1478.587,406120.2,3997430.0
2018Q3,2669380.0,15805.09,61329.36,92339.77,60286.28,122894.9,18122.73,582225.1,54416.0,421711.0,29380.85,771454.1,362637.1,1358310.0,85625.49,4453.151,19293.35,168194.5,,2795462.0,117441.5,37377.43,45013.21,47598.23,10809.67,120260.9,1816.766,207650.9,166933.9,220829.5,1572.941,115176.6,1230995.0,1816.766,63569.26,177044.4,30972.95,8282.701,11438.81,22291.27,70242.15,84401.45,,112771.8,1572.941,26.85003,43492.9,58355.24,170616.1,,1572.941,391881.4,4033852.0
2018Q4,2762743.0,17002.39,61689.48,91168.79,60567.83,119662.2,19577.5,559154.1,60985.81,426248.8,29617.27,747367.1,423215.0,1405352.0,92075.15,4736.085,20946.33,184471.6,,2896409.0,113867.7,38374.08,44658.46,52314.19,12567.59,131045.7,1890.55,218172.6,172764.4,231228.9,1650.537,122033.6,1270586.0,1890.55,67016.33,185965.8,33117.4,9320.92,12047.66,19476.11,75164.42,122877.3,,113121.5,1650.537,29.67838,48698.49,57062.08,186799.2,,1650.537,399476.0,4174451.0
2019Q1,2677703.0,14938.91,57020.31,90496.92,51949.86,120178.8,18913.89,466181.0,58864.94,435132.4,29833.86,644623.5,411210.6,1267895.0,90333.75,4469.831,21041.15,180303.3,,2813582.0,96120.54,40476.62,40507.32,53448.75,13257.58,124068.8,1876.032,203017.3,154258.1,208004.0,2180.448,111326.0,1130764.0,1876.032,61099.21,185425.1,32997.72,9343.239,10875.28,20161.15,75559.71,124216.1,,104224.8,2180.448,29.34419,47931.91,56674.83,170958.2,,2180.448,390786.3,3947338.0
2019Q2,2726139.0,17784.69,61094.41,89614.12,59602.43,130225.1,18148.9,523354.0,59486.31,427297.5,30342.55,702952.2,379356.2,1313438.0,98170.9,4647.968,21111.35,180984.4,,2859834.0,101706.4,39954.12,38207.73,54776.26,10654.46,130332.2,1989.249,202879.3,163798.7,227351.9,1788.524,120848.3,1178610.0,1989.249,62699.33,189098.9,30709.79,9995.839,10967.59,23329.48,74936.27,80056.03,,106261.7,1788.524,28.28676,48112.73,55361.64,184409.8,,1788.524,396524.5,4042411.0
2019Q3,2685248.0,18650.6,61511.27,92201.5,59744.09,125376.0,18303.84,581737.1,58332.77,428280.1,30304.95,768367.7,376915.9,1376903.0,86892.96,4377.253,19805.98,166287.3,,2817552.0,108881.0,39289.72,42702.3,53456.99,10853.32,121711.5,2367.374,208847.4,163701.4,227403.6,1848.406,119198.8,1243435.0,2367.374,62888.23,187318.3,29787.89,8118.436,11506.28,23223.64,74026.44,81359.74,,107470.5,1848.406,26.6474,45455.03,57816.41,182240.0,,1848.406,390637.9,4068843.0
2019Q4,2769224.0,18654.84,61805.15,90270.49,59324.36,125439.6,18851.4,578863.8,60977.39,428383.6,30413.91,760168.4,434578.7,1427382.0,93520.46,4494.982,21156.26,178402.0,,2904838.0,111073.9,39907.66,41870.46,54872.52,10810.04,129533.7,2185.887,213110.1,168831.0,228621.9,1826.669,119286.5,1290594.0,2185.887,64840.72,198926.0,34503.44,9264.16,12504.8,20275.36,76201.52,115389.1,,113736.7,1826.669,29.75465,48094.32,54318.02,203080.4,,1826.669,400471.3,4203855.0
2020Q1,2636476.0,14350.43,56332.43,90762.92,52354.35,115413.9,19525.35,,57798.08,420267.7,29779.57,414246.1,428747.2,1056132.0,87139.22,4461.894,19076.58,161257.5,,2777067.0,87381.94,41076.47,42551.25,65270.49,11309.09,118028.4,2038.521,197851.2,165143.4,209234.8,1865.91,113143.9,915015.7,2038.521,59715.51,187561.4,35111.78,8936.195,9860.791,19461.25,78649.01,119741.5,,112433.5,1865.91,27.69095,50167.91,57541.57,189280.3,,1865.91,382541.6,3910253.0
2020Q2,2219067.0,16440.9,57828.76,89065.21,61847.07,98440.09,19323.33,507424.7,47114.91,330342.5,27471.03,667998.2,342896.9,1204245.0,71050.35,4273.935,17877.56,118734.9,,2335081.0,98299.17,31883.88,39872.61,56041.94,10044.3,94602.26,1651.433,160099.6,146442.5,190054.8,1643.517,85615.36,1087570.0,1651.433,55221.39,163706.6,31958.59,9048.227,6828.163,17494.4,63823.82,82100.44,,103778.6,1643.517,21.59251,42564.78,47985.11,165088.7,,1643.517,295136.2,3450341.0
2020Q3,2547013.0,16445.09,56719.3,91643.94,62992.74,116036.5,17889.22,618052.9,57222.9,398168.0,29024.05,806276.7,428133.9,1467601.0,83489.34,4729.804,18757.97,141347.3,,2684065.0,111054.3,40918.21,43115.66,61184.97,10141.8,117827.0,2420.153,185988.5,167132.6,228264.6,2505.586,120481.3,1329415.0,2420.153,69517.69,180994.6,32711.12,8305.406,10456.23,21883.46,76872.84,82370.07,,114653.6,2505.586,28.77307,44356.89,53707.0,227972.8,,2505.586,348923.3,4050121.0
2020Q4,2758712.0,13594.32,60359.92,89863.11,57546.58,121739.6,19525.25,637820.9,66205.47,424159.4,28250.44,828931.6,531382.0,1595305.0,92785.6,5355.597,21985.92,167127.7,,2907081.0,117272.6,43951.21,47345.16,59692.5,11428.61,129458.7,2028.008,215929.4,175983.2,230615.5,2347.957,128143.6,1446069.0,2028.008,70799.42,195720.1,35437.86,9635.718,11805.8,19807.39,83411.95,113218.8,,118457.5,2347.957,31.89565,49852.19,53158.68,290800.0,,2347.957,381562.7,4392776.0
2021Q1,2719335.0,14672.74,56705.57,88979.24,52697.72,118892.1,19237.13,,62128.51,428789.8,29373.42,560347.5,487858.2,1261011.0,89948.4,4943.769,19571.27,161378.8,,2870970.0,115319.3,44460.31,45727.18,62718.79,11143.56,119371.2,1939.822,207378.5,170584.3,208902.8,1963.226,111990.5,1109210.0,1939.822,70585.64,207447.4,35441.33,9092.927,10304.62,20219.99,86141.06,103726.3,,121251.9,1963.226,31.67414,49364.73,57518.77,253530.5,,1963.226,371637.3,4227630.0
2021Q2,2774092.0,17596.9,57826.68,90344.49,68882.58,118247.0,18856.23,605777.8,62577.17,428800.2,29605.28,811188.0,534681.7,1585846.0,96889.06,5422.465,20223.67,167095.5,,2921966.0,119048.3,43287.41,49760.09,62549.34,11418.58,130587.6,2072.065,213033.3,170288.6,235920.0,1984.353,120292.6,1437394.0,2072.065,72366.65,213847.2,34824.68,10254.67,10291.7,22516.17,84323.87,96868.83,,118251.8,1984.353,30.23384,49866.25,60767.35,310201.5,,1984.353,381638.3,4406853.0
2021Q3,2696752.0,19688.76,57747.51,90358.58,62313.23,115518.7,18038.71,671914.1,54271.65,412802.9,28513.83,881332.2,522265.5,1635917.0,89179.53,5480.2,19994.58,152513.0,,2838232.0,128508.6,39745.39,55442.84,59266.26,10563.45,120901.2,2214.113,211026.5,173704.2,228667.5,1438.139,117127.7,1494224.0,2214.113,69748.89,215333.1,36314.12,8161.465,11499.02,24076.79,82470.69,90363.33,,117125.1,1438.139,27.078,44526.17,60149.52,309686.0,,1438.139,368550.1,4383428.0
2021Q4,2849725.0,16648.31,55552.44,90273.51,57532.99,120802.8,19526.27,697797.0,60548.19,431393.6,30963.12,918028.6,715009.8,1871926.0,97129.02,5547.565,22290.53,162441.3,,3003976.0,133174.6,42849.15,57570.24,62018.16,12446.44,129515.8,2414.398,220799.1,185942.2,235166.2,1306.534,129238.3,1717960.0,2414.398,78717.01,222640.2,38210.3,9356.366,12220.29,20825.83,90283.74,106480.4,,123692.1,1306.534,31.29823,50095.49,63118.57,475396.4,,1306.534,398493.0,4783115.0
2022Q1,2750170.0,15038.74,52154.92,88041.18,58077.66,117170.0,18619.05,,60581.4,428130.1,31945.62,565439.1,,,94315.82,5304.677,19145.61,157011.5,,2905414.0,108103.2,44748.38,53674.73,76917.87,12657.36,123759.4,2486.067,210852.0,179115.2,223970.8,1380.042,121083.4,,2486.067,73408.15,216759.1,36245.71,8356.958,11151.96,21645.5,89941.85,,,118376.3,1380.042,30.49848,50032.63,63449.39,516281.4,,1380.042,375305.2,4596504.0
2022Q2,2787442.0,17985.44,56935.98,86641.94,64778.37,124332.2,18426.4,618596.7,60831.35,432392.4,29987.4,842287.6,,1825953.0,101283.7,5097.017,19363.72,,,2940440.0,107678.4,45174.36,59291.75,76704.88,12782.87,130605.1,2792.349,209480.6,175985.3,243274.4,1439.648,131064.5,1673011.0,2792.349,77815.44,224584.8,34310.16,9372.72,11019.65,22582.86,87901.23,,,117126.9,1439.648,29.95143,49188.13,64000.85,603083.0,,1439.648,393734.0,4822805.0
2022Q3,2791879.0,17435.47,56647.5,85478.77,66414.29,119803.0,18226.27,682594.2,58889.65,420091.6,30057.27,916822.4,,1960758.0,93900.55,5041.073,19086.14,,,2944073.0,105718.3,44673.71,67286.69,76545.46,13212.73,122208.8,3004.064,218154.5,185373.3,247448.8,2046.043,133727.7,1807735.0,3004.064,81683.84,229948.6,36142.57,8320.515,11645.02,23850.12,88077.4,,,126650.8,2046.043,28.96605,45536.64,61407.5,658686.0,,2046.043,405890.1,4979216.0
2022Q4,2827115.0,16544.39,59164.68,88196.36,63931.74,121367.6,19250.29,623806.3,63241.23,435115.8,31181.16,846855.3,,1961044.0,98473.56,4773.101,20639.97,,,2981897.0,99020.53,46329.33,66477.67,68837.12,13904.07,128640.7,2714.418,227080.1,177451.3,243772.4,1816.043,131853.4,1805752.0,2714.418,77670.82,235669.9,38842.1,9016.542,12192.59,22762.93,87895.86,,,117144.0,1816.043,31.14057,49364.68,56137.61,731660.3,,1816.043,406652.7,5014524.0
2023Q1,2753102.0,12730.67,53871.93,90340.64,60756.99,122173.5,18649.6,,62781.9,433989.3,30980.29,590010.3,,,97535.73,4350.851,18633.16,,,2910450.0,85098.31,48667.74,61636.5,74380.6,12494.18,121983.7,2858.583,203624.3,171314.4,225529.1,2407.903,121926.0,,2858.583,72705.76,223201.6,38247.64,8519.343,11465.86,18902.21,88015.33,,,117680.4,2407.903,32.08417,51345.03,59451.44,664065.8,,2407.903,405942.8,4784022.0
2023Q2,2757859.0,14392.11,57215.92,91510.91,72443.42,127818.0,17874.93,631715.8,61914.81,425181.3,29514.27,841095.1,,1960723.0,93816.35,4440.31,19409.88,,,2908791.0,89612.86,46750.35,56003.5,73281.03,12995.22,122956.1,2888.88,209806.8,182186.5,242269.6,2823.384,125768.0,1808236.0,2888.88,71676.14,220356.1,34415.97,10193.26,11791.08,21784.38,85038.45,,,112841.8,2823.384,32.16149,49911.96,59915.25,739857.6,,2823.384,403305.7,4964902.0
2023Q3,2711476.0,15336.28,56195.01,,73532.59,,18153.6,704848.0,57163.94,410939.7,30125.52,917567.9,,2319013.0,,3926.68,18272.86,,,2868782.0,95825.48,,56667.54,70165.98,,113258.6,,216110.5,181952.2,237985.7,,119357.5,2155350.0,,72679.44,215625.7,33435.86,,11605.77,22949.29,,,,115011.4,,,46286.99,60423.62,1014739.0,,,407077.9,5332568.0
2023Q4,,,,,,,,,,,,,,,,,,,,,,,,,,,,,,,,,,,,,,,,,,,,,,,,,,,,,
