Unnamed: 0,Angola,Albania,Advanced Economies,Argentina,Armenia,Australia,Austria,Azerbaijan,Burundi,Belgium,Bangladesh,Bulgaria,Bahrain,Bosnia and Herzegovina,Belarus,Belize,Bolivia,Brazil,Barbados,Botswana,Central African Republic,Canada,Switzerland,Chile,China,Colombia,Costa Rica,Cyprus,Czech Republic,Germany,Dominica,Denmark,Dominican Republic,Algeria,EMDE East Asia & Pacific,EMDE Europe & Central Asia,Ecuador,"Egypt, Arab Rep.",Emerging Market and Developing Economies (EMDEs),Spain,Estonia,Ethiopia,Finland,France,United Kingdom,Ghana,"Gambia, The",Greece,Guatemala,Guyana,High Income Countries,"Hong Kong SAR, China",Honduras,Croatia,Hungary,Indonesia,India,Ireland,Iceland,Israel,Italy,Jamaica,Jordan,Japan,Kenya,"Korea, Rep.",Kuwait,EMDE Latin America & Caribbean,Lebanon,Low-Income Countries (LIC),Sri Lanka,Lithuania,Luxembourg,Latvia,Morocco,"Moldova, Rep.",Maldives,Mexico,Middle-Income Countries (MIC),North Macedonia,Mali,Malta,Myanmar,Mongolia,EMDE Middle East & N. Africa,Mauritius,Malawi,Malaysia,Namibia,Nigeria,Nicaragua,Netherlands,Norway,Nepal,New Zealand,Oman,Pakistan,Panama,Peru,Philippines,Papua New Guinea,Poland,Portugal,Paraguay,Qatar,Romania,Russian Federation,Rwanda,EMDE South Asia,Saudi Arabia,Sudan,Singapore,Sierra Leone,El Salvador,EMDE Sub-Saharan Africa,Suriname,Slovakia,Slovenia,Sweden,Seychelles,Syrian Arab Republic,Thailand,Tajikistan,Tonga,Trinidad and Tobago,Tunisia,Turkey,"Taiwan, China","Tanzania, United Rep.",Uganda,Ukraine,Uruguay,United States,"Venezuela, RB",Viet Nam,World (WBG members),Samoa,South Africa,Zambia
,,,,,,,,,,,,,,,,,,,,,,,,,,,,,,,,,,,,,,,,,,,,,,,,,,,,,,,,,,,,,,,,,,,,,,,,,,,,,,,,,,,,,,,,,,,,,,,,,,,,,,,,,,,,,,,,,,,,,,,,,,,,,,,,,,,,,,,,,,,
1994.0,3034.938,120.7492,3426209.0,15838.0,,47388.64,45059.05,,121.6687,143836.8,,7412.923,3.560279,,,121.8287,,43371.91,143.6735,,131.2269,166549.1,66168.22,11746.96,118463.8,8516.95,2878.884,901.053,14380.76,429439.1,46.55715,43100.0,,8892.59,308507.0,,3836.553,3471.557,763800.1,73388.81,1184.753,384.277,29658.27,281232.4,135426.5,,32.91364,,,,3595145.0,151086.3,,4.198057,6401.395,39955.37,785.8635,34063.73,1606.224,15869.01,190899.0,,1423.616,396580.0,1605.24,95638.86,11.20817,177787.2,568.8242,,,2028.229,6587.8,1521.032,,,,60831.9,649885.1,,292.2175,,,,121943.6,,,82502.21,,,341.9306,215514.4,34745.61,,12173.65,,7432.211,11179.65,4424.338,13400.41,2643.407,17192.81,19099.27,,,6211.75,67636.8,,,,,96407.96,118.302,1258.028,43771.32,,6.70323,6.821127,61297.81,,7163.775,45315.48,,11.32864,1866.02,4621.388,23126.29,92773.8,,476.5565,,1.91223,512627.0,4403.146,4918.099,4250238.0,,28411.19,712.9174
1995.0,3641.832,187.5351,4063136.0,20962.0,,53035.79,57588.17,,102.6034,175496.4,,5210.129,3.958402,,,141.0823,,46379.04,171.2164,,96.90017,192899.8,77931.88,16129.68,149498.9,10185.65,3472.349,717.4301,21636.48,523325.3,42.73078,51364.0,,10257.78,362740.3,177518.1,4377.017,3893.864,907146.0,91770.04,1586.723,410.7429,40202.03,374621.9,153802.6,,16.63144,,,,4270196.0,173646.3,,4.620419,9898.419,45356.52,995.0752,44555.75,1802.212,17605.54,234861.0,,1762.896,441571.0,1897.49,124870.7,12.76371,216589.6,816.0472,,,2695.821,7805.9,1654.756,,,,79519.8,767137.4,,278.8827,1867.26,,,137871.2,,,83762.65,,,470.5504,212977.9,41955.07,,13636.98,,7964.575,11921.73,5473.811,17409.37,2652.794,22867.1,23810.8,5.344381,,7984.3,82790.55,,,,555.64,118006.4,27.31831,1661.58,49197.71,,8.582135,8.305401,79566.98,,7332.796,56634.33,,10.88474,2438.825,5492.837,26189.52,111626.6,,550.2763,,2.114576,584742.0,4738.588,5889.934,5041587.0,,31846.64,751.1618
1996.0,4786.248,243.3936,4176974.0,23809.0,280.8546,60233.37,57831.9,,34.70724,175388.5,,6345.207,4.552145,,,150.4669,,47836.11,214.0727,,221.4912,204823.0,76269.71,16680.94,150873.6,10623.25,3764.169,752.5764,22191.74,524495.9,49.97461,51445.0,,13248.98,363914.9,191612.8,4870.819,3164.55,950333.5,102011.7,1725.187,419.1041,40515.28,371234.5,167409.6,,4.327722,,,,4391581.0,180633.9,,4.539393,11308.59,49795.18,1170.504,48641.22,1887.25,18745.87,250745.0,,1805.77,410602.0,2094.141,129932.9,14.84619,239882.0,1013.325,6152.134,,3354.387,7201.9,1831.86,,,,95480.9,808023.5,,289.6787,1731.011,,,130712.5,,,76416.99,,,461.0684,217506.7,49555.38,,14352.29,,9301.53,11749.72,5868.102,20513.36,2515.313,24402.2,25106.48,4.911952,,8241.983,90295.33,,,,796.8309,124998.3,51.65114,1796.787,52120.85,,8.824787,8.311371,84832.73,,3270.693,56083.95,,8.93626,2499.836,5514.706,27102.77,115790.8,,641.2139,14407.15,2.393407,625077.0,4609.314,6177.662,5199717.0,,32502.69,721.1577
1997.0,5557.728,138.5836,4224594.0,26431.0,232.9667,62835.03,58533.66,,89.50987,171783.8,,5297.645,4.319101,,,160.5275,,52806.57,205.976,,225.3819,218449.1,72531.17,17941.97,182874.8,11531.14,4202.263,1646.608,22326.17,512464.1,51.63105,49085.0,,13892.78,418098.8,192873.6,5268.055,3586.355,1048802.0,103821.6,2136.738,551.2342,40950.12,328385.0,169435.7,,9.05085,,,,4452041.0,187707.5,,4.341651,17378.05,53501.12,1269.848,53441.41,1863.087,20310.36,239399.0,,1834.047,433364.0,2078.642,136134.2,14.20594,271027.9,662.4464,6347.915,,3862.867,7054.4,1649.608,,,,110242.3,888611.1,,253.0921,1631.049,,,134430.5,,,86807.05,,,586.6844,209659.3,48524.91,,14207.04,,8754.291,13813.43,6800.694,25191.8,2161.896,25693.21,24447.33,4.558299,,8423.241,85875.28,,,,913.6137,124800.4,18.62617,2430.039,56187.27,,9.631321,8.361339,82878.38,,3265.781,58420.74,,9.153362,2541.255,5574.987,26517.89,121883.1,,585.7458,14272.31,2.71881,689181.0,5375.105,7374.587,5340724.0,,35207.32,394.0334
1998.0,6334.723,225.4329,4207786.0,26432.0,226.2707,55899.17,62637.14,674.9803,64.64187,178992.1,,4261.034,3.265272,,,151.9434,,51216.99,188.4097,,83.32823,219919.3,75387.27,16370.08,184660.6,10877.73,5522.389,1683.384,25898.58,543524.0,60.37479,48732.0,,10206.76,435187.7,182832.7,4214.997,5018.837,1069847.0,109249.4,2528.606,619.5436,43188.61,341719.5,163850.4,,16.6241,,,,4437656.0,174375.9,,4.53321,18437.16,48973.88,1378.671,64372.58,1930.052,20651.98,243621.0,,1803.27,390774.0,2015.031,132532.0,9.561333,274522.8,660.0364,21882.94,,3720.832,7941.5,1595.297,7160.231,,,117435.0,890630.1,,454.1483,1830.201,,,182675.1,,,104510.1,,,564.3624,217544.0,40367.71,,12051.07,,8498.42,15106.0,5733.086,29474.43,1765.465,28261.42,25355.93,4.860327,,8269.122,73962.95,,,,1031.39,110128.6,7.096202,2426.926,50357.96,,10.71467,9.035838,84914.43,,17589.81,54543.56,,15.25195,2244.958,5779.396,27539.35,110551.5,,513.7654,12672.46,2.76521,682137.0,5200.876,9414.927,5342868.0,,29475.55,507.7683
1999.0,7117.929,262.5939,4293056.0,23310.0,232.085,55976.2,64162.5,1012.452,52.75181,179023.2,,3935.674,4.060942,1073.817,,174.6038,,47909.02,196.0114,,83.20357,247680.2,76147.07,17299.19,194127.1,11580.17,6679.232,1695.173,26275.67,543266.8,53.58059,50282.0,,12519.65,443891.4,186243.1,4454.831,4144.274,1108719.0,109871.2,2385.899,447.6459,41703.35,322684.4,166461.4,,7.418488,,,,4534058.0,173674.2,,4.296292,24950.53,48623.15,1536.024,71318.19,1997.098,22794.71,232870.0,,1832.543,420442.0,1751.83,143342.1,12.15207,291088.9,674.242,25777.19,,2761.356,7759.0,1724.087,7512.76,,,136036.1,916223.4,,702.265,1983.621,,,203311.7,,,94128.9,,,543.5173,217109.8,45368.83,,12493.79,,8521.392,15867.26,6087.509,34919.0,1873.96,27332.72,25265.5,3.631437,,8506.695,69163.54,,,,1149.022,114443.9,4.533541,2507.192,52563.09,,10.23694,8.570252,85062.95,,21080.89,58439.82,,6.190723,2788.064,5899.221,31174.2,121317.8,,479.4672,11560.96,2.238186,695798.0,4177.778,9907.147,5467294.0,,30414.38,713.9374
2000.0,7678.276,258.9664,4648229.0,26340.0,292.9429,63747.35,64227.07,1857.348,48.60067,187872.9,,4800.808,5.700125,1014.823,,199.0685,,54884.62,273.4508,,48.28841,288033.6,74982.88,19315.33,249365.8,13179.59,4117.109,1308.933,29021.01,550549.3,53.56995,50293.0,,22029.59,532490.2,236319.2,4913.371,4562.818,1332484.0,113461.9,3172.02,429.0507,45479.21,278880.4,186961.0,,8.626796,7422.231,,,4915206.0,201763.0,,4.43808,28023.11,62192.16,1909.389,77088.72,1902.849,28338.38,240028.0,,1902.067,480608.0,1768.209,172592.7,19.4468,339846.0,719.2105,31309.95,,3560.236,7830.5,1863.786,7421.853,,,166056.3,1106238.0,486.3182,842.1465,2334.474,,,259808.4,,,98106.31,,,638.8631,231023.6,60012.95,806.1756,13298.3,,9030.961,16429.78,6962.417,38025.35,2092.501,31696.05,25158.45,3.653852,,10361.04,99272.78,,,,1269.25,137565.0,11.80239,2932.744,57847.68,,11.8422,8.742945,87747.36,,26062.33,69814.07,,17.93003,4701.243,5873.448,35450.96,148156.7,,439.9637,14551.35,2.305343,781918.0,5510.946,10637.49,6043490.0,,34082.65,613.0487
2001.0,6387.937,303.61,4459351.0,26539.0,347.2092,63280.45,66605.6,2086.111,37.66197,190515.8,,5115.602,5.559836,1037.241,,160.2689,,58039.22,258.2405,2541.27,71.37472,270796.1,78159.56,18261.97,266714.7,12362.03,4117.607,1475.493,33343.92,572392.8,43.38527,51037.0,,19134.93,525247.4,255748.1,4674.723,5799.274,1334122.0,115498.2,3314.749,396.9402,42814.44,269834.2,190755.3,,6.596534,9472.609,,,4727746.0,190678.6,,4.664713,30485.4,56443.56,2045.915,83037.37,2018.43,25729.69,244250.0,,2291.163,402458.0,1942.306,151061.1,16.25008,334451.2,888.3828,29430.86,,4277.694,8203.4,1997.804,7166.967,,,158873.2,1101650.0,609.2114,983.2533,1931.26,,521.8823,249845.8,,423.0209,87237.46,,,585.6065,234173.0,59290.71,739.5815,13745.42,,9243.911,17358.62,7034.886,32205.45,1797.994,36140.28,24950.6,3.24432,,11387.11,97103.65,,,,1393.662,122140.1,29.67728,2856.848,55352.72,411.2488,12.65564,9.273906,78157.21,,24013.36,65233.02,,17.34392,4285.571,6650.171,45911.21,122827.4,,467.42,16290.27,2.072014,729100.0,5817.616,13054.84,5850447.0,,33559.03,654.5917
2002.0,7466.863,341.3952,4628294.0,25649.0,507.5264,64982.11,73168.14,2293.632,30.60653,216277.2,,5612.781,5.635462,1008.758,,164.4492,,59766.8,241.9895,2561.181,94.82831,262434.2,87518.0,18242.86,324471.7,11980.08,4179.953,1797.764,38475.43,616718.5,42.61689,56357.0,,18799.32,600013.2,290636.1,5036.043,7571.015,1460705.0,124181.1,3441.948,396.1907,44634.91,299492.1,187433.8,,3.172375,10318.99,,,4912606.0,199875.0,,4.890974,34295.71,57049.73,2455.35,88770.46,2235.53,25714.35,254714.0,,2771.67,417244.0,2185.559,162449.3,15.3662,335900.9,1049.076,29526.6,,5216.023,8515.2,2280.352,7852.63,,,160610.7,1211439.0,591.8315,1039.947,2106.118,,455.7479,259383.4,,385.2419,93917.86,,,556.682,238267.7,59693.75,564.5624,14399.25,,9970.221,16251.73,7687.782,35225.67,1658.786,41005.63,26916.27,3.218812,,13879.06,101777.3,,,,1938.886,126201.0,47.23484,2999.898,58307.06,360.5015,14.47343,10.36793,83172.47,,23499.61,68052.65,,14.2348,4305.253,6919.92,61244.69,130158.1,,477.7574,17928.29,1.860495,693104.0,4998.307,16858.02,6143682.0,,33844.16,1079.632
2003.0,9298.645,448.4854,5372490.0,29939.0,675.714,70371.73,89276.17,2628.129,40.77796,255666.0,,7532.623,6.467906,1342.464,,370.7702,,72582.92,251.1479,2802.537,117.1177,283893.9,100711.6,21766.13,436026.5,13113.12,4494.823,2210.934,48724.96,752548.2,40.32477,65370.0,,23160.37,741715.2,365038.7,6236.493,10035.6,1735939.0,155952.7,4523.107,567.4658,52489.99,420418.7,187842.7,2576.342,2.336305,13496.3,,,5711863.0,223698.9,,6.158191,42928.69,61050.67,2748.922,93538.12,2386.826,27934.15,297193.0,,3079.333,471338.0,2408.049,193576.3,20.72515,367769.3,1520.408,14058.77,,6956.815,9935.9,2886.913,8780.305,,,164826.2,1455265.0,757.1111,1060.543,2461.274,,620.3288,236491.9,1893.181,504.91,102599.2,,,612.4851,286666.0,68335.56,661.8893,16549.81,,11823.9,16430.15,9077.589,36245.76,2227.065,53671.88,33085.15,3.427726,,17693.33,128834.8,,,,2517.523,161437.4,87.11248,3125.008,71362.18,479.5161,21.96505,12.75542,102458.4,,7820.606,80047.39,,11.62897,5143.668,8016.471,72820.94,143742.8,,572.3024,22997.06,2.199088,724771.0,5236.801,20032.56,7169560.0,,41573.22,1474.933
2004.0,13220.8,605.6948,6395359.0,34576.0,707.8864,86494.45,111636.0,3721.587,45.8976,307715.4,,9925.974,7.495434,1794.268,,416.6773,,94604.51,277.5272,3552.706,82.06603,328598.2,117858.0,33179.4,589774.9,16755.45,4978.143,1972.566,67147.86,909317.5,41.32634,75681.0,,31303.19,949852.0,481107.0,7743.366,13336.97,2207046.0,182032.3,5927.208,663.5812,60965.08,534283.9,191148.6,2713.913,8.571629,16582.26,5039.606,,6822926.0,259352.8,4550.963,7.999384,55392.37,71373.92,3475.658,105635.3,2891.358,33854.15,354231.0,,3878.382,564014.0,2680.955,253642.9,28.55767,445923.5,1752.744,17147.7,,9305.883,12181.4,3974.486,9934.01,,,187297.8,1840367.0,1043.213,1231.676,2634.226,,834.712,300035.7,2115.915,448.5165,120266.8,,,760.4687,344020.0,82560.49,756.1337,20335.73,,12954.78,18243.1,12766.4,39683.02,2543.006,73737.49,38432.31,4.168422,,23486.21,177019.8,,,,3538.516,199153.3,135.7824,3304.279,90892.55,625.5876,27.61282,15.89119,123268.6,,9299.307,96512.2,1356.089,9.591498,6457.479,9676.908,84135.27,173584.5,,756.9547,32587.72,2.925414,814874.5,6926.98,25198.78,8667732.0,,52210.55,2563.139
2005.0,23642.75,656.9989,6960156.0,40386.0,944.6006,105583.9,117515.5,7572.769,56.65555,335193.8,,11713.63,10.00664,2398.857,,436.4062,,118351.1,360.6804,4447.511,103.019,370706.8,126067.3,42099.59,759025.2,21134.41,5376.967,2195.386,77946.53,976647.1,41.33563,82337.0,,45993.45,1178005.0,603873.0,10094.28,15441.34,2724468.0,190861.0,7682.947,910.8419,65160.19,557993.7,212659.6,2812.343,,18389.63,5391.763,,7447888.0,288423.0,5046.405,8.775969,62259.22,85507.07,4391.032,108409.7,3091.03,36612.16,373565.0,,4301.678,595799.0,3217.665,284165.4,44.75798,530693.0,1875.564,21237.61,,11760.3,10923.4,5097.362,11180.21,1092.882,,214222.3,2282445.0,1415.019,1682.248,2424.094,,1027.273,379703.1,2427.453,518.8012,141415.4,,,867.8701,377946.1,103818.3,869.7118,21735.78,,15903.83,19382.21,17280.82,41335.77,3256.914,89345.17,38745.44,4.874644,,27670.12,238708.5,,,,4869.625,230153.1,158.4828,3444.855,114205.5,838.3236,31.81835,17.89492,130802.6,,10759.4,110730.8,1471.577,13.55851,9947.808,10645.52,106158.3,188603.2,,1015.464,34197.37,3.416636,901081.8,7208.946,31159.98,9738752.0,,58954.67,3199.512
2006.0,31665.2,790.0336,7839647.0,46545.0,992.9599,123158.6,130236.8,12991.9,54.187,366569.4,,15032.8,11.62687,3311.28,19752.89,533.4911,3942.746,137097.9,510.6315,4516.787,112.2474,398459.3,141630.2,59341.28,964244.6,24532.22,6127.141,3097.798,95048.58,1120416.0,41.30533,90921.0,,54608.95,1454031.0,742685.8,12720.66,25640.83,3324275.0,213307.8,9683.864,,77127.54,622648.7,246129.5,3748.932,,21464.95,6044.641,,8416175.0,316274.0,5283.381,10.36053,73924.44,100665.8,5520.345,110116.9,3450.439,39627.23,420427.0,,5206.069,646937.0,3430.773,325014.1,55.79461,630743.8,2268.371,26203.49,6886.682,14118.56,12574.8,5875.092,12751.57,1044.443,,250042.0,2783828.0,1768.855,1286.274,2843.721,,1526.518,479843.2,2332.625,654.5693,162164.1,,,1055.502,432954.9,122237.9,901.5503,22460.06,,16814.27,20725.21,23661.35,47434.26,,109437.9,44832.93,6.014888,,32451.74,296945.8,,,,5681.63,273460.5,225.9692,3735.298,132603.8,1124.41,41.74334,21.30045,147738.0,,14607.53,129663.2,1459.756,10.01081,13999.92,11720.74,134612.2,212761.9,,1175.341,38168.81,3.980436,1025969.0,6839.655,38877.06,11211934.0,,65870.17,3672.643
2007.0,44523.57,1078.541,8965704.0,55980.0,1213.881,141148.6,157082.8,21348.16,57.13614,431635.5,12763.97,18444.2,13.5088,4163.45,24257.21,482.6236,4491.666,159668.3,523.9676,5157.232,84.14696,430562.0,164551.4,68656.8,1217941.0,30277.69,6660.571,2332.565,122542.7,1321556.0,36.282,101817.0,,60157.46,1774803.0,843379.8,14333.5,22274.53,3897628.0,248621.2,10997.72,,89902.23,764427.6,222650.4,4214.981,,26458.35,6928.92,,9649502.0,344496.3,5797.218,12.31288,94430.31,113919.6,6196.805,124140.5,4778.195,45834.88,499949.0,,5749.454,716182.0,4074.514,371327.8,62.75198,708868.6,2819.976,24489.73,7637.561,17126.75,15181.7,7862.643,15378.8,1332.333,,271384.3,3257776.0,2567.858,1134.87,3148.546,,1906.837,505703.3,2231.939,864.0018,176683.1,,,1234.028,510459.5,136463.2,897.6088,26980.06,24182.98,17254.14,22714.17,27941.65,50579.74,,138806.8,52434.75,7.550503,,40522.16,344975.0,,44884.1,,8932.5,301705.3,242.9494,4018.608,167515.3,1287.472,57.88775,26.86302,168829.0,,9299.111,153648.5,978.8918,7.696825,13239.64,15175.63,100095.6,234223.5,,1761.123,49165.4,4.516341,1148197.0,5523.044,48587.47,12914344.0,,79221.48,4883.273
2008.0,64369.11,1346.339,10041025.0,70020.0,1058.795,185785.5,173597.7,30405.34,59.29153,471913.8,15477.33,22546.93,19.1019,5054.961,32554.71,574.034,6533.055,194646.8,486.5728,4889.576,87.67707,460826.1,191283.5,64535.88,1429046.0,36816.29,7216.232,2557.912,146577.7,1451528.0,39.76682,116648.0,,79319.61,2072484.0,1074537.0,18767.63,26372.69,4655441.0,277809.6,12478.43,,97008.4,910762.4,252437.5,5273.303,,31190.23,7743.515,,10830250.0,363405.1,6196.149,14.1372,108470.2,137049.8,8404.172,130285.7,5358.749,51345.65,541829.0,,7945.556,782945.0,4971.309,421747.2,87.08195,798320.3,3486.614,30899.61,8130.66,23672.61,17445.5,9292.271,20260.66,1600.559,,290054.6,3898007.0,2991.295,1880.996,3623.948,,2604.034,671007.4,2389.518,796.3318,200761.8,,726.379,1489.603,591301.0,172155.6,893.8963,30648.97,37680.32,19860.69,22834.9,31170.1,49086.41,,171856.5,57232.64,9.688123,,49656.82,467226.7,,52924.76,,11626.13,341054.8,213.7081,4648.134,208492.9,1663.395,70.37806,29.54507,184277.6,,11357.46,177805.3,1179.735,7.875523,18610.74,19288.78,111961.5,243443.9,,2210.842,66627.07,5.927148,1287441.0,5612.521,62659.56,14742413.0,,92017.57,5053.766
2009.0,40751.97,1104.753,7876754.0,55673.0,692.1113,154743.8,130667.8,21172.71,66.20835,371754.4,15109.98,16339.19,16.57283,3954.081,21317.79,466.8777,4959.375,151600.6,377.305,3477.219,108.0574,322998.9,166703.6,55520.67,1195992.0,32937.5,6443.195,3418.103,113043.3,1119989.0,34.14825,92113.0,,45202.46,1731658.0,798011.5,13863.35,31063.3,3717652.0,220528.1,9061.02,,62707.2,674428.3,227909.8,5854.958,,25039.59,7240.273,,8494542.0,317983.6,4841.611,10.47681,82345.78,116082.2,7983.982,121692.5,4040.521,42096.51,405013.0,,6396.079,583819.0,4472.967,362893.1,53.50853,634173.8,3484.793,28693.23,7066.848,16466.98,13469.2,7136.786,13984.86,1280.077,,229485.1,3118733.0,1876.102,2186.34,2905.431,,1889.247,502724.9,1940.51,1186.838,157889.3,3047.041,378.883,1401.314,466829.7,116636.1,890.0752,25023.26,27856.02,17392.68,18057.04,26923.83,38504.85,,136590.0,44206.78,7.7926,,40571.82,295691.2,,48588.64,,8413.783,271205.2,236.7879,3870.083,156526.1,1393.04,55.41598,22.62922,130794.7,240.8363,11690.19,152524.9,1283.186,8.233,9318.785,14452.85,134234.8,193305.1,,2328.304,39557.94,5.39522,1056042.0,2886.239,57518.81,11627906.0,,71396.66,4290.739
2010.0,52869.8,1541.657,9244966.0,68175.0,1010.333,212215.5,144940.1,26577.6,90.71197,407431.8,19323.15,20512.07,14.32708,4801.533,25416.11,545.436,6385.664,199614.9,430.4012,4651.341,111.3848,392341.5,186097.5,71390.71,1573446.0,39742.7,7320.292,3177.11,133020.9,1261855.0,36.67454,96252.0,6813.417,57060.07,2264532.0,985365.3,17538.8,29223.88,4736907.0,246257.4,11585.57,,69287.01,695676.9,265954.3,8033.192,,28027.55,8467.516,,9974401.0,389666.1,6310.07,11.78807,94724.4,157561.5,10346.91,120731.5,4593.044,50986.44,444105.0,,7036.964,772074.0,5161.844,465800.4,67.35755,806546.7,4249.683,22039.28,8612.888,20638.95,14111.8,8806.301,17776.07,1522.377,,297760.4,4021228.0,2603.42,2713.84,3721.737,,2896.776,556090.9,2253.126,1079.521,199042.1,3923.822,521.0771,1822.383,533365.3,130546.0,886.536,31425.52,36647.72,21075.98,15633.53,35719.82,51492.6,,159810.7,49475.47,10.52637,,49473.62,392533.9,,60425.88,,11561.47,353324.9,339.3819,4511.556,202001.7,2048.311,65.26886,24.71469,158448.0,218.0635,2076.268,193492.0,1337.812,16.98427,11181.55,16417.23,152346.5,260430.9,,2164.331,51153.3,6.704416,1278493.0,2854.315,71873.24,14007131.0,,91171.1,7203.567
2011.0,66509.22,1954.988,10767674.0,82979.0,1326.849,269982.6,169843.2,34471.07,118.2155,476787.2,24469.11,28234.99,12.09126,5859.546,41254.07,680.6308,8346.775,253155.0,473.9578,5814.304,60.90022,461550.9,223524.0,81844.07,1890750.0,56834.83,8126.014,3542.06,163067.7,1479702.0,30.88427,113049.0,8341.131,73709.87,2712395.0,1218446.0,22331.33,29107.86,5738315.0,298847.2,16702.83,,79370.08,833776.6,302624.6,12880.71,,33718.84,10387.7,1128.171,11634449.0,430024.6,7964.692,13.3674,111354.9,203289.4,14103.72,129575.2,5332.634,58210.35,525173.0,,8014.551,824084.0,5761.598,555473.1,101.9556,988017.7,4273.18,18302.69,10573.15,28004.24,16710.1,11840.66,21646.59,2217.022,,349786.0,4882879.0,3344.073,1505.372,5210.876,,4751.928,662084.6,2572.464,1494.382,228722.0,3895.052,623.7718,2241.483,617100.9,160361.4,882.9538,37671.85,46986.14,25120.61,19834.02,46243.03,48381.69,,190293.9,59606.38,12.63908,,63041.94,514321.4,,75374.58,,9287.501,416509.5,347.7064,5305.963,240893.3,2418.027,79.08616,29.26244,187102.2,267.883,1385.315,222498.7,1197.941,17.66999,14558.9,17843.44,151221.8,290965.2,,2523.458,68351.88,7.952308,1482507.0,3480.28,96364.5,16527215.0,,108772.7,8996.324
2012.0,71281.15,1967.987,10461798.0,79981.0,1430.91,256872.1,159160.7,32661.05,130.8472,446966.8,25297.18,26672.44,9.857477,5151.499,46018.25,673.1763,11236.56,240966.1,562.2936,6079.134,28.18814,461855.9,214067.3,78396.58,2042498.0,60052.56,8737.579,3432.497,157123.0,1407053.0,34.21818,106245.0,8934.415,71851.88,2878253.0,1219830.0,23777.75,26762.68,5918849.0,286641.3,16097.36,,73317.95,732695.4,298421.3,13439.02,,35409.02,9959.193,1408.105,11297942.0,444464.0,8352.219,12.35132,102906.6,190331.4,15832.32,120033.4,5069.813,54023.41,502518.0,,7883.096,796534.0,6137.353,548279.2,119.0067,996810.1,4487.806,13881.11,9806.68,29533.9,14091.0,12647.56,21458.61,2167.071,,370327.6,5078982.0,2968.556,2944.055,5735.514,,4403.975,661112.9,2653.623,1249.046,227918.0,4158.661,594.6933,2675.625,598419.8,160744.1,879.4718,37342.41,52063.95,24443.48,21884.1,47434.04,52141.62,,184474.4,58208.24,11.71183,,57999.11,527958.9,,76487.5,,3356.984,416692.4,1010.68,5338.349,234592.0,2534.225,80.05563,27.1009,172722.8,270.7614,1148.691,229047.9,1068.258,17.86,,16997.34,157438.3,283440.4,,2814.436,68947.04,8.806321,1545820.9,3031.449,114853.4,16388373.0,,99881.15,9347.983
2013.0,67880.2,2331.227,10638158.0,75964.0,1483.59,252915.9,167297.2,31705.71,99.34509,467437.1,28387.16,29601.42,8.952153,5683.381,37228.75,434.6615,11680.39,233173.6,464.9671,8090.785,167.5227,465335.7,217243.5,77235.62,2210624.0,58760.38,8647.984,3323.854,162374.6,1446861.0,35.52916,110543.0,9416.736,64958.4,3062331.0,1225711.0,24845.65,21347.13,6105528.0,311494.5,16347.86,,74603.47,769834.7,299665.5,13670.19,,36280.96,10003.98,1356.945,11517267.0,458423.8,7807.178,12.69927,108136.8,182706.2,18439.76,118384.4,5014.009,57058.1,520723.0,,7942.307,717635.0,5888.623,559863.0,114.9323,985169.7,3932.005,16974.26,10397.51,32629.14,14139.8,13360.07,21993.27,2430.801,,379544.5,5217046.0,3159.123,1620.421,5240.787,11222.91,4274.62,635188.3,2869.019,1170.877,228327.2,3826.207,596.5307,2445.762,622877.7,155988.7,875.6527,39452.57,56554.63,25015.8,20060.15,42855.87,56733.91,,206309.0,62865.33,13.60824,,65973.46,521838.2,,83364.78,,7174.934,419710.3,1512.851,5524.51,233817.1,2462.846,85.28166,28.66097,167687.4,375.3516,935.3622,228630.1,900.1169,15.80541,,17044.12,145480.0,286902.3,,2827.771,63449.34,9.003647,1578516.8,2093.042,131653.2,16748294.0,,96255.31,10607.36
2014.0,58615.23,2429.904,10769227.0,68407.0,1523.043,240568.1,170277.4,28153.22,122.4318,471789.7,29984.05,29340.48,8.406974,5890.064,36025.95,358.8368,12315.95,221591.3,471.4803,8541.144,118.9191,479404.1,227869.7,75359.1,2326352.0,54749.13,9131.347,3288.532,175178.2,1493612.0,36.06736,110717.0,9906.233,60075.11,3202182.0,1208728.0,25668.03,20139.81,6189608.0,318919.5,15945.32,,74404.84,771630.2,289061.1,13194.32,,36059.49,10801.43,1162.8,11652132.0,472737.1,8120.511,13.87176,112700.9,176434.5,19668.6,123121.5,5084.504,57652.17,530243.0,1454.717,8392.229,691816.0,6045.335,572572.7,102.0338,975194.3,3311.9,15276.35,11133.23,32347.04,15132.3,13799.34,23887.75,2349.493,,396272.9,5294329.0,3688.648,3183.158,5030.236,11347.46,5732.26,584903.5,3091.551,1352.498,233982.8,3817.565,502.1365,2689.679,623413.4,144510.0,871.9419,41572.83,52773.89,24541.44,17950.04,39611.5,61975.99,,222566.1,63813.56,13.07498,127306.6,69701.14,497867.6,,86457.39,,4308.261,415287.7,1279.024,5299.68,218836.9,2115.431,85.97609,30.52441,164710.6,335.1785,867.6414,227553.0,894.9646,,,16784.97,141369.2,295653.5,,2725.802,54227.54,9.053567,1621873.8,,150249.1,16961013.0,50.31398,93331.74,9677.222
2015.0,33103.9,1931.688,9423808.0,56784.0,1480.516,188115.8,146029.4,15566.0,126.9468,396919.0,32507.75,25541.8,8.794039,5099.065,26586.5,324.4728,8761.822,186961.0,482.4608,6249.729,76.25864,410194.5,210795.1,62112.85,2284309.0,36062.2,9191.699,3386.72,157890.3,1323837.0,30.24932,94681.0,9428.781,34679.56,3093512.0,980370.0,18318.07,22993.34,5567679.0,277299.1,12857.82,,59803.77,561397.6,280793.7,10296.32,,28619.7,10663.23,1132.152,10153960.0,465860.4,8213.937,12.83733,100339.0,150517.2,17163.55,124899.6,4785.517,53427.5,456226.0,1248.808,7822.786,625738.0,5911.541,526948.7,54.08683,859772.5,2948.034,11272.97,10557.31,25400.53,12946.6,11661.41,22382.05,1974.062,,380206.7,4823548.0,3378.97,1770.619,3997.043,11402.92,4726.457,406720.7,2664.116,1010.252,199172.2,3248.461,232.2235,2425.84,501891.4,103929.9,868.2465,34282.36,34800.38,21888.71,15980.72,34393.47,58791.32,,200488.8,55022.51,11.10953,77440.61,60632.91,342149.1,,83224.17,,3156.059,357597.8,588.3537,5497.562,165908.5,1617.927,75.09192,26.58199,139959.0,244.9559,903.0167,214481.8,1172.51,,,14068.42,155793.5,263169.7,4917.17,2668.407,38235.63,7.727248,1503328.5,,161849.1,14990014.0,52.5819,80986.44,7004.265
2016.0,29119.28,1963.332,9341593.0,57910.0,1786.06,192122.6,145409.3,13155.45,115.2211,398793.7,34111.65,26717.49,6.616294,5323.366,23450.4,260.4918,7079.23,179667.2,513.3469,7365.664,,394059.9,214138.3,60723.58,2094859.0,31665.55,9918.324,3004.382,162765.4,1333157.0,22.48457,94824.0,9823.956,30020.83,2903280.0,936025.4,16762.58,27337.38,5289034.0,281702.3,13169.57,,57414.82,555386.2,299030.6,11215.86,,28181.51,10451.82,1426.363,10064294.0,461437.5,7959.326,13.64043,103139.3,145004.4,17757.39,132126.1,4494.356,52259.19,462257.0,1187.445,7524.057,642408.0,5699.177,495025.6,46.16089,837458.5,2975.886,11126.04,10317.35,25029.18,13170.3,11614.96,22790.57,2040.467,246.9709,373468.6,4551855.0,3903.522,,4326.454,11837.11,4923.692,372049.6,2379.632,,189701.6,3190.219,139.2342,2246.479,500635.5,89482.56,725.5131,33800.85,26337.48,20365.08,12924.68,36920.51,57370.31,,205168.4,55445.3,11.95713,57348.97,63635.78,280290.0,,83523.96,183247.4,3098.932,337758.3,75.80562,5424.79,157348.7,1424.294,76.98018,27.69139,139314.8,282.0293,,215508.6,,,,13551.92,167971.5,256270.5,4459.028,2926.309,36289.79,7.018708,1451459.0,,176313.8,14629102.0,56.28234,76121.9,6533.803
2017.0,,2302.264,10262673.0,58643.0,2070.117,231165.8,160740.9,15153.14,,429964.9,34819.0,31580.39,6.930398,6387.451,29111.04,284.5096,7834.529,215042.6,484.1639,5978.41,,424240.2,224233.8,68879.55,2257230.0,37919.42,10615.68,3343.126,182148.7,1445759.0,20.12968,101584.0,10112.54,35164.0,3192936.0,1099459.0,19108.5,30113.72,5934522.0,312900.4,14544.93,,67449.24,606205.2,339421.8,13783.21,,32633.71,10970.14,1439.137,11093585.0,497913.8,8642.493,15.76615,113570.3,168717.5,19458.28,138789.8,4886.204,52949.99,512002.0,1367.787,7523.13,699066.0,5755.8,573662.8,55.27077,941607.0,2837.134,12698.8,11356.37,29873.76,14291.3,13168.68,25636.13,2408.986,329.8792,410034.3,5086407.0,4600.141,,4168.619,13890.91,6211.622,437880.9,2353.158,,217868.9,3729.89,136.8802,2377.686,576143.9,104322.0,724.6757,38061.69,32378.28,21511.06,13840.42,45353.71,68680.72,,231463.4,62244.02,13.24042,67537.97,70825.49,351619.4,667.9405,88199.27,221438.0,4057.408,373235.3,114.2515,5750.415,179262.6,,83.36572,31.94352,152952.8,,,236665.3,,,,14221.08,,291277.8,4143.44,3455.84,43231.31,7.841886,1547195.3,,215151.9,16196056.0,45.03432,88873.78,8140.047
2018.0,,2873.812,11124903.0,61781.0,,257289.0,177312.7,20787.56,,468093.0,38569.13,33814.03,7.438237,7189.144,33877.59,,8958.337,232076.5,,6587.346,,452367.2,238332.0,74885.16,2502160.0,41929.57,11255.97,4880.067,202556.1,1556240.0,,108552.0,10632.82,41765.83,3529909.0,1297569.0,21612.6,32442.65,6679188.0,336698.2,17010.72,,75191.11,687318.1,353338.5,14945.35,,39533.24,10960.74,1373.399,12113659.0,531251.9,8632.195,17.23691,122196.9,179967.7,22213.74,166281.7,5626.106,53920.38,550246.0,1885.089,7754.986,738710.0,6056.606,604866.5,72.08932,1023685.0,2946.443,,11868.76,33353.94,15688.4,15097.05,29402.1,2714.41,343.1719,450492.7,5668707.0,5755.098,,4072.323,16695.55,6999.117,551768.1,2357.942,,248891.1,4176.184,169.3371,2528.221,648590.9,123080.8,784.9074,39622.27,41751.09,23365.82,14755.03,49241.99,69194.43,,264659.7,68391.21,13.67104,84465.32,79963.09,443784.2,701.0938,97145.53,294359.9,,411721.9,207.8351,5905.417,192018.3,,93.40566,36.49745,165974.2,,,253311.4,,,,15578.79,,307761.0,3926.84,3638.566,47338.37,7.555228,1665786.8,,243276.8,17795546.0,45.45218,94184.64,9069.614
2019.0,,2718.988,10786316.0,65115.0,,271226.1,171881.3,19886.46,,446728.8,39030.71,33493.47,8.181784,6583.182,32933.92,,8741.778,221617.2,,5202.308,,448856.5,243747.6,68686.89,2498884.0,39539.81,11362.92,3558.786,199786.4,1486631.0,,110318.0,11196.99,35822.78,3522540.0,1268354.0,22319.47,34027.24,6580865.0,324387.0,16105.76,,72816.65,638777.6,366459.7,15683.07,,37933.3,11168.42,1514.966,11721345.0,509287.3,8787.634,17.07624,122183.0,167584.6,22817.53,171228.2,5256.589,51495.34,539826.0,1649.705,8333.389,705832.0,5839.331,542058.7,64.60031,1017732.0,3716.361,,11938.63,33187.35,14824.8,14526.55,29536.29,2786.17,356.917,460433.4,5625287.0,5980.365,,4251.538,18273.53,7646.034,501077.7,2219.296,,240003.6,3873.539,179.951,,643025.3,104036.0,,39413.39,38709.31,23475.69,14641.37,48007.23,70807.76,,267295.6,66989.01,12.70505,72991.51,77204.0,419939.9,779.4454,98464.41,261794.1,,390715.6,460.7706,5901.045,181973.2,,89.98894,37.59131,160881.6,,,246628.9,,,,14964.77,,304181.5,,4088.674,50076.76,7.709987,1645940.4,,263313.8,17355942.0,49.22716,89710.69,7063.415
2020.0,,2535.834,9959958.0,54884.0,,250444.7,163002.4,12598.3,,421724.8,32036.04,32051.89,8.068093,6167.861,29020.6,,7006.519,209776.5,,4360.82,,390824.0,240237.9,73916.38,2551715.0,31136.92,11620.68,3097.509,192616.0,1379194.0,,107442.0,10336.87,23781.7,3564447.0,1140764.0,20399.06,30869.43,6264488.0,299117.4,16342.09,,65510.89,560699.7,313305.3,14477.57,,35281.9,11118.82,2562.714,10776355.0,506382.2,7716.541,17.0033,119958.2,163218.1,20442.6,184702.9,4637.958,47337.24,498887.0,1254.334,7939.88,638563.0,6010.779,512033.6,39.9043,932602.8,3525.187,,9918.386,32732.46,13712.8,15196.28,27897.06,2460.018,286.5285,416326.4,5430990.0,5521.735,,4040.929,16943.75,7480.54,364049.6,1796.79,,234519.5,3124.878,95.35778,,600707.4,82866.57,,38590.95,30497.03,21945.09,11584.68,42327.07,65075.53,,272860.5,61552.82,11.5801,51306.82,70981.7,333185.9,1076.799,85361.14,173546.7,,374651.5,360.1377,5033.1,173978.2,,87.05254,37.58798,155649.4,,,232385.8,,,,13831.9,,318735.5,,4483.251,49011.95,6.876871,1429995.4,,283610.6,16208662.0,38.41099,85581.63,7796.785
2021.0,,3555.191,12331077.0,77934.0,,343754.1,195719.3,21648.1,,548663.4,41831.95,41417.27,12.3341,8613.988,39822.55,,11008.27,278822.7,,7420.47,,507593.2,284277.9,94839.28,3357945.0,41258.81,14345.15,3942.096,227496.3,1629936.0,,125140.0,12477.45,36992.83,4614492.0,1530243.0,26676.8,51575.19,8242493.0,373821.4,21532.23,,81107.89,701914.3,330356.6,14725.98,,47200.87,13638.18,,13437469.0,638960.4,10268.23,21.77829,141211.1,231082.9,29263.26,195909.1,6016.659,56285.05,613385.0,1435.151,9363.259,755331.0,6741.58,643676.0,62.51524,1187333.0,3837.336,,12481.39,40651.36,16644.3,19378.48,36639.11,3127.482,289.6688,494207.3,7113314.0,7161.919,,4234.257,,9206.196,563629.9,1963.604,,298764.1,3532.443,114.4941,,811871.5,170816.4,,44814.55,44295.11,28729.48,16687.05,62825.69,74610.23,,342092.6,75248.94,13.99043,87229.69,88476.34,491025.2,997.2178,113570.3,275638.9,,456514.9,,6585.491,234030.5,,104.8181,46.76011,189447.6,,,272503.7,,,,16735.95,,411440.0,,4474.899,67892.58,9.480105,1757823.0,,336350.9,20539493.0,28.90659,122367.4,11117.42
2022.0,,4320.192,13466958.0,88446.0,,411554.1,204806.4,40917.8,,637513.7,51029.64,49966.27,15.0555,9685.636,37535.27,,,333658.0,,8337.936,,598923.4,291011.0,98530.86,3549550.0,56894.29,15733.4,4394.461,242104.4,1676656.0,,130985.0,13775.35,,4980594.0,1712144.0,32653.5,,9244253.0,409617.6,22372.51,,86099.27,661638.1,421191.8,17527.17,,57569.29,15638.93,,14825453.0,582075.0,12259.52,25.35436,150086.1,291457.7,35591.07,219511.1,7427.235,66451.37,660323.0,,12797.23,747222.0,7365.24,683995.1,98.91873,1380884.0,3489.766,,13137.73,46435.31,17167.3,22402.53,42040.31,4361.671,409.8719,577187.2,7853324.0,7700.368,,4894.849,,12386.6,,2327.128,,352230.9,4148.479,151.191,,922146.2,278630.1,,45730.23,66089.84,30943.6,20869.24,66424.38,78980.51,,365908.8,82495.51,13.83878,131483.3,96700.86,593920.8,1338.144,132246.7,411104.9,,514964.6,,7104.808,243379.4,,108.1901,55.36968,197654.9,,,287091.2,,,,18620.65,,445647.9,,4284.129,44247.55,11.12592,2065157.0,,372157.8,22668102.0,41.31893,123217.2,11676.62
2023.0,,,,,,,,,,,,,,,,,,,,,,,,,,,,,,,,,,,,,,,,,,,,,,,,,,,,,,,,,,,,,,,,,,,,,,,,,,,,,,,,,,,,,,,,,,,,,,,,,,,,,,,,,,,,,,,,,,,,,,,,,,,,,,,,,,,,,,,,,,,
