Unnamed: 0,Advanced Economies,Argentina,Australia,Belgium,Brazil,Canada,Chile,China,Czech Republic,Germany,Denmark,EMDE East Asia & Pacific,EMDE Europe & Central Asia,Emerging Market and Developing Economies (EMDEs),Spain,Estonia,Finland,France,United Kingdom,High Income Countries,"Hong Kong SAR, China",Hungary,Indonesia,Ireland,Israel,Italy,Jordan,Japan,"Korea, Rep.",EMDE Latin America & Caribbean,Low-Income Countries (LIC),Mexico,Middle-Income Countries (MIC),EMDE Middle East & N. Africa,Malaysia,Netherlands,Peru,Philippines,Poland,Russian Federation,EMDE South Asia,Singapore,EMDE Sub-Saharan Africa,Slovakia,Sweden,Thailand,Turkey,"Taiwan, China",Uganda,United States,World (WBG members),South Africa
,,,,,,,,,,,,,,,,,,,,,,,,,,,,,,,,,,,,,,,,,,,,,,,,,,,,
1994Q1,0.811189,,0.461011,0.539759,0.545633,,,,,0.71454,,,,,0.644667,0.287166,,,0.939187,0.830947,0.989309,,,0.800964,,,,1.080327,1.376319,0.681256,,0.555058,,,,0.739908,0.289975,0.621585,,,,1.173472,0.590003,,0.688288,0.66561,58.5632,1.1655,,0.808502,0.755255,0.404212
1994Q2,0.833554,,0.468158,0.552131,0.551521,,,,,0.741449,,,,,0.679058,0.316205,,,0.927089,0.853621,0.994082,,,0.834173,,,,1.121494,1.411538,0.702958,,0.587401,,,,0.7649,0.30318,0.639815,,,,1.202372,0.706027,,0.711743,0.669448,33.09238,1.171226,,0.80969,0.783977,0.460563
1994Q3,0.860088,,0.482769,0.52485,0.575728,,,,,0.78497,,,,,0.702814,0.347891,,,0.929255,0.881561,1.001545,,,0.899679,,,,1.141977,1.445028,0.759728,,0.625767,,,,0.789329,0.330556,0.67472,,,,1.236372,0.728946,,0.743652,0.680378,31.94534,1.192295,,0.816585,0.80908,0.460658
1994Q4,0.886549,,0.506445,0.566898,0.615309,,,,,0.797615,,,,,0.72841,0.3622,,,0.949426,0.9098,1.009237,,,0.895018,,,,1.139169,1.459984,0.805237,,0.625598,,,,0.806961,0.347202,0.683316,,,,1.253996,0.708187,,0.792185,0.692076,28.60872,1.209414,,0.83045,0.830753,0.466332
1995Q1,0.906436,,0.516995,0.538944,0.637553,,,,,0.821984,,,,,0.77275,0.386863,1.054123,,0.970665,0.929995,1.019218,,,0.919442,1.058737,,,1.159014,1.468897,0.821621,,0.643951,,,,0.852366,0.363811,0.69862,,,,1.284576,0.649939,,0.826984,0.707956,27.58044,1.244908,,0.844902,0.849184,0.430741
1995Q2,0.941613,,0.522055,0.547929,0.648348,,,,,0.858165,,,,,0.818612,0.414902,1.121819,,0.937364,0.966026,1.032061,,,0.979664,1.052266,,,1.252411,1.527163,0.826554,,0.639419,,,,0.873367,0.367458,0.743014,,,,1.312655,0.780128,,0.867515,0.739535,28.97635,1.274824,,0.857942,0.882926,0.505911
1995Q3,0.928456,,0.527201,0.526578,0.656853,,,,,0.853893,,,,,0.815913,0.417932,1.127771,,0.929215,0.953068,1.038362,,,0.962425,1.032231,,,1.2065,1.529067,0.795291,,0.621517,,,,0.858609,0.384376,0.735202,,,,1.281429,0.712112,,0.895934,0.748734,25.73143,1.273017,,0.862718,0.867042,0.470371
1995Q4,0.932393,,0.519817,0.552129,0.658162,,,,,0.856772,,,,,0.82307,0.44225,1.142809,,0.919303,0.958307,1.032865,,,0.98162,1.040605,,,1.155805,1.493357,0.805667,,0.622952,,,,0.85267,0.37689,0.740518,,,,1.272042,0.757402,,0.941276,0.759883,21.82061,1.267204,,0.863988,0.870134,0.4896
1996Q1,0.912841,,0.526272,0.532424,0.651946,,,,,0.839746,,,,,0.794871,0.448294,1.12477,,0.914383,0.936709,1.033805,,,0.9703,1.010491,0.672391,,1.117698,1.437487,0.792946,,0.641305,,,,0.857834,0.374234,0.7784,,,,1.261281,0.784514,,0.904324,0.8149,17.91266,1.25798,,0.863739,0.854371,0.502508
1996Q2,0.893514,,0.532357,0.525436,0.657834,,,,,0.81853,,,,,0.785051,0.441407,1.092215,,0.902656,0.917956,1.029588,,,0.925483,0.974076,0.649349,,1.096844,1.391487,0.802906,,0.63576,,,,0.837603,0.379548,0.775669,,,,1.251958,0.749324,,0.892575,0.818917,15.13983,1.238396,,0.867406,0.839754,0.466566
1996Q3,0.894589,,0.529221,0.529014,0.650638,,,,,0.827436,,,,,0.794464,0.453503,1.083469,,0.887215,0.918843,1.025128,,,0.92133,0.998244,0.657924,,1.06713,1.37234,0.797317,,0.64001,,,,0.847832,0.358702,0.797301,,,,1.223581,0.723966,,0.893299,0.824107,13.07177,1.234714,,0.862644,0.839239,0.456334
1996Q4,0.883668,,0.52418,0.546103,0.641806,,,,,0.817327,,,,,0.801948,0.458062,1.055997,,0.892902,0.907769,1.02445,,,0.903141,0.96443,0.648539,,1.035425,1.329015,0.808437,,0.651607,,,,0.827593,0.372727,0.81356,,,,1.210463,0.730402,,0.885154,0.828421,10.99949,1.228646,,0.854296,0.832863,0.458374
1997Q1,0.848083,,0.516145,0.529091,0.639189,0.635197,,,,0.761282,,,,,0.753714,0.430994,0.971207,,0.882288,0.872553,1.017405,,,0.846903,0.948756,0.602598,0.582828,0.993858,1.267809,0.800787,,0.651551,,,,0.788808,0.377255,0.856033,,,,1.165913,0.733537,,0.806969,0.828902,9.391467,1.222118,,0.853438,0.804713,0.462212
1997Q2,0.833688,,0.517187,0.516631,0.656853,0.613627,,,,0.73935,,,,,0.725481,0.42848,0.936988,,0.867602,0.857818,1.010857,,,0.82887,0.927726,0.583308,0.61495,0.997224,1.302268,0.788914,,0.632495,,42.52487,,0.765333,0.381286,0.843923,,,,1.138683,0.743182,,0.785574,0.836611,8.047708,1.21796,,0.851235,0.790672,0.475535
1997Q3,0.811087,,0.509662,0.511957,0.649329,0.608934,,,,0.707565,,,,,0.684909,0.41523,0.904143,,0.857453,0.834811,1.007062,,,0.793041,0.883527,0.560329,0.570961,0.992387,1.301599,0.782789,,0.631566,,39.07361,,0.734701,0.389869,0.803686,,,,1.08949,0.720624,,0.774477,0.823701,6.46626,1.212115,,0.851061,0.773031,0.455395
1997Q4,0.817483,,0.495006,0.521777,0.641151,0.604448,,,,0.729526,,,,,0.710299,0.42339,0.941403,,0.870608,0.842358,1.005774,,,0.826688,0.864908,0.577747,0.511001,0.969205,1.152339,0.781853,,0.628019,,41.82667,,0.746329,0.367922,0.753864,,,,1.045257,0.716584,,0.790038,0.795123,5.478689,1.196817,,0.845645,0.778566,0.453232
1998Q1,0.793514,,0.478066,0.512761,0.634282,0.589021,,,0.572197,0.702266,,,,,0.690243,0.410639,0.902041,,0.852741,0.817021,0.99212,,0.445495,0.811424,0.868029,0.561085,0.558701,0.942769,1.139876,0.750048,,0.610989,,48.53207,,0.724802,0.353267,0.796549,,,,0.999834,0.741755,,0.755168,0.730883,4.63513,1.160263,,0.83314,0.759237,0.450642
1998Q2,0.78896,,0.45621,0.526583,0.609748,0.57481,,,0.58434,0.709834,,,,,0.699616,0.417831,0.901899,,0.846897,0.812689,0.978581,,0.435046,0.818239,0.820079,0.566305,0.532804,0.911872,1.110037,0.737872,,0.6017,,56.41893,,0.724825,0.355532,0.867883,,,,0.984556,0.749234,,0.765556,0.710233,4.137883,1.115233,,0.825264,0.755284,0.441247
1998Q3,0.785538,,0.440978,0.523734,0.590121,0.55171,,,0.606358,0.71979,,,,,0.706709,0.43085,0.912628,,0.840464,0.808967,0.963057,,0.425248,0.841436,0.799413,0.574244,0.535017,0.897677,1.093325,0.725188,,0.595113,,55.36073,,0.724621,0.343123,0.911,,,,0.946486,0.676243,,0.747834,0.715066,3.769546,1.067048,,0.817176,0.751348,0.401728
1998Q4,0.805876,,0.436292,0.547191,0.577036,0.545234,,,0.62595,0.757739,,,,,0.734028,0.447623,0.935052,,0.845166,0.83089,0.955631,,0.482151,0.856509,0.712319,0.604604,0.52439,0.959283,1.075953,0.714185,,0.585346,,57.07426,,0.740266,0.324089,0.930873,,,,0.96476,0.737528,,0.749191,0.707982,3.477618,1.051243,,0.813632,0.768095,0.424256
1999Q1,0.777947,,0.42586,0.515887,0.54825,0.548225,,,0.570729,0.719689,,,,,0.699216,0.417656,0.872365,0.67996,0.823862,0.802142,0.947972,,0.467987,0.84482,0.746832,0.574331,0.511499,0.946536,1.020354,0.689675,,0.58802,,56.51349,,0.703065,0.318813,0.852788,,,,0.939455,0.692996,,0.734373,0.714478,2.929269,1.040819,,0.810363,0.74127,0.407009
1999Q2,0.759359,,0.425087,0.494836,0.519791,0.564914,,,0.533203,0.678816,,,,,0.662531,0.394912,0.822739,0.641528,0.810723,0.782642,0.942286,,0.484366,0.787609,0.744262,0.5463,0.523172,0.924296,1.049178,0.680902,,0.608343,,54.92455,,0.676875,0.311007,0.887263,0.52934,,,0.948676,0.719204,,0.701565,0.704329,2.440505,1.027895,,0.80877,0.725857,0.415497
1999Q3,0.767774,,0.43077,0.524418,0.512267,0.577113,,,0.547138,0.677316,,,,,0.659706,0.398544,0.82308,0.636842,0.814069,0.791473,0.941041,,0.514233,0.792052,0.734303,0.546618,0.518051,0.956564,1.06662,0.701043,,0.631031,,62.43594,,0.677791,0.317258,0.9637,0.53527,,,0.976594,0.709331,,0.716914,0.678179,2.148713,1.037057,,0.811653,0.735972,0.409052
1999Q4,0.779213,,0.444442,0.538922,0.522735,0.58962,,,0.552793,0.676513,,,,,0.663883,0.416675,0.822804,0.63714,0.827934,0.804742,0.943526,,0.570804,0.776913,0.734391,0.546407,0.518122,1.011126,1.09525,0.735758,,0.655689,,55.99937,,0.668523,0.337606,0.985402,0.545498,,,1.002913,0.730007,,0.724572,0.676254,1.884426,1.053675,,0.817093,0.748543,0.435991
2000Q1,0.768366,,0.452886,0.532442,0.535492,0.611799,,,0.542473,0.648468,,,,,0.63867,0.403622,0.81184,0.635105,0.825183,0.791672,0.940548,,0.600191,0.737199,0.744253,0.528769,0.505544,0.975017,1.093738,0.719537,,0.664781,,65.14882,,0.648936,0.33779,0.933488,0.531751,,,1.00418,0.701058,,0.710645,0.686197,1.631014,1.062434,,0.821602,0.74295,0.427669
2000Q2,0.75563,,0.446962,0.522916,0.542035,0.618265,,,0.520245,0.618766,,,,,0.619694,0.372591,0.781862,0.608454,0.789828,0.778866,0.941158,,0.57894,0.698923,0.747978,0.506239,0.497217,0.963144,1.101222,0.718491,,0.662332,,62.60862,,0.633512,0.329771,0.900361,0.512464,,,1.000312,0.703247,,0.692484,0.684185,1.52957,1.074357,,0.824724,0.734609,0.420218
2000Q3,0.753436,,0.448847,0.521783,0.551848,0.627565,,,0.521639,0.604138,,,,,0.60697,0.368297,0.764109,0.598494,0.767491,0.776993,0.937266,,0.600823,0.685963,0.762981,0.497326,0.488749,0.960881,1.151083,0.732563,,0.675449,,69.8586,,0.624404,0.336873,0.860267,0.508303,,,1.013893,0.725633,,0.666753,0.671797,1.446452,1.072692,,0.825987,0.734593,0.423589
2000Q4,0.740976,,0.44696,0.531517,0.543343,0.628758,,,0.514487,0.585769,,,,,0.601755,0.375636,0.737742,0.587425,0.752393,0.765708,0.933394,,0.614007,0.70245,0.746814,0.484941,0.486437,0.953642,1.054166,0.743159,,0.669284,,72.51477,,0.601183,0.332795,0.88601,0.495114,,,0.99954,0.71201,,0.637794,0.656594,1.33855,1.048565,,0.827932,0.723639,0.422021
2001Q1,0.74727,,0.44006,0.553687,0.545633,0.640612,,,0.543515,0.619553,,,,,0.620672,0.42587,0.759369,0.621162,0.758711,0.771228,0.928561,,0.576222,0.638461,0.728079,0.510595,0.497509,0.90944,0.980347,0.720992,,0.66495,,67.23835,,0.635342,0.32779,0.860393,0.536942,,,0.962946,0.690408,,0.64461,0.642442,1.165421,1.024674,,0.826293,0.728374,0.427401
2001Q2,0.719517,,0.443109,0.508325,0.52666,0.61775,,,0.520355,0.589045,,,,,0.590653,0.496962,0.709595,0.589157,0.73665,0.743342,0.918293,,0.538097,0.632125,0.727858,0.488316,0.500105,0.874995,0.94914,0.711105,,0.658475,,56.57385,,0.603487,0.321401,0.822298,0.51917,,,0.926627,0.678011,,0.603981,0.619447,0.763631,0.996348,,0.820577,0.70233,0.416469
2001Q3,0.719468,,0.443865,0.518285,0.519791,0.595219,,,0.534258,0.59917,,,,,0.599024,0.51318,0.70714,0.604418,0.736712,0.742688,0.912702,,0.562347,0.621487,0.691045,0.498625,0.501129,0.875334,0.912258,0.701391,,0.6502,,49.76998,,0.608162,0.321637,0.809614,0.50915,,,0.900971,0.651501,,0.596806,0.618386,0.652012,0.973213,0.490445,0.816736,0.699854,0.40388
2001Q4,0.709356,,0.434626,0.498628,0.503762,0.571888,,,0.540955,0.599839,,,,,0.597026,0.520686,0.691385,0.604594,0.723192,0.733565,0.905909,,0.536812,0.615882,0.693451,0.502306,0.505917,0.861769,0.867649,0.694511,24.31867,0.639757,,46.54736,,0.59566,0.31943,0.815249,0.517847,,,0.851354,0.619366,,0.595149,0.617007,0.565536,0.954968,0.454714,0.808986,0.690467,0.371223
2002Q1,0.699594,,0.434884,0.517464,0.492967,0.559532,,,0.536254,0.587719,,,,,0.595502,0.502119,0.671133,0.592172,0.718264,0.723163,0.896503,,0.527607,0.581508,0.641953,0.495451,0.508011,0.824715,0.867761,0.692712,26.13275,0.654957,,48.0522,,0.573489,0.322678,0.816519,0.525025,,,0.843754,0.637233,,0.595638,0.608976,0.609308,0.944609,0.435312,0.803963,0.687259,0.373891
2002Q2,0.725165,,0.449328,0.544401,0.504416,0.586057,,,0.571025,0.616871,,,,,0.609701,0.492035,0.701225,0.623044,0.734014,0.750168,0.893041,,0.578653,0.629818,0.602603,0.519995,0.503993,0.83626,0.894553,0.716787,26.50459,0.669003,,45.89184,,0.610583,0.339693,0.83165,0.542108,,,0.847067,0.664182,,0.622821,0.629984,0.619264,0.953348,0.42291,0.806677,0.711627,0.407232
2002Q3,0.752499,,0.451041,0.58312,0.500491,0.590033,,,0.607965,0.659033,,,,,0.652587,0.529994,0.740204,0.661369,0.776026,0.776497,0.890448,,0.598688,0.649983,0.647596,0.554602,0.504448,0.859165,0.902806,0.682802,32.20457,0.676687,,46.94337,,0.652949,0.344831,0.834496,0.540086,,,0.843691,0.738947,,0.657221,0.642542,0.550128,0.955007,0.509149,0.81355,0.735474,0.417978
2002Q4,0.760514,,0.46213,0.592448,0.501145,0.601252,,,0.612693,0.671386,,,,,0.657298,0.527923,0.747383,0.670025,0.776655,0.786043,0.885814,,0.618354,0.672038,0.636898,0.564847,0.500894,0.859464,0.896349,0.700726,33.23829,0.674999,,47.97504,,0.660295,0.355322,0.786147,0.573639,,,0.843384,0.756036,,0.677329,0.635437,0.566699,0.952825,0.54629,0.816006,0.745447,0.445275
2003Q1,0.796784,,0.484723,0.62919,0.518482,0.633897,0.385477,,0.649173,0.72107,,,,,0.710142,0.602911,0.793047,0.723931,0.823539,0.822862,0.887957,0.800562,0.658011,0.727116,0.64535,0.607423,0.468351,0.861716,0.917143,0.718638,21.02045,0.692591,,37.69717,,0.704264,0.358778,0.81935,0.5967,,,0.856486,0.859661,,0.723963,0.653653,0.555568,0.948582,0.567127,0.819678,0.781635,0.503536
2003Q2,0.816217,,0.484593,0.666755,0.517828,0.64452,0.389633,,0.686519,0.759111,,,,,0.74713,0.657714,0.818035,0.759543,0.826351,0.842568,0.881139,0.845466,0.621542,0.761392,0.678911,0.636055,0.526044,0.868182,0.897003,0.711663,12.3435,0.689692,,41.99149,,0.734735,0.35179,0.817814,0.612522,,,0.830181,0.873387,,0.753974,0.655225,0.653859,0.937766,0.51298,0.819312,0.799878,0.518391
2003Q3,0.81253,,0.489356,0.656607,0.520772,0.652276,0.411784,,0.671155,0.751224,,,,,0.733974,0.657481,0.807684,0.757998,0.821981,0.838769,0.875293,0.835122,0.631245,0.723973,0.704869,0.630406,0.519339,0.868804,0.909767,0.722324,10.18648,0.69428,,38.20438,,0.731408,0.373652,0.802782,0.586177,,,0.823509,0.908333,,0.7368,0.667563,0.724712,0.936187,0.51979,0.821759,0.802203,0.536805
2003Q4,0.847234,,0.517899,0.710268,0.534511,0.667604,0.45411,,0.712646,0.795522,,,,,0.77501,0.704736,0.857875,0.804832,0.859535,0.875885,0.87785,0.863874,0.648364,0.750713,0.72754,0.671554,0.504603,0.902419,0.926665,0.764491,9.949601,0.731324,,37.0271,,0.768401,0.405726,0.824555,0.614271,,,0.836034,0.968627,,0.784966,0.688576,0.732523,0.939882,0.522517,0.830854,0.837976,0.57465
2004Q1,0.881244,0.60596,0.551309,0.758317,0.561335,0.692585,0.505388,,0.746475,0.835735,,,,,0.811471,0.728189,0.901144,0.839147,0.916106,0.909649,0.883541,0.890192,0.686972,0.843998,0.718535,0.705318,0.549081,0.92181,0.969713,0.783441,10.69055,0.767185,,41.65762,,0.795316,0.45663,0.837897,0.655696,,,0.857954,1.015086,,0.809237,0.692658,0.812235,0.965552,0.56029,0.843424,0.871844,0.612039
2004Q2,0.872874,0.635533,0.550406,0.761299,0.58685,0.706993,0.521788,,0.746542,0.810085,,,,,0.803375,0.704728,0.880071,0.816589,0.909773,0.903084,0.885643,0.887067,0.697924,0.781711,0.711197,0.692078,0.537967,0.908807,0.993914,0.813686,14.01965,0.773574,,41.06723,,0.78604,0.46078,0.841161,0.703525,,,0.856119,1.072566,,0.796326,0.698395,0.786357,0.976312,0.597279,0.85284,0.873837,0.632983
2004Q3,0.889925,0.607396,0.591516,0.788914,0.593719,0.740017,0.558514,,0.770973,0.824116,,,,,0.80554,0.727305,0.893849,0.830512,0.932577,0.920092,0.891353,0.909219,0.726732,0.786036,0.740329,0.709238,0.572064,0.918575,1.022866,0.824206,12.61035,0.786579,,43.5554,,0.809104,0.46489,0.835073,0.683403,,,0.860938,1.131258,,0.809907,0.708329,0.796061,0.984534,0.587467,0.855867,0.8943,0.651185
2004Q4,0.935797,0.610762,0.624894,0.858062,0.609748,0.779505,0.596036,,0.83177,0.877058,,,,,0.871492,0.782859,0.946709,0.885668,0.97291,0.969021,0.897857,0.952272,0.751848,0.875702,0.765806,0.757703,0.602977,0.954002,1.049699,0.858039,16.55614,0.808929,,48.68451,,0.856665,0.503805,0.792324,0.768447,,,0.881164,1.189818,,0.87102,0.730564,0.85147,1.01005,0.630161,0.866114,0.943214,0.67456
2005Q1,0.948054,0.607273,0.638755,0.888856,0.628067,0.784686,0.609586,0.756806,0.855659,0.88736,,,,,0.890117,0.790724,0.960689,0.899873,0.990635,0.982181,0.901759,0.954626,0.801089,0.892744,0.785575,0.77486,0.625293,0.962774,1.089319,0.864977,15.67277,0.818527,,52.62127,0.718383,0.866335,0.521501,0.804761,0.806988,,,0.881572,1.279367,,0.877901,0.742046,0.909778,1.017067,0.658731,0.874027,0.959982,0.687915
2005Q2,0.929273,0.63147,0.676705,0.860971,0.656199,0.800467,0.631928,0.743734,0.821998,0.85143,,0.775639,,0.974948,0.863735,0.761479,0.919438,0.864744,0.965815,0.96182,0.902491,0.928552,0.831571,0.810843,0.824017,0.751588,0.629203,0.935762,1.063567,0.890215,13.74589,0.83809,0.898652,53.96139,0.723731,0.840325,0.532551,0.819737,0.743274,,,0.891595,1.28379,,0.849317,0.75107,0.9052,1.001549,0.689336,0.877439,0.946652,0.698352
2005Q3,0.920903,0.658765,0.706731,0.836693,0.664704,0.838448,0.694732,0.773465,0.799548,0.82824,,0.798333,,1.000245,0.851195,0.740662,0.899431,0.841965,0.944425,0.953592,0.902971,0.904988,0.832654,0.875248,0.798511,0.739033,0.651905,0.911497,1.040537,0.908877,14.04311,0.860553,0.925089,57.51091,0.72042,0.833969,0.564587,0.809096,0.733887,,,0.901582,1.342066,,0.828342,0.765273,0.924616,0.989051,0.687087,0.882059,0.946595,0.689175
2005Q4,0.9166,0.676066,0.713194,0.856261,0.688911,0.898732,0.774813,0.781953,0.788193,0.811898,,0.810124,,1.018965,0.839983,0.735532,0.880023,0.821076,0.924872,0.950142,0.904259,0.875888,0.852765,0.808348,0.759513,0.731129,0.687406,0.89746,1.020084,0.94781,14.08692,0.876935,0.941956,64.91634,0.732306,0.824221,0.61458,0.836452,0.736807,,,0.906509,1.405705,,0.810105,0.776089,0.901561,0.981737,0.701396,0.893506,0.948587,0.71231
2006Q1,0.928365,0.682367,0.749614,0.891215,0.713117,0.866724,0.851748,0.78206,0.809053,0.824224,,0.808239,,1.033813,0.8552,0.748357,0.898916,0.83134,0.933992,0.963227,0.903025,0.888265,0.817187,0.846215,0.788479,0.747702,0.70244,0.894626,1.032879,0.989533,20.93276,0.906181,0.952264,65.83655,0.732829,0.839691,0.664191,0.853435,0.752025,0.951267,,0.960029,1.552783,,0.835045,0.784407,0.90949,0.99038,0.751834,0.897169,0.961557,0.772564
2006Q2,0.959218,0.700653,0.763929,0.926669,0.731436,0.887299,0.948583,0.788746,0.850808,0.866568,,0.820997,1.061307,1.047153,0.906592,0.790019,0.94137,0.874711,0.972507,0.995481,0.911581,0.922931,0.850288,0.894545,0.82723,0.790918,0.713472,0.901559,1.041231,1.012229,18.66957,0.904661,0.962474,72.5775,0.757693,0.872258,0.770279,0.870089,0.789526,0.922656,,0.963645,1.565109,,0.88187,0.79783,0.882477,1.005225,0.770954,0.907006,0.988003,0.784126
2006Q3,0.974721,0.716948,0.793615,0.940428,0.754334,0.915636,0.953245,0.817132,0.872484,0.881916,,0.843761,1.06122,1.062383,0.930462,0.806998,0.955794,0.893106,1.008108,1.011447,0.91488,0.931732,0.859974,0.864696,0.819838,0.815075,0.722424,0.905271,1.040059,1.029898,15.72015,0.91775,0.977501,63.39658,0.762974,0.895052,0.816953,0.895256,0.816352,0.895934,,0.957868,1.504722,,0.902508,0.804724,0.857103,1.01953,0.765439,0.920913,1.003534,0.761748
2006Q4,0.984943,0.736711,0.8192,0.980739,0.767746,0.899725,0.936452,0.827528,0.894774,0.898224,,0.853209,1.153937,1.083466,0.946018,0.833456,0.974801,0.907635,1.002078,1.022984,0.917551,0.95629,0.833942,0.889014,0.896301,0.829334,0.739227,0.913658,1.036218,1.042076,15.57891,0.922282,0.995219,64.41091,0.790686,0.907342,0.832342,0.915262,0.867329,1.007036,,0.949403,1.461195,,0.937168,0.807416,0.891156,1.026628,0.839459,0.927556,1.016677,0.757762
2007Q1,1.001399,0.760928,0.847314,1.021013,0.785411,0.905737,0.9503,0.854169,0.914419,0.912666,0.899171,0.880652,1.19587,1.108004,0.968287,0.863953,0.979919,0.927957,1.017141,1.039954,0.921074,0.979232,0.864403,0.889144,0.894362,0.858348,0.855366,0.910937,1.028301,1.052717,11.02343,0.924787,1.021299,70.64614,0.820178,0.932463,0.839919,0.928002,0.859385,1.012845,,0.955122,1.554838,,0.955758,0.826332,0.951225,1.022616,0.86837,0.941111,1.035483,0.790799
2007Q2,1.021036,0.765608,0.871675,1.048988,0.799149,0.948845,0.986836,0.870549,0.940875,0.941097,0.900022,0.899517,1.21345,1.128685,1.003315,0.911057,1.02561,0.955033,1.035768,1.059687,0.923981,0.993002,0.915139,0.949915,0.818445,0.893981,0.843663,0.898044,1.040807,1.055546,12.70578,0.930051,1.042299,72.54265,0.828862,0.946315,0.887696,0.958158,0.901363,0.982782,,0.956437,1.665872,,0.989138,0.837736,1.04891,1.028102,0.915755,0.949097,1.055537,0.829206
2007Q3,1.039371,0.787567,0.863228,1.083772,0.816487,0.973138,1.00843,0.901288,0.974808,0.961723,0.942212,0.924981,1.217552,1.156554,1.025417,0.947881,1.038476,0.977714,1.067363,1.07923,0.929467,1.013682,0.901651,0.971269,0.818022,0.917388,0.833147,0.906874,1.038357,1.084433,14.44273,0.956032,1.066576,76.4579,0.857637,0.971302,0.904698,0.971402,0.949457,0.952719,,0.958844,1.735179,,1.013725,0.840401,1.111114,1.032543,0.957893,0.957626,1.076454,0.834432
2007Q4,1.094435,0.896954,0.915834,1.151175,0.878312,1.04675,1.055399,0.929689,1.038798,1.016126,1.036068,0.963438,1.390639,1.249209,1.075536,1.008762,1.095481,1.041718,1.109399,1.138786,0.941458,1.070996,0.979705,1.01115,0.894642,0.980502,0.829172,0.938417,1.06753,1.188791,13.61195,1.027079,1.148647,75.48197,0.92387,1.046879,0.944589,1.012496,1.01607,1.131063,,1.024681,1.977581,,1.060727,0.875423,1.301314,1.062582,0.982543,0.983135,1.141996,0.892202
2008Q1,1.14173,1.019846,0.98202,1.20886,0.95682,1.109479,1.108432,1.011199,1.097094,1.06059,1.110665,1.04056,1.597722,1.37182,1.134846,1.053316,1.145862,1.092237,1.130576,1.187879,0.947554,1.11106,1.069154,1.117285,1.055787,1.034662,0.951866,0.972771,1.098479,1.260035,16.90897,1.06978,1.268397,91.88627,0.986456,1.117434,0.990809,1.096573,1.063875,1.416879,,1.052767,2.172613,,1.09618,0.9037,1.364165,1.069714,1.059071,1.009631,1.208579,0.933955
2008Q2,1.195962,1.03296,1.122198,1.300028,1.028786,1.183997,1.041055,1.061098,1.165676,1.111859,1.152591,1.091764,1.678472,1.441617,1.181291,1.108067,1.194046,1.151411,1.18507,1.244614,0.96321,1.161411,1.149434,1.115554,1.189479,1.091849,1.193424,0.978812,1.15144,1.318407,16.14643,1.115887,1.334177,103.5123,1.040094,1.166282,0.995272,1.041661,1.147548,1.468872,,1.109421,2.263431,,1.149885,0.94251,1.374152,1.094743,1.183565,1.026979,1.26738,0.959339
2008Q3,1.174705,1.069142,1.191134,1.226058,1.124632,1.193478,0.922268,1.083304,1.155398,1.078611,1.091206,1.120046,1.643208,1.453058,1.140838,1.073283,1.143067,1.121262,1.164416,1.22188,0.974882,1.136515,1.184927,1.097702,1.131692,1.073406,1.541313,0.979795,1.129383,1.334436,16.13959,1.129877,1.351377,120.5609,1.081958,1.136548,0.952144,1.037692,1.125601,1.399597,,1.096385,2.112128,,1.110392,0.966746,1.455201,1.083037,1.227619,1.038805,1.255292,0.97464
2008Q4,1.034326,0.938842,1.069097,0.927514,1.027805,0.979469,0.732561,1.071224,0.984625,0.932955,0.93091,1.082185,1.271944,1.286021,0.985244,0.933465,0.978457,0.954446,0.929095,1.073371,0.982672,0.958483,0.960964,1.039336,1.000879,0.931664,1.503706,0.976231,0.955616,1.119903,12.60968,0.895935,1.204836,117.4354,0.990686,0.956557,0.731281,0.949853,0.899208,1.148782,,0.948641,1.542407,,0.920876,0.914959,0.955781,0.985136,0.96331,0.98597,1.107682,0.774658
2009Q1,0.984777,0.852933,1.028207,0.808091,0.889434,0.844675,0.715729,1.038533,0.92706,0.909896,0.898163,1.03851,1.029386,1.17826,0.93859,0.901463,0.922751,0.919579,0.854319,1.021197,0.976953,0.913176,0.809166,0.86821,0.844561,0.905968,1.375737,0.963829,0.886034,1.029991,9.749024,0.835642,1.101332,101.2563,0.916804,0.911843,0.695478,0.892815,0.85798,0.828256,,0.891503,1.502532,0.920991,0.869641,0.898251,0.814098,0.925394,0.827545,0.9602,1.04252,0.789907
2009Q2,0.998937,0.901182,0.902119,0.828033,0.859339,0.856714,0.791525,1.005719,0.956838,0.94528,0.918074,1.013641,1.087676,1.185542,0.961795,0.922788,0.93956,0.948878,0.916817,1.036148,0.976557,0.928136,0.855133,0.946443,0.883042,0.936686,1.243826,0.931749,0.908692,1.043164,9.088282,0.874205,1.105431,96.25525,0.897802,0.920271,0.736725,0.941386,0.889135,0.884751,,0.910675,1.791741,0.949071,0.913034,0.913891,0.855886,0.917937,0.736853,0.958918,1.05479,0.868113
2009Q3,1.039429,0.921151,0.889971,0.905648,0.882892,0.917116,0.885114,0.993794,1.014936,0.991716,0.965378,1.012599,1.169904,1.216937,0.990479,0.967732,0.978797,0.991967,0.98507,1.078527,0.983466,0.975618,0.897427,0.946019,0.982431,0.978167,1.125339,0.967024,0.937454,1.088473,12.06454,0.916653,1.130503,95.51994,0.918571,0.964355,0.82556,0.955293,0.949475,0.960416,,0.949935,1.987013,0.998078,0.97384,0.945882,0.927942,0.947021,0.843468,0.969557,1.09321,0.919476
2009Q4,1.080057,0.949637,0.977307,1.020307,0.952895,0.972135,0.992891,0.999113,1.04181,1.029931,1.011745,1.032885,1.146167,1.239471,1.03102,1.009842,1.021775,1.034448,1.000618,1.122404,0.990712,1.004822,0.960858,0.934051,1.003452,1.020013,1.07164,1.005683,0.972208,1.178411,10.73844,0.977763,1.147867,83.24631,0.97933,1.011632,0.946505,1.025887,0.977483,0.870808,,0.99356,2.287877,1.020239,1.002814,0.982838,0.986742,0.981008,0.982229,0.986066,1.13022,0.994012
2010Q1,1.057671,0.97176,1.023164,0.968263,1.014393,1.000334,1.001345,1.009185,0.980166,0.974796,0.971947,1.045531,1.215736,1.269809,0.966556,0.973568,0.974323,0.970952,0.980824,1.098919,1.002823,0.974483,1.00185,0.985726,0.998388,0.975028,1.017782,0.996266,0.993696,1.20839,9.389696,1.000844,1.184476,79.75817,1.005796,0.975322,0.987932,0.997243,0.956341,1.032451,,0.993538,2.254527,0.973699,0.984239,1.00533,0.96936,1.00072,0.946177,0.997552,1.122481,0.99301
2010Q2,1.02617,0.935291,1.122199,0.940424,1.043507,1.004426,1.006597,1.022486,0.928133,0.910274,0.885741,1.066201,1.184056,1.269914,0.913185,0.914205,0.915165,0.904611,0.946116,1.065363,1.011997,0.893744,1.023748,0.904997,0.993836,0.928056,1.020754,0.967101,0.994977,1.197422,8.598816,0.981112,1.191964,80.30082,1.047333,0.922779,1.004374,1.014436,0.893431,1.049443,,0.995833,2.301621,0.916221,0.933658,1.007091,0.904303,1.00034,0.839285,1.006374,1.100026,1.042828
2010Q3,1.047553,0.957518,1.235915,0.991561,1.094537,0.993917,1.110044,1.054981,0.964439,0.931907,0.915659,1.094273,1.231118,1.304869,0.934619,0.941731,0.943139,0.926182,0.975015,1.088237,1.032874,0.914926,1.024034,0.936005,0.992432,0.955098,1.019017,1.005432,0.979869,1.223498,8.797055,0.989557,1.223172,80.42941,1.078525,0.934026,1.030992,1.017207,0.950273,1.073987,,1.003177,2.269414,0.939694,0.983967,1.017201,0.923587,0.99641,0.860954,1.012346,1.124599,1.081606
2010Q4,1.102265,1.056418,1.270251,1.064586,1.174027,1.046143,1.212483,1.081877,1.012811,0.986855,0.973153,1.128631,1.311291,1.374518,0.982613,1.006217,1.007305,0.988891,1.016169,1.146092,1.052831,0.977487,1.07442,0.989619,1.065142,1.019457,1.058061,1.057233,1.007312,1.345334,9.396064,1.074171,1.286061,84.71711,1.132289,0.990965,1.155108,1.062322,0.989528,1.11625,,1.054539,2.387022,0.9871,1.048625,1.054459,1.020303,1.036892,0.91052,1.047456,1.183963,1.155244
2011Q1,1.139142,1.134117,1.370098,1.182449,1.277396,1.102287,1.228533,1.152653,1.03708,1.0073,0.995826,1.195362,1.44724,1.476442,1.016092,1.054248,1.036993,1.013329,1.061733,1.184588,1.075122,1.006835,1.139835,0.917118,1.141576,1.054107,1.104113,1.063701,1.039076,1.44246,10.23408,1.145865,1.386743,88.38567,1.213371,1.044594,1.241607,1.0315,1.013718,1.297644,,1.102015,2.63647,1.038434,1.087264,1.073532,1.016405,1.073859,1.021808,1.080278,1.23781,1.204759
2011Q2,1.188859,1.171141,1.499321,1.246502,1.348708,1.14742,1.223425,1.184418,1.104782,1.064634,1.044793,1.231386,1.548328,1.534687,1.082537,1.144344,1.095336,1.073218,1.112,1.236728,1.099642,1.04861,1.211621,0.971714,1.155933,1.120908,1.158868,1.062563,1.061541,1.503092,9.922296,1.18029,1.440736,93.95202,1.2613,1.101232,1.299978,1.009605,1.084499,1.432128,,1.139586,2.732759,1.099687,1.12769,1.079821,1.036312,1.091298,1.06912,1.102229,1.291424,1.272267
2011Q3,1.181076,1.172844,1.53031,1.179505,1.364737,1.141705,1.183056,1.222161,1.093381,1.046722,1.03494,1.266598,1.527252,1.549984,1.058564,1.134825,1.07304,1.052684,1.104233,1.228078,1.117535,1.014155,1.223727,1.008356,1.175708,1.110948,1.155991,1.106347,1.041605,1.505497,4.646824,1.167173,1.462909,98.22748,1.271023,1.076247,1.33113,1.04993,1.0445,1.509392,,1.129017,2.623235,1.084114,1.10101,1.083541,0.926914,1.088711,0.913998,1.10977,1.289332,1.25707
2011Q4,1.146997,1.165333,1.486808,1.135124,1.34282,1.10477,1.13505,1.242384,1.029249,1.001728,0.996965,1.279646,1.482063,1.542115,1.022798,1.086116,1.02014,1.009642,1.067325,1.191,1.129044,0.948931,1.195211,0.968272,1.029987,1.071509,1.219562,1.096328,1.016551,1.462505,4.788159,1.137618,1.464095,102.9383,1.246127,1.035082,1.245854,1.023296,0.986348,1.525367,,1.116597,2.530469,1.020916,1.056644,1.079753,0.852299,1.071904,0.997172,1.098101,1.262297,1.157898
2012Q1,1.142393,1.164943,1.445545,1.143913,1.292116,1.117172,1.139718,1.253353,1.006389,0.983628,1.02156,1.291113,1.439909,1.543431,1.008967,1.06202,1.001649,0.988511,1.073819,1.186211,1.145117,0.941739,1.219904,0.957605,1.066196,1.067155,1.250443,1.066585,1.019506,1.470014,4.954866,1.167652,1.465289,107.8814,1.258672,1.039882,1.269707,1.03739,0.986393,1.392335,,1.135614,2.650729,0.982569,1.054953,1.085233,0.887934,1.075059,0.965609,1.099285,1.259516,1.166714
2012Q2,1.117678,1.190391,1.370566,1.092304,1.294406,1.085301,1.12123,1.258375,0.986042,0.963986,0.984887,1.29119,1.453936,1.528652,0.971311,1.034565,0.97628,0.960649,1.063474,1.160542,1.150869,0.912921,1.195107,0.937477,1.07317,1.04518,1.344755,1.046405,0.992438,1.421155,5.500619,1.095479,1.452809,108.7136,1.256165,1.004023,1.226011,0.987889,0.955366,1.517525,,1.114659,2.544864,0.950065,1.027363,1.085594,0.843771,1.057292,0.928336,1.097066,1.239227,1.136071
2012Q3,1.107952,1.201207,1.319119,1.061999,1.246974,1.077256,1.107868,1.242479,0.97415,0.943222,0.98058,1.277541,1.443991,1.514462,0.956402,1.010929,0.95572,0.947558,1.058663,1.150328,1.144034,0.901401,1.158631,0.956541,1.070732,1.031738,1.202906,1.06518,0.984671,1.417485,3.597954,1.110032,1.440318,98.10227,1.239016,0.986409,1.219465,1.076202,0.971016,1.499371,,1.106494,2.466051,0.927087,1.028074,1.083767,0.855939,1.044338,0.868455,1.099631,1.227604,1.107942
2012Q4,1.131422,1.199196,1.305707,1.093959,1.236506,1.09486,1.1069,1.261863,0.998528,0.978484,1.016315,1.292919,1.47796,1.53715,1.00697,1.049292,0.986339,0.985839,1.080393,1.176065,1.147743,0.92908,1.139494,0.931132,1.132975,1.071057,1.20434,1.05335,0.995084,1.433242,3.678876,1.136098,1.457804,103.1077,1.235291,1.021928,1.256259,1.052683,1.010578,1.519703,,1.108481,2.524231,0.959776,1.022106,1.089764,0.872816,1.050996,0.806207,1.109752,1.252429,1.083271
2013Q1,1.13446,1.19349,1.342736,1.134225,1.274779,1.096274,1.08114,1.27221,1.00386,0.991439,1.039111,1.302247,1.447676,1.534908,1.003459,1.061646,0.998257,0.99772,1.068017,1.179215,1.152576,0.939527,1.160762,0.959226,1.13637,1.091467,1.225168,0.995552,0.992053,1.451731,3.768525,1.155238,1.455752,100.4678,1.229635,1.048444,1.251341,1.089038,1.006282,1.426174,,1.097946,2.542425,0.98606,1.041447,1.089238,0.9014,1.043969,0.78634,1.110188,1.255521,1.09203
2013Q2,1.111106,1.192792,1.256217,1.117147,1.239123,1.074854,1.056795,1.28905,0.988403,0.976721,1.000766,1.312307,1.410881,1.523865,1.003345,1.044017,0.979465,0.973125,1.04713,1.155346,1.155593,0.915698,1.1296,0.903736,1.171723,1.078427,1.166326,0.950012,0.973777,1.403993,4.544993,1.123515,1.44582,95.89114,1.202874,1.011475,1.158264,1.050582,1.005539,1.412813,,1.078392,2.399368,0.954679,0.999064,1.080466,0.831843,1.025687,0.87329,1.094976,1.232789,1.053053
2013Q3,1.12105,1.156344,1.218334,1.15819,1.188093,1.071167,1.054402,1.272467,1.002883,0.989286,1.008444,1.298836,1.393073,1.506812,1.015709,1.057177,0.991452,0.993423,1.067091,1.164557,1.163816,0.915952,1.129583,0.909925,1.187993,1.093762,1.111955,0.964194,0.977869,1.374686,5.727671,1.111665,1.430075,87.25191,1.173458,1.020347,1.128247,1.029484,1.002917,1.410198,,1.07987,2.427648,0.955067,1.018266,1.077101,0.781195,1.024099,0.844572,1.090614,1.236163,1.016759
2013Q4,1.138445,1.143989,1.234188,1.18996,1.208047,1.061484,1.052545,1.277814,1.015455,1.015125,1.026636,1.305252,1.424721,1.515519,1.046143,1.080936,1.014078,1.026912,1.087567,1.18363,1.174455,0.936999,1.105841,0.928609,1.22348,1.131606,1.109855,0.955411,0.988263,1.381917,6.005122,1.104656,1.432886,84.9541,1.20345,1.047027,1.111966,1.028594,1.049309,1.449847,,1.081019,2.422921,0.97055,1.034253,1.075998,0.764584,1.028956,0.819334,1.091273,1.252055,1.017863
2014Q1,1.145302,1.16443,1.226625,1.187412,1.205103,1.069302,1.046401,1.278834,1.010891,1.020685,1.033339,1.303787,1.391382,1.506983,1.041578,1.078469,1.015309,1.097403,1.093514,1.190214,1.17315,0.942568,1.089044,0.927019,1.240147,1.132317,1.151856,0.93331,0.973064,1.376846,5.171472,1.098829,1.424045,83.50073,1.186558,1.05946,1.099653,1.016731,1.058282,1.419784,,1.064899,2.24504,0.98208,1.048455,1.073182,0.715398,1.023334,0.877917,1.104637,1.253546,0.9737
2014Q2,1.142824,1.196569,1.164733,1.192048,1.191037,1.06904,1.043183,1.25107,1.009805,1.020328,1.025281,1.284459,1.37235,1.47955,1.041641,1.071879,1.014974,1.12941,1.102171,1.186034,1.178417,0.931116,1.089446,0.966893,1.236992,1.138082,1.103704,0.929627,0.973492,1.367534,4.733318,1.096211,1.401014,78.5274,1.181704,1.03771,1.093578,1.027144,1.063126,1.37636,,1.069083,2.355522,0.960807,1.032206,1.071168,0.726174,1.017143,0.880518,1.098084,1.246032,1.002796
2014Q3,1.121069,1.132065,1.118288,1.16136,1.159307,1.058476,1.018456,1.270435,0.980453,0.989231,0.984226,1.297537,1.320961,1.467209,1.000533,1.033135,0.986197,1.097646,1.084493,1.161818,1.190718,0.890417,1.054412,0.939025,1.177248,1.114368,1.204262,0.935617,0.968953,1.344912,4.535815,1.081884,1.396624,83.93789,1.183776,0.996188,1.1024,1.04071,1.006403,1.346732,,1.058087,2.241085,0.914167,0.995676,1.070487,0.713072,1.017438,0.895628,1.091494,1.227827,0.989666
2014Q4,1.065028,1.077023,1.032052,1.062135,1.094864,1.01337,0.970021,1.265349,0.918508,0.933429,0.910916,1.281644,1.215476,1.405077,0.943492,0.954401,0.924247,1.032145,1.002801,1.102133,1.200354,0.845655,0.967589,0.919909,1.070855,1.054729,1.214808,0.879921,0.928978,1.253607,5.179283,1.017508,1.34213,79.078,1.13207,0.930848,1.036151,1.006198,0.95814,1.255091,,0.9925,2.0455,0.859037,0.927635,1.052231,0.66244,0.984465,0.858688,1.070539,1.169703,0.947168
2015Q1,0.984562,1.027952,0.940161,0.922165,0.982336,0.920716,0.919326,1.242555,0.821871,0.846642,0.833386,1.248928,1.018175,1.300435,0.861647,0.84904,0.827655,0.926045,0.940695,1.016624,1.196443,0.764325,0.905818,0.847497,1.03339,0.950189,1.163686,0.826434,0.871501,1.146027,3.363755,0.934048,1.250269,65.95146,1.02393,0.835236,0.960029,0.986234,0.875092,1.001226,,0.916936,1.768126,0.779277,0.840098,1.032117,0.581627,0.94264,0.771273,1.041062,1.083226,0.887336
2015Q2,0.978021,0.962566,0.885416,0.928569,0.915276,0.891491,0.888322,1.245389,0.813285,0.835633,0.832839,1.250172,0.947868,1.26778,0.851952,0.836259,0.820979,0.913482,0.947517,1.008804,1.19359,0.751176,0.90593,0.87508,1.02938,0.945812,1.097752,0.822017,0.879708,1.102909,3.086343,0.923296,1.218047,57.40182,0.976093,0.829417,0.955592,0.974424,0.869372,0.929918,,0.930749,1.713869,0.763061,0.836211,1.032899,0.510136,0.939152,0.663686,1.032272,1.068302,0.867188
2015Q3,0.962068,0.952592,0.833676,0.910646,0.884527,0.850525,0.829782,1.227676,0.818329,0.839023,0.816677,1.223007,0.884543,1.21576,0.843405,0.830237,0.813991,0.914355,0.934691,0.991557,1.18588,0.745568,0.850077,0.844224,1.037351,0.9474,1.111016,0.817623,0.832109,1.04181,2.165106,0.867928,1.167959,55.54409,0.90271,0.81485,0.889434,0.93161,0.861393,0.847571,,0.888118,1.553417,0.761175,0.813637,1.016363,0.470717,0.909988,0.560927,1.01634,1.0424,0.809599
2015Q4,0.939003,0.933116,0.779759,0.903082,0.84331,0.820994,0.785323,1.209361,0.795022,0.820121,0.811015,1.205221,0.822348,1.176438,0.828356,0.805877,0.783994,0.88462,0.905147,0.966345,1.176195,0.733514,0.84089,0.846397,1.026338,0.9332,1.092949,0.788944,0.80902,1.012524,2.211425,0.861031,1.133056,53.39806,0.874738,0.792876,0.860891,0.91828,0.831064,0.742714,,0.856444,1.471059,0.742444,0.796294,1.010794,0.449356,0.888536,0.555314,0.999286,1.014742,0.750904
2016Q1,0.922237,0.887473,0.742615,0.922613,0.785738,0.788187,0.808295,1.14638,0.788029,0.817818,0.798368,1.158585,0.797398,1.129793,0.824969,0.806527,0.774331,0.869011,0.871826,0.947376,1.161566,0.735188,0.829686,0.805687,1.001383,0.924116,1.066162,0.79105,0.779343,0.956218,2.306865,0.818105,1.087093,50.7245,0.852899,0.772285,0.835785,0.892369,0.817454,0.713232,,0.826964,1.41053,0.7427,0.785782,1.005271,0.439374,0.870984,0.555783,0.978453,0.987501,0.700339
2016Q2,0.94738,0.900382,0.775492,1.016831,0.821721,0.823926,0.806909,1.15055,0.804233,0.837494,0.813943,1.171188,0.814661,1.155287,0.846359,0.8332,0.792736,0.887586,0.902733,0.975436,1.164726,0.746467,0.890176,0.825754,1.032233,0.952699,1.053812,0.823396,0.792543,0.99223,2.272206,0.83809,1.105493,51.44559,0.873653,0.796503,0.872882,0.894202,0.835546,0.711925,,0.853086,1.488604,0.757633,0.807736,1.018832,0.444829,0.875496,0.565453,0.987058,1.01266,0.770532
2016Q3,0.949711,0.953454,0.830291,1.021168,0.870461,0.846969,0.838969,1.138567,0.798102,0.830713,0.803772,1.168714,0.802452,1.155595,0.836913,0.831184,0.788315,0.880001,0.866649,0.978256,1.166669,0.734752,0.929107,0.830565,1.022114,0.950698,1.071151,0.851019,0.795216,1.014176,2.229938,0.838625,1.104735,50.96031,0.882142,0.788373,0.9058,0.895027,0.832554,0.68985,,0.848509,1.621102,0.741181,0.796834,1.024508,0.440102,0.884033,0.589949,0.993452,1.014878,0.819016
2016Q4,0.941585,0.947831,0.936998,1.023015,0.902192,0.850939,0.889658,1.122095,0.772916,0.809247,0.794286,1.156877,0.737951,1.127029,0.806354,0.82035,0.774862,0.855113,0.841193,0.97034,1.170357,0.720497,0.948523,0.808431,1.012124,0.928982,1.042499,0.821092,0.829793,1.037403,1.999009,0.844902,1.075906,56.25499,0.866184,0.783545,0.933185,0.876308,0.800846,0.648459,,0.853099,1.632051,0.728464,0.782115,1.030877,0.394837,0.894713,0.594635,0.998788,1.001799,0.840341
2017Q1,0.952403,0.937036,1.023495,1.009498,0.962054,0.873511,0.901774,1.147956,0.779281,0.807354,0.78202,1.178604,0.818795,1.172587,0.802069,0.831457,0.786703,0.858326,0.855113,0.983374,1.181523,0.726874,0.97295,0.797846,1.065978,0.945799,1.049684,0.824467,0.861148,1.065085,2.44582,0.858301,1.118132,58.26201,0.867934,0.792124,0.968985,0.880814,0.81121,0.827094,,0.867718,1.785381,0.731291,0.810771,1.041664,0.344762,0.917973,0.590864,1.007606,1.022417,0.897643
2017Q2,0.962738,0.930263,0.95573,1.041009,0.928688,0.865787,0.944596,1.158635,0.805287,0.8334,0.800501,1.195594,0.848228,1.184829,0.823831,0.858817,0.808504,0.876166,0.870111,0.993644,1.177225,0.74807,0.966204,0.805038,1.108313,0.973179,1.047652,0.836575,0.865104,1.071541,1.981393,0.884169,1.130621,60.08571,0.88606,0.803332,0.962462,0.861918,0.859954,0.836824,,0.859313,1.635098,0.754898,0.812569,1.046857,0.35964,0.910449,0.594694,1.003954,1.033326,0.889932
2017Q3,0.995911,0.916636,0.987887,1.099907,0.897939,0.881967,0.993381,1.174982,0.859539,0.887117,0.844161,1.208234,0.866458,1.202427,0.886504,0.92177,0.863607,0.928215,0.888596,1.028382,1.179755,0.79256,0.953739,0.826161,1.136375,1.040045,1.050668,0.848845,0.863269,1.085609,2.372032,0.913697,1.141898,61.63387,0.902445,0.846714,1.010007,0.852659,0.904493,0.824044,,0.865272,1.697154,0.805214,0.871822,1.060389,0.381784,0.918824,0.629531,1.013747,1.061097,0.902056
2017Q4,1.011334,0.964618,0.988415,1.143112,0.944063,0.898541,1.012829,1.180258,0.870103,0.894322,0.873166,1.225035,0.863694,1.222488,0.895175,0.935365,0.882068,0.93352,0.908775,1.046484,1.190068,0.797155,0.990223,0.791937,1.162508,1.057319,1.024052,0.84632,0.892601,1.117147,2.180548,0.92338,1.157965,62.56186,0.937225,0.87115,1.082896,0.864345,0.903813,0.824334,,0.888441,1.707138,0.823456,0.866541,1.077823,0.361721,0.935761,0.611865,1.028248,1.079532,0.887153
2018Q1,1.049385,0.983643,1.044227,1.211698,0.97612,0.924267,1.013146,1.255008,0.918207,0.935962,0.939038,1.285966,0.945327,1.289312,0.946716,0.981159,0.937532,0.97405,0.961401,1.087962,1.197483,0.832006,1.032069,0.8746,1.184485,1.11277,1.07381,0.875117,0.910824,1.144696,,0.947531,1.219199,71.71239,0.97937,0.909403,1.106262,0.843367,0.970555,0.93776,,0.913273,1.905657,0.860808,0.920189,1.091371,0.361001,0.949229,0.588457,1.039812,1.126824,1.006729
2018Q2,1.037641,1.034909,1.024152,1.161458,0.990841,0.930777,1.004833,1.248289,0.889468,0.910811,0.921441,1.281939,0.957183,1.304698,0.921294,0.94984,0.931277,0.951567,0.961068,1.079022,1.19769,0.808275,1.036087,0.831309,1.170402,1.0872,1.152696,0.873121,0.91301,1.154956,,0.940551,1.230048,82.75681,0.98057,0.887785,1.108275,0.833189,0.92117,1.003986,,0.924904,1.869897,0.829298,0.887417,1.094561,0.316051,0.950025,0.581455,1.050357,1.122371,0.966193
2018Q3,1.028472,0.990046,1.042276,1.176746,0.978083,0.935187,0.976594,1.196476,0.87545,0.89527,0.894009,1.246962,0.953573,1.280457,0.90986,0.935989,0.916247,0.938791,0.937453,1.070401,1.205373,0.784115,1.029098,0.844153,1.147496,1.078224,1.145941,0.862803,0.896647,1.148734,,0.960761,1.204597,86.35084,0.971665,0.875439,1.042335,0.840758,0.907423,1.026206,,0.924405,1.718553,0.810155,0.885777,1.092808,0.238219,0.94399,0.565662,1.049617,1.110274,0.88918
2018Q4,1.016276,0.95565,1.075372,1.118284,0.983644,0.916617,0.963014,1.210376,0.863988,0.879759,0.89527,1.253516,0.938862,1.271222,0.893186,0.915194,0.894474,0.918944,0.923393,1.056354,1.216787,0.777491,0.997503,0.817451,1.080805,1.063647,1.102176,0.846661,0.884806,1.12568,,0.946293,1.20085,77.027,0.958849,0.864825,1.022119,0.820082,0.900108,1.002533,,0.914858,1.664301,0.801389,0.871566,1.092709,0.24254,0.929648,0.55437,1.050498,1.099035,0.873285
2019Q1,1.008894,0.943624,1.086663,1.13478,0.9421,0.89549,0.971143,1.245826,0.863227,0.873502,0.884605,1.280667,0.883451,1.264832,0.887299,0.90473,0.886813,0.913475,0.930374,1.045555,1.220478,0.768471,1.010389,0.818925,1.118838,1.062684,1.017378,0.845208,0.85581,1.121947,,0.954428,1.203896,62.74935,0.948884,0.851058,1.008157,0.822806,0.90282,0.88722,,0.907808,1.712585,0.789575,0.873669,1.092826,0.237785,0.903308,0.529023,1.040912,1.091811,0.910499
2019Q2,1.00424,0.923963,1.107098,1.158536,0.951914,0.897041,0.942513,1.211397,0.849752,0.864754,0.895127,1.261331,0.935201,1.273054,0.870623,0.903043,0.875991,0.908411,0.933066,1.04141,1.22027,0.761739,1.015863,0.807231,1.132797,1.069877,0.989968,0.846249,0.834787,1.134653,,0.961493,1.211029,64.10575,0.949697,0.844163,1.048873,0.831388,0.898436,0.98772,,0.903842,1.768353,0.783963,0.848201,1.096919,0.223064,0.896366,0.525178,1.041355,1.090333,0.919591
2019Q3,0.989393,0.922957,1.120992,1.108208,0.951914,0.891255,0.916586,1.191338,0.836969,0.856283,0.901731,1.250218,0.925616,1.250992,0.868397,0.88359,0.858957,0.894011,0.898645,1.023433,1.218829,0.748572,1.00528,0.790039,1.148223,1.059906,1.007813,0.84422,0.799697,1.118922,,0.950037,1.196973,56.55655,0.9577,0.824513,1.044519,0.833863,0.88724,0.99077,,0.892075,1.679398,0.771895,0.835213,1.097696,0.226164,0.889656,0.520967,1.035402,1.073707,0.907035
2019Q4,0.989018,0.932603,1.076312,1.091872,0.933922,0.894257,0.891299,1.193568,0.836464,0.854282,0.895233,1.253051,0.911923,1.248026,0.874714,0.87574,0.861257,0.89229,0.922663,1.023125,1.215689,0.747892,1.023729,0.788469,1.150962,1.072404,0.978547,0.830023,0.801027,1.118094,,0.962056,1.193268,56.74989,0.959715,0.826195,1.032666,0.835473,0.897125,0.961288,,0.882359,1.717849,0.773427,0.835945,1.097137,0.226731,0.885248,0.538658,1.03696,1.072985,0.920425
2020Q1,0.976206,0.923367,1.023327,1.088349,0.911678,0.875506,0.888287,1.223726,0.831175,0.849126,0.900133,1.763851,0.825983,,0.865977,0.858592,0.834072,0.888126,0.91828,1.00586,1.223711,0.734706,0.977996,0.764776,1.120634,1.050494,0.973647,0.833084,0.787848,1.098925,,0.943478,,47.18764,0.947959,0.803391,1.013848,0.833929,0.877573,0.796159,,0.8572,1.715285,0.757418,0.811644,1.088671,0.204219,0.87517,0.534014,1.024697,1.047949,0.925525
2020Q2,0.940058,0.852214,0.992756,0.914419,0.829899,0.794628,0.915565,1.240746,0.809188,0.837621,0.873657,1.267217,0.75639,1.293915,0.849423,0.815232,0.794254,0.87583,0.844117,0.963553,1.220828,0.719922,0.854958,0.760301,1.063772,1.038042,0.969005,0.815693,0.741679,0.998418,,0.842144,1.278132,44.421,0.882162,0.771159,0.980811,0.822288,0.858912,0.678086,,0.789666,1.652873,0.743275,0.791737,1.073665,0.183839,0.845757,0.495562,0.976269,1.017187,0.826466
2020Q3,0.992276,0.893076,1.053832,1.071449,0.854105,0.871237,1.00282,1.21148,0.859678,0.890424,0.929305,1.262374,0.826512,1.327068,0.897457,0.871461,0.849376,1.004242,0.906419,1.01851,1.223532,0.762111,0.932115,0.782462,1.107287,1.107895,0.963113,0.831684,0.754699,1.052919,,0.899172,1.303329,40.55044,0.903735,0.830712,1.106594,0.837163,0.921342,0.745764,,0.817827,1.70465,0.798792,0.842884,1.090698,0.176429,0.868861,0.539523,1.006888,1.061356,0.915634
2020Q4,1.023392,0.950766,1.161839,1.166553,0.931959,0.899925,1.091883,1.26518,0.885257,0.913375,0.974439,1.309098,0.877182,1.388841,0.928363,0.905449,0.875872,1.023026,0.932889,1.051819,1.226771,0.779226,0.966072,0.792206,1.144537,1.147414,1.040119,0.846982,0.800915,1.125774,,0.944773,1.363067,48.84923,0.937265,0.85624,1.18321,0.870606,0.964213,0.816928,,0.834881,1.803554,0.815079,0.88148,1.098767,0.168333,0.891401,0.540873,1.031275,1.100039,0.99976
2021Q1,1.069643,1.041744,1.302726,1.250654,1.042852,0.985502,1.159747,1.303982,0.927096,0.937225,1.013803,1.772856,0.947907,,0.96197,0.952396,0.928376,1.064969,0.97561,1.102233,1.236633,0.792836,1.057606,0.801043,1.176133,1.198825,1.052333,0.868592,0.858024,1.211424,,0.980409,,55.33901,0.974274,0.887035,1.281355,0.868492,0.978145,0.94691,,0.882381,2.009806,0.830238,0.929518,1.11044,0.179555,0.928883,0.640318,1.08393,1.156413,1.11499
2021Q2,1.116175,1.111829,1.463337,1.391241,1.131501,1.070662,1.255308,1.350937,0.952346,0.956757,1.055826,1.3851,0.969003,1.519808,0.994448,0.990675,0.963034,1.093975,1.013341,1.152686,1.277799,0.821302,1.060409,0.800931,1.209577,1.228822,1.074008,0.871595,0.903955,1.274464,,1.006953,1.477492,63.63556,1.013393,0.931343,1.399929,0.868362,1.014716,0.945167,,0.923268,2.166188,0.863368,0.968576,1.118178,0.167517,0.964279,0.669807,1.135057,1.203164,1.25069
2021Q3,1.140301,1.17073,1.528785,1.41794,1.202813,1.089005,1.294444,1.375016,0.969437,0.962186,1.042988,1.405974,1.055171,1.580206,1.01457,1.019897,1.00601,1.091107,1.001673,1.180939,1.293355,0.832247,1.095022,0.825129,1.253125,1.248719,1.101531,0.879803,0.918223,1.327585,,1.028261,1.531873,72.73492,1.041666,0.949039,1.414228,0.864648,1.015091,1.137744,,0.954265,2.215232,0.872546,1.005115,1.124463,0.166296,0.996285,0.64719,1.174077,1.23798,1.22144
2021Q4,1.17015,1.201802,1.609862,1.49369,1.186457,1.140108,1.322915,1.421172,0.979557,0.964883,1.037108,1.459849,1.170124,1.656095,1.015795,1.04768,1.033268,1.10283,1.030528,1.214501,1.331249,0.831644,1.160476,0.806968,1.323509,1.257278,1.134099,0.883189,0.945491,1.335162,,1.027951,1.605832,70.60798,1.070633,0.970282,1.504588,0.872948,1.015879,1.411796,,1.008443,2.05942,0.877218,1.014023,1.139596,0.133802,1.023055,0.698413,1.209829,1.282236,1.120548
2022Q1,1.210785,1.275151,1.735943,1.67262,1.240105,1.217423,1.3199,1.487874,1.015424,0.989069,1.022231,2.035378,,,1.058153,1.085704,1.087931,1.135081,1.085615,1.261152,1.357232,0.837508,1.212921,0.787451,1.316339,1.314686,1.184197,0.893888,0.968823,1.384883,,1.067472,,70.60865,1.106175,0.998666,1.465654,0.887738,1.055411,,,1.057548,2.193181,0.89872,1.028428,1.154692,0.106039,1.039044,0.680242,1.265458,1.336664,1.190602
2022Q2,1.232097,1.360424,1.875937,1.691412,1.357867,1.310458,1.347869,1.470767,1.007183,0.980137,1.04294,1.519498,,1.9217,1.054121,1.114003,1.134297,1.134417,1.089257,1.29121,1.365818,0.82647,1.234757,0.751415,1.321938,1.315352,1.198718,0.864223,0.987099,1.461312,,1.103558,1.852493,79.79254,1.155483,1.019672,1.473571,0.900984,1.06132,,,1.123675,2.255252,0.907095,1.04266,1.175649,0.101266,1.05798,0.702414,1.342437,1.359966,1.217708
2022Q3,1.196178,1.319173,1.788169,1.710925,1.303893,1.247067,1.326546,1.469641,0.986291,0.965498,1.047138,1.501558,,1.855644,1.022534,1.091285,1.07041,,1.021973,1.249936,1.390551,0.803671,1.149029,0.712059,1.241196,1.274433,1.177412,0.832479,0.91031,1.415794,,1.090638,1.798362,,1.152679,0.992035,1.401522,0.879917,1.008633,,,1.055709,2.073333,0.86819,0.997259,1.175059,0.084322,1.021092,0.602453,1.306663,1.317552,1.108318
2022Q4,1.181532,1.308172,1.754592,1.618584,1.283611,1.181909,1.316934,1.454791,0.998692,0.96244,1.062622,1.47753,,1.82127,1.058697,1.125306,1.08092,,1.024873,1.230876,1.398205,0.810254,1.084457,0.740549,1.209836,1.323299,1.121479,0.820342,0.891087,1.40477,,1.100405,1.771745,,1.111608,1.013344,1.353955,0.869558,1.054012,,,1.018489,1.96261,0.874419,1.011234,1.175896,0.083099,0.994958,0.583558,1.283425,1.295917,1.047096
2023Q1,1.198706,1.242355,1.755205,1.529504,1.245666,1.157113,1.404434,1.46994,1.070437,0.998673,1.092104,1.926128,,,1.122448,1.167188,1.101338,,1.058168,1.247479,1.411854,0.854753,1.075894,0.759388,1.192628,1.399849,1.110432,0.853421,0.886114,1.420462,,1.132776,,,1.102439,1.01268,1.382876,0.880878,1.132524,,,1.010304,1.960152,0.920696,1.016325,1.177564,0.081681,0.975252,0.575741,1.248588,1.309628,1.067941
2023Q2,1.176138,1.191889,1.554691,1.406219,1.185476,1.107801,1.295623,1.376221,1.056225,1.002801,1.111832,1.420535,,1.744226,1.117036,1.15533,1.061085,,1.078733,1.223695,1.423151,0.872496,1.073332,0.76323,1.17844,1.410142,1.105608,0.827961,0.838814,1.411471,,1.165203,1.693301,,1.071736,1.002206,1.376981,0.883671,1.121369,,,0.99714,1.846463,0.928196,0.982156,1.177837,0.076145,0.956566,0.601729,1.215069,1.275916,1.002838
2023Q3,1.171728,1.162583,1.534574,1.353869,1.161923,1.124617,1.244215,1.287218,1.037972,1.0004,1.102439,1.360508,,1.680656,1.123577,1.152937,1.03887,,1.077236,1.212578,1.446069,0.866526,1.111238,0.749734,,1.414543,1.069562,0.81354,0.83804,1.431331,,1.226876,1.645801,,1.06409,1.009647,1.388624,0.904684,0.976579,,,1.017856,,0.929464,0.97532,1.188652,0.055298,0.960089,0.674749,1.227694,1.256474,
2023Q4,,1.149735,,,,,,,,,,,,,,1.130536,,,,,,,,,,,,0.808852,0.842287,,,,,,,,,,,,,,,,,,,0.966688,,1.23292,,
