Unnamed: 0,Argentina,Australia,Belgium,Brazil,Canada,Chile,China,Czech Republic,Germany,Denmark,Spain,Estonia,Finland,France,United Kingdom,"Hong Kong SAR, China",Hungary,Indonesia,Ireland,Israel,Italy,Jordan,Japan,"Korea, Rep.",Mexico,Malaysia,Netherlands,Norway,New Zealand,Peru,Philippines,Poland,Russian Federation,Singapore,Slovakia,Sweden,Thailand,Turkey,"Taiwan, China",Uganda,United States,Viet Nam
,,,,,,,,,,,,,,,,,,,,,,,,,,,,,,,,,,,,,,,,,,
1994Q1,,0.472657,0.608114,0.549801,,,,,0.713992,,0.642733,0.292426,,,0.78558,0.987993,,,0.784865,,,,1.10511,1.403927,0.558818,,0.720823,0.330147,0.668455,0.29529,0.61756,,,1.183951,,0.690081,0.667623,59.91044,1.178113,,0.812483,
1994Q2,,0.480658,0.621194,0.557105,,,,,0.742663,,0.687192,0.317266,,,0.77973,0.993636,,,0.831345,,,,1.127151,1.432933,0.604496,,0.770375,0.357362,0.675371,0.307971,0.63005,,,1.209224,,0.712938,0.673066,32.30319,1.183756,,0.815244,
1994Q3,,0.494547,0.543556,0.586985,,,,,0.785309,,0.704152,0.346044,,,0.783844,1.007158,,,0.887205,,,,1.149648,1.452674,0.640158,,0.808701,0.378053,0.705042,0.333031,0.67785,,,1.246178,,0.742846,0.683199,32.94752,1.203185,,0.819387,
1994Q4,,0.516485,0.619946,0.628154,,,,,0.796092,,0.737437,0.361618,,,0.805793,1.01054,,,0.869557,,,,1.158596,1.475922,0.642835,,0.839816,0.383632,0.743887,0.350845,0.653306,,,1.272109,,0.786167,0.688695,29.70338,1.221145,,0.831814,
1995Q1,,0.529739,0.6056,0.643426,,,,,0.821409,,0.771738,0.393585,1.060787,,0.812984,1.017511,,,0.903211,1.047908,,,1.185128,1.508245,0.65121,,0.831941,0.407711,0.761263,0.370169,0.693263,,,1.297343,,0.828503,0.71116,28.03326,1.258876,,0.848937,
1995Q2,,0.536309,0.617328,0.65571,,,,,0.859242,,0.828179,0.416279,1.131852,,0.787518,1.031666,,,0.974606,1.049105,,,1.258541,1.549832,0.658867,,0.878703,0.429925,0.751677,0.373188,0.73556,,,1.319982,,0.868671,0.744087,28.47545,1.287706,,0.86385,
1995Q3,,0.539627,0.543968,0.668327,,,,,0.854311,,0.817046,0.416249,1.132942,,0.782751,1.043584,,,0.949345,1.024106,,,1.215125,1.525967,0.633451,,0.877401,0.408355,0.760678,0.387681,0.737186,,,1.291218,,0.895683,0.751557,26.48575,1.284001,,0.865783,
1995Q4,,0.530688,0.60272,0.671315,,,,,0.854826,,0.832021,0.441582,1.149348,,0.780765,1.035062,,,0.952794,1.044916,,,1.174753,1.511316,0.640187,,0.889418,0.413059,0.760516,0.380737,0.707057,,,1.289901,,0.934919,0.755028,22.64655,1.280494,,0.865507,
1996Q1,,0.538972,0.597393,0.659695,,,,,0.839158,,0.795644,0.455473,1.131528,,0.76675,1.032117,,,0.955529,1.000133,0.673354,,1.140827,1.484941,0.650606,,0.838509,0.420919,0.771458,0.380435,0.772413,,,1.27487,,0.905612,0.819714,18.15371,1.272712,,0.867716,
1996Q2,,0.546929,0.592579,0.666003,,,,,0.819564,,0.79301,0.442955,1.101915,,0.757916,1.029191,,,0.918633,0.971149,0.645977,,1.10531,1.411963,0.654319,,0.841167,0.425357,0.760873,0.385266,0.767995,,,1.258212,,0.893126,0.824229,14.98789,1.249773,,0.873239,
1996Q3,,0.541314,0.552462,0.661023,,,,,0.827824,,0.795828,0.45238,1.088386,,0.747085,1.029904,,,0.909196,0.990435,0.659646,,1.077218,1.36003,0.651066,,0.864372,0.444595,0.772907,0.362319,0.797618,,,1.233447,,0.893112,0.826608,13.40333,1.244813,,0.865783,
1996Q4,,0.535667,0.605668,0.653386,,,,,0.81547,,0.810884,0.457276,1.061391,,0.758059,1.027068,,,0.877676,0.968553,0.643,,1.048959,1.347308,0.670581,,0.86556,0.466886,0.761945,0.37651,0.784242,,,1.227329,,0.880782,0.822634,11.39059,1.242855,,0.856117,
1997Q1,,0.528539,0.578531,0.648074,0.633453,,,,0.760757,,0.754564,0.437128,0.9773,,0.740108,1.0157,,,0.834507,0.939038,0.603435,0.57912,1.011615,1.315903,0.662061,,0.772383,0.43753,0.749004,0.383152,0.843135,,,1.178426,,0.807199,0.834907,9.528009,1.236675,,0.857222,
1997Q2,,0.531289,0.586718,0.665007,0.613222,,,,0.740299,,0.731681,0.430146,0.94569,,0.728718,1.010868,,,0.820309,0.923815,0.580279,0.611926,1.009788,1.318724,0.649339,,0.76659,0.392235,0.738246,0.386775,0.834076,,,1.143628,,0.785399,0.84162,8.008665,1.227927,,0.856669,
1997Q3,,0.520878,0.538461,0.659363,0.610094,,,,0.707935,,0.687078,0.414948,0.908497,,0.722656,1.010517,,,0.783026,0.877646,0.561721,0.56636,1.004075,1.286273,0.642748,,0.748421,0.392156,0.69976,0.394626,0.799865,,,1.09961,,0.773974,0.825771,6.600239,1.222068,,0.854184,
1997Q4,,0.506349,0.579395,0.652058,0.608196,,,,0.727949,,0.718946,0.422383,0.94596,,0.737868,1.009661,,,0.806199,0.868808,0.573196,0.507521,0.976631,1.169315,0.646835,,0.781021,0.404118,0.680895,0.371679,0.742757,,,1.05931,,0.787859,0.789648,5.653524,1.211622,,0.847832,
1998Q1,,0.489474,0.565932,0.645086,0.587846,,,0.565991,0.701826,,0.690357,0.415563,0.907717,,0.734237,0.990814,,0.442103,0.797794,0.858006,0.561855,0.555016,0.958129,1.183848,0.621104,,0.711021,0.352209,0.64715,0.358696,0.773431,,,1.009642,,0.754989,0.73688,4.730117,1.173854,,0.836785,
1998Q2,,0.468672,0.590753,0.617198,0.574644,,,0.583109,0.710479,,0.704287,0.420158,0.910248,,0.709469,0.978551,,0.449347,0.808385,0.816622,0.563695,0.529778,0.927505,1.124035,0.616786,,0.725249,0.341781,0.6002,0.359903,0.855323,,,0.98954,,0.764743,0.713978,4.133145,1.123573,,0.830157,
1998Q3,,0.450522,0.55184,0.598938,0.552281,,,0.602209,0.720421,,0.710064,0.431161,0.917511,,0.698497,0.965592,,0.443894,0.830309,0.795026,0.575668,0.530722,0.909136,1.081335,0.606741,,0.737912,0.33126,0.583319,0.348128,0.89736,,,0.956345,,0.74704,0.716394,3.819364,1.076429,,0.820215,
1998Q4,,0.446202,0.604429,0.585989,0.548173,,,0.619227,0.756341,,0.743595,0.445842,0.93865,,0.671663,0.95945,,0.47442,0.840193,0.715658,0.600159,0.521413,0.962292,1.091601,0.602424,,0.77388,0.32456,0.599702,0.327295,0.944563,,,0.976724,,0.748391,0.703713,3.570134,1.064597,,0.816073,
1999Q1,,0.436174,0.570211,0.557769,0.547351,,,0.56452,0.71918,,0.698669,0.42208,0.878106,0.681535,0.676928,0.947041,,0.464868,0.827151,0.737127,0.574806,0.507962,0.961706,1.058008,0.597646,,0.690837,0.311218,0.599299,0.323671,0.815333,,,0.947576,,0.734264,0.720485,3.022149,1.052197,,0.813864,
1999Q2,,0.437034,0.557867,0.525896,0.565261,,,0.531769,0.679413,,0.666267,0.3978,0.83026,0.644969,0.662457,0.942209,,0.500799,0.777047,0.740196,0.543477,0.519345,0.943585,1.061954,0.623291,,0.677784,0.343046,0.61185,0.314312,0.872737,0.519602,,0.95488,,0.700215,0.707548,2.442574,1.035539,,0.813311,
1999Q3,,0.439738,0.546918,0.520584,0.577964,,,0.543383,0.677657,,0.663612,0.399525,0.827478,0.637363,0.653142,0.943545,,0.534469,0.780812,0.732116,0.547668,0.513891,0.968746,1.059646,0.644705,,0.690453,0.397456,0.612333,0.322464,0.937668,0.536891,,0.987565,,0.715854,0.679491,2.159862,1.047191,,0.814692,
1999Q4,,0.454168,0.600633,0.530212,0.591976,,,0.547117,0.675309,,0.673363,0.413903,0.825979,0.636725,0.655686,0.946892,,0.562975,0.765965,0.736679,0.54276,0.516115,1.010887,1.109911,0.673229,,0.696089,0.426692,0.608764,0.34058,1.021105,0.543503,,1.013594,,0.724715,0.672449,1.923276,1.066686,,0.819663,
2000Q1,,0.464159,0.59859,0.545153,0.609177,,,0.537069,0.648072,,0.637879,0.40756,0.817661,0.636336,0.644038,0.940045,,0.598593,0.719911,0.735501,0.529137,0.502182,0.991703,1.128977,0.675964,,0.639196,0.463071,0.609525,0.343297,0.886039,0.525817,,1.012144,,0.709906,0.692008,1.69988,1.073097,,0.825186,
2000Q2,,0.460171,0.583639,0.548473,0.620142,,,0.518152,0.619355,,0.622057,0.376093,0.788854,0.611599,0.656834,0.940658,,0.597767,0.690114,0.742972,0.503696,0.492917,0.984481,1.115886,0.679072,,0.63609,0.455966,0.60954,0.333031,0.888163,0.501101,,1.009007,,0.690893,0.687049,1.535658,1.082918,,0.829329,
2000Q3,,0.457712,0.539598,0.561421,0.629944,,,0.517992,0.604278,,0.61119,0.369486,0.768289,0.599096,0.694159,0.93976,,0.6193,0.674925,0.761636,0.498169,0.484745,0.972598,1.149236,0.690815,,0.635314,0.494401,0.620735,0.342391,0.825691,0.510022,,1.02522,,0.665999,0.673043,1.443058,1.084226,,0.829053,
2000Q4,,0.456082,0.584213,0.550465,0.629648,,,0.509578,0.585023,,0.610634,0.372244,0.740233,0.586956,0.694172,0.936739,,0.610615,0.693837,0.748297,0.481538,0.485064,0.95219,1.066956,0.685663,,0.623051,0.482807,0.619539,0.335447,0.924665,0.492301,,1.008751,,0.637883,0.653197,1.357435,1.060556,,0.830434,
2001Q1,,0.451496,0.619809,0.554449,0.638658,,,0.538518,0.61923,,0.619866,0.430359,0.765048,0.622585,0.728454,0.928475,,0.576922,0.622908,0.721334,0.510651,0.49471,0.926105,1.007718,0.676769,,0.627815,0.462658,0.63758,0.333635,0.819556,0.531013,,0.97033,,0.644221,0.647645,1.229684,1.034221,,0.829881,
2001Q2,,0.456801,0.567218,0.533533,0.620294,,,0.517774,0.589629,,0.592581,0.502072,0.71579,0.592114,0.742447,0.918193,,0.553443,0.624364,0.721138,0.485639,0.494822,0.894029,0.962134,0.675589,,0.607893,0.466595,0.617527,0.324879,0.815007,0.508736,,0.936152,,0.602358,0.621925,0.770437,1.005192,,0.825463,
2001Q3,,0.452214,0.533488,0.529216,0.597492,,,0.530416,0.599532,,0.603402,0.515086,0.71114,0.605376,0.74917,0.915164,,0.575266,0.610104,0.690809,0.499436,0.496739,0.885904,0.915677,0.66517,,0.618151,0.446993,0.621031,0.326389,0.770242,0.511525,,0.910828,,0.596661,0.619603,0.646915,0.984396,0.493808,0.819663,
2001Q4,,0.443206,0.55703,0.50996,0.571793,,,0.536137,0.599078,,0.605979,0.515418,0.693993,0.604137,0.75636,0.90879,,0.538711,0.608101,0.692301,0.499072,0.505266,0.861397,0.877687,0.653973,,0.613876,0.393222,0.603875,0.321558,0.845646,0.512432,,0.858516,,0.594994,0.614144,0.569665,0.964823,0.449342,0.811102,
2002Q1,,0.445967,0.56758,0.499668,0.558976,,,0.531657,0.587189,,0.594574,0.507165,0.67622,0.593135,0.81742,0.896375,,0.529625,0.569255,0.637604,0.495738,0.505174,0.840287,0.887774,0.66753,,0.568837,0.390792,0.604901,0.328804,0.784646,0.519824,,0.850027,,0.594511,0.613637,0.646073,0.953043,0.452969,0.807512,
2002Q2,,0.463889,0.612705,0.511952,0.589242,,,0.56746,0.617474,,0.611154,0.497362,0.706752,0.625999,0.824739,0.89291,,0.592272,0.62196,0.597728,0.517205,0.498487,0.852561,0.90666,0.686642,,0.61738,0.428477,0.62095,0.344203,0.830051,0.532967,,0.856633,,0.621382,0.632365,0.627375,0.962618,0.430816,0.81193,
2002Q3,,0.45976,0.609465,0.510624,0.591591,,,0.603991,0.65943,,0.657638,0.531919,0.744626,0.663128,0.839451,0.892881,,0.609681,0.637816,0.648082,0.555488,0.49972,0.869993,0.909797,0.692312,,0.661956,0.463035,0.607061,0.349336,0.789379,0.542957,,0.852963,,0.657602,0.643815,0.543878,0.966492,0.512657,0.816349,
2002Q4,,0.470706,0.662472,0.507304,0.599783,,,0.60783,0.670521,,0.667066,0.522878,0.7506,0.669487,0.871214,0.887813,,0.626335,0.660818,0.63341,0.561191,0.500942,0.861157,0.907882,0.688945,,0.677953,0.465339,0.614697,0.357186,0.80655,0.564811,,0.849869,,0.676594,0.633181,0.565933,0.961664,0.539916,0.81773,
2003Q1,,0.496481,0.694324,0.524236,0.632885,0.396377,,0.643367,0.720435,,0.709156,0.609096,0.798565,0.724624,0.891076,0.888247,0.821973,0.659333,0.714804,0.643416,0.607779,0.465412,0.876793,0.93498,0.706301,,0.700317,0.516437,0.660282,0.365036,0.79629,0.59078,,0.862509,,0.722292,0.657694,0.591441,0.956654,0.589601,0.823253,
2003Q2,,0.500823,0.744284,0.526228,0.648828,0.390461,,0.681528,0.760411,,0.748691,0.664074,0.824288,0.762631,0.9004,0.880992,0.852309,0.632404,0.751323,0.674359,0.632588,0.519675,0.883071,0.907246,0.707855,,0.745275,0.476131,0.675599,0.358092,0.81912,0.605017,,0.839594,,0.752823,0.657899,0.665255,0.947692,0.52451,0.825186,
2003Q3,,0.499723,0.691455,0.531873,0.654278,0.398349,,0.666758,0.751671,,0.740207,0.659945,0.813045,0.760782,0.85942,0.877707,0.834742,0.644357,0.71062,0.704469,0.631751,0.514855,0.880905,0.92028,0.711251,,0.740333,0.485012,0.680732,0.378321,0.755469,0.589017,,0.833663,,0.737567,0.669238,0.716412,0.948023,0.522257,0.824634,
2003Q4,,0.527029,0.792162,0.541169,0.664973,0.448636,,0.706972,0.794482,,0.78627,0.699242,0.862083,0.804193,0.854405,0.879414,0.876291,0.660114,0.734205,0.719347,0.66721,0.505484,0.906825,0.941271,0.745647,,0.786245,0.510379,0.725916,0.407005,0.841279,0.602811,,0.84183,,0.783086,0.686347,0.729199,0.947954,0.515418,0.832091,
2004Q1,0.606509,0.563165,0.852299,0.565737,0.691637,0.517657,,0.73954,0.834653,,0.810753,0.734827,0.90619,0.83964,0.851356,0.883823,0.912335,0.685007,0.833608,0.720611,0.705365,0.544547,0.935001,0.98377,0.781424,,0.792285,0.547347,0.769239,0.462862,0.821751,0.649154,,0.863109,,0.80732,0.696011,0.861912,0.972789,0.581914,0.847004,
2004Q2,0.63178,0.569685,0.851016,0.596946,0.712039,0.524559,,0.740878,0.810879,,0.803953,0.710659,0.887385,0.819869,0.884485,0.885501,0.894682,0.707782,0.771577,0.707365,0.688704,0.531569,0.923263,1.003316,0.794203,,0.79937,0.571316,0.76905,0.47192,0.840304,0.697511,,0.865761,,0.795802,0.701923,0.802172,0.987423,0.614083,0.859431,
2004Q3,0.611419,0.605464,0.823961,0.607902,0.742726,0.542307,,0.766159,0.824626,,0.813195,0.729673,0.900373,0.834397,0.916092,0.893787,0.910758,0.746354,0.771579,0.738894,0.71098,0.56678,0.933905,1.039116,0.807961,,0.81834,0.627247,0.789986,0.471316,0.783984,0.685741,,0.873725,,0.811079,0.710289,0.790851,0.998156,0.589554,0.859155,
2004Q4,0.612056,0.635867,0.955095,0.618526,0.775211,0.586678,,0.825079,0.875952,,0.883612,0.779125,0.951352,0.884994,0.905834,0.899444,0.966149,0.767665,0.851122,0.753951,0.7525,0.605935,0.960473,1.069114,0.824022,,0.874214,0.678066,0.834967,0.503925,0.808525,0.753164,,0.886426,,0.868569,0.728321,0.84805,1.018122,0.6217,0.866888,
2005Q1,0.608358,0.649439,0.971122,0.630146,0.782239,0.620202,0.75135,0.848051,0.886274,,0.889657,0.797233,0.964493,0.899234,0.926558,0.901639,0.974039,0.793434,0.887932,0.790103,0.77447,0.618675,0.972499,1.099607,0.830786,0.721175,0.863298,0.717038,0.856786,0.525362,0.794566,0.79878,,0.885329,,0.875497,0.744262,0.957092,1.022744,0.680561,0.877382,
2005Q2,0.627486,0.70136,0.969009,0.666667,0.806585,0.639923,0.727345,0.816615,0.852604,,0.863641,0.766548,0.92739,0.868157,0.949404,0.902371,0.937841,0.842303,0.799837,0.822266,0.747959,0.621639,0.950528,1.072307,0.861584,0.728402,0.85636,0.731781,0.86102,0.548913,0.812601,0.739423,,0.901915,,0.849838,0.755945,0.923398,1.013953,0.712445,0.884562,
2005Q3,0.663215,0.726231,0.884837,0.682935,0.843236,0.678377,0.734291,0.794849,0.828462,,0.860485,0.743058,0.906897,0.846721,0.965026,0.906285,0.910986,0.860611,0.86002,0.794308,0.741036,0.64572,0.929911,1.061917,0.887834,0.721038,0.844329,0.807711,0.847419,0.574275,0.757886,0.734047,,0.917697,,0.829446,0.767954,0.92728,1.004773,0.688455,0.886219,
2005Q4,0.677392,0.725942,0.940698,0.699867,0.893136,0.757258,0.733452,0.780878,0.810339,,0.851901,0.733979,0.884991,0.820236,1.005363,0.906287,0.887838,0.869844,0.784123,0.746499,0.725678,0.692399,0.903681,1.039241,0.891719,0.728443,0.838667,0.807716,0.834816,0.612621,0.859798,0.72176,,0.910712,,0.807315,0.773293,0.901392,0.988716,0.694075,0.893676,
2006Q1,0.684172,0.757831,0.989806,0.711819,0.863841,0.86079,0.776447,0.802371,0.823253,,0.854701,0.75351,0.900737,0.830759,1.024214,0.902469,0.900294,0.804307,0.843437,0.793283,0.74725,0.693751,0.899398,1.0383,0.914745,0.735179,0.836081,0.883771,0.822921,0.664855,0.846376,0.746083,1.112577,0.961887,,0.83284,0.785527,0.942966,0.993392,0.771548,0.900028,
2006Q2,0.695883,0.792471,1.034564,0.742364,0.894726,0.968265,0.771719,0.845839,0.8681,,0.90505,0.794443,0.950083,0.877894,1.087383,0.911466,0.933836,0.863702,0.882997,0.827954,0.787583,0.70542,0.917786,1.050221,0.932994,0.762303,0.890404,0.949823,0.849935,0.798309,0.848884,0.786081,1.099129,0.976036,,0.882281,0.804092,0.899099,1.018998,0.799011,0.914664,
2006Q3,0.72177,0.818828,0.98971,0.778884,0.921129,0.937699,0.775091,0.866171,0.88252,,0.942209,0.809738,0.964311,0.898392,1.119372,0.918207,0.943513,0.891882,0.850476,0.813787,0.817423,0.713217,0.926183,1.065435,0.950724,0.764444,0.907684,0.950664,0.858126,0.833937,0.843938,0.814116,1.061737,0.977124,,0.903654,0.808174,0.870322,1.038093,0.76825,0.926263,
2006Q4,0.737816,0.834702,1.074583,0.781208,0.893953,0.907132,0.776413,0.885798,0.895255,,0.959417,0.833049,0.979616,0.90702,0.929062,0.920021,0.968198,0.848519,0.860068,0.880931,0.822549,0.746808,0.918463,1.053502,0.935411,0.786773,0.921852,0.904295,0.878536,0.827295,0.949098,0.849849,0.986953,0.951896,,0.932895,0.804148,0.895831,1.032527,0.836031,0.927092,
2007Q1,0.763683,0.851689,1.128265,0.780212,0.904201,0.956433,0.848229,0.908429,0.911666,0.893161,0.967092,0.869047,0.980957,0.926773,0.807057,0.920553,0.985849,0.848669,0.887982,0.898696,0.857764,0.84408,0.912589,1.031696,0.929137,0.821874,0.927054,0.898285,0.90343,0.836957,0.91865,0.855591,1.168173,0.955905,,0.954372,0.826334,0.970215,1.02357,0.884023,0.943386,
2007Q2,0.759985,0.9042,1.170839,0.809761,0.957138,1.010664,0.852334,0.935952,0.942782,0.924464,1.000524,0.91563,1.03603,0.958773,0.819363,0.923037,1.006557,0.933226,0.937451,0.822421,0.891427,0.835477,0.917952,1.052123,0.963043,0.83357,0.966903,0.980698,0.950585,0.923611,0.921138,0.896994,1.166205,0.970428,,0.989938,0.845094,1.067548,1.0438,0.94736,0.95747,
2007Q3,0.792653,0.894998,1.144992,0.846614,0.977223,0.996859,0.853373,0.966116,0.963099,0.980836,1.040151,0.951955,1.048058,0.983411,0.898695,0.933232,1.032415,0.93478,0.953502,0.810945,0.919832,0.820269,0.928548,1.065147,0.992574,0.86098,0.986635,1.02136,0.983484,0.924517,0.921912,0.94373,1.153085,0.978491,,1.014533,0.84463,1.141237,1.052836,0.961742,0.964098,
2007Q4,0.898052,0.932974,1.27421,0.894754,1.03854,1.020524,0.874107,1.027662,1.013926,1.054068,1.090698,1.00836,1.100586,1.041092,0.919175,0.945251,1.083058,0.992358,0.978936,0.879313,0.971548,0.83845,0.940775,1.081562,1.038857,0.918798,1.062218,1.16034,1.067856,0.937802,1.062534,0.995806,1.107329,1.025494,,1.055657,0.871363,1.31552,1.067095,0.984571,0.982049,
2008Q1,1.024408,0.98358,1.321076,0.947211,1.105202,1.114195,1.003193,1.091501,1.059119,1.105388,1.13333,1.058896,1.146859,1.091302,0.921562,0.946633,1.112666,1.053272,1.116016,1.059722,1.034747,0.939544,0.973347,1.102736,1.072389,0.987371,1.110476,1.276381,1.153172,0.987017,1.080028,1.06364,1.593261,1.054516,,1.095411,0.903449,1.369423,1.069875,1.073664,1.011599,
2008Q2,1.025641,1.163768,1.464112,1.043493,1.193166,1.06095,1.039464,1.159761,1.113482,1.182905,1.176703,1.113595,1.206915,1.156188,0.902463,0.961882,1.178933,1.175725,1.100128,1.194455,1.089195,1.182248,1.005338,1.167632,1.159802,1.045805,1.191992,1.45416,1.184425,1.036232,0.984825,1.140431,1.737582,1.127199,,1.149934,0.950962,1.400978,1.11307,1.222508,1.036454,
2008Q3,1.074951,1.23833,1.324706,1.167331,1.200803,0.91502,1.023887,1.143074,1.080224,1.134864,1.158649,1.078679,1.153544,1.127331,0.900611,0.978709,1.161456,1.223646,1.077509,1.122567,1.075586,1.514169,1.001551,1.157401,1.172294,1.088065,1.154193,1.383909,1.178605,0.971316,0.994245,1.115593,1.751522,1.116914,,1.111774,0.971484,1.505103,1.10403,1.231458,1.04612,
2008Q4,0.939349,1.089133,1.029156,1.047145,0.972909,0.712888,1.009567,0.973758,0.929996,0.947132,0.998374,0.932723,0.982318,0.953283,0.9412,0.986523,0.968472,0.970601,1.005949,0.983716,0.922339,1.523289,0.975508,0.964739,0.904902,0.984115,0.970446,0.98661,0.976166,0.727053,1.01044,0.882386,1.123893,0.948671,,0.915905,0.911074,0.969827,0.988212,0.967481,0.984535,
2009Q1,0.857372,1.028382,0.87692,0.880146,0.845541,0.718804,1.02982,0.924095,0.909214,0.896897,0.937529,0.905932,0.924066,0.919573,0.97274,0.976061,0.912771,0.802723,0.869027,0.847549,0.906721,1.360146,0.965806,0.891346,0.838816,0.91719,0.907783,0.855525,0.831655,0.695954,0.870443,0.859496,0.893801,0.895207,0.922601,0.869325,0.89849,0.809905,0.926668,0.838704,0.962165,
2009Q2,0.896203,0.934638,0.926095,0.87251,0.861721,0.798671,0.984977,0.953017,0.945924,0.940785,0.95845,0.927613,0.949851,0.952648,1.04849,0.974802,0.942236,0.875623,0.929762,0.886796,0.935266,1.233378,0.960938,0.924319,0.91014,0.903015,0.939413,0.8365,0.830342,0.764493,0.879007,0.882636,1.051241,0.92568,0.960733,0.912694,0.921393,0.874466,0.934076,0.760407,0.967965,
2009Q3,0.925173,0.927047,0.981269,0.915339,0.919005,0.877552,0.938196,1.00205,0.992753,1.000715,1.005316,0.97325,0.987765,0.995548,1.051144,0.986889,0.997864,0.920902,0.930064,0.974321,0.979814,1.102342,0.984768,0.958382,0.947846,0.92509,0.977617,0.910519,0.877823,0.838164,0.922627,0.938787,1.238365,0.96479,1.007662,0.975112,0.949875,0.961159,0.963693,0.846108,0.975973,
2009Q4,0.949232,0.994091,1.11188,0.968127,0.967628,0.979111,0.944613,1.030894,1.026587,1.03017,1.04477,1.008648,1.024608,1.032413,1.021052,0.995436,1.015174,0.968752,0.908222,0.986114,1.008771,1.087321,1.002531,0.978369,0.986184,0.971195,1.027005,0.970144,0.945088,0.942935,1.100772,0.960796,0.854113,0.993462,1.043832,0.997745,0.979381,1.001669,0.983223,0.986803,0.984535,
2010Q1,0.97666,1.025932,1.058741,1.005976,1.002091,1.004747,0.998097,0.977711,0.974126,0.974775,0.965895,0.977934,0.97702,0.973463,1.011972,1.002396,0.974785,1.002202,0.984839,1.002312,0.976555,1.004653,1.002437,1.002594,1.008836,1.006216,0.974053,1.002741,1.016961,0.996075,0.970196,0.958322,1.068133,1.001232,0.975791,0.983885,1.00677,0.962143,1.00474,0.961067,1.000276,
2010Q2,0.932528,1.16117,1.057636,1.062085,1.010073,1.004747,1.00171,0.924293,0.911295,0.906338,0.910283,0.919106,0.924625,0.908747,1.03311,1.009439,0.907534,1.04628,0.885554,0.997668,0.926801,1.01124,0.999341,1.01384,1.021299,1.054501,0.940916,0.980499,1.041605,1.035628,0.932239,0.886001,1.260505,1.011209,0.928037,0.933305,1.014033,0.927385,1.017833,0.869886,1.015742,
2010Q3,0.960511,1.28529,1.063366,1.130146,0.994936,1.100391,0.99513,0.950925,0.932308,0.945477,0.947686,0.947523,0.951929,0.928293,0.984054,1.035495,0.934361,1.045054,0.923654,0.984244,0.955328,0.999855,1.018211,0.999545,1.0194,1.085744,0.944487,1.011974,1.069982,1.041969,0.994227,0.937906,1.405481,1.015884,0.94881,0.985997,1.020385,0.952687,1.011239,0.857628,1.018227,
2010Q4,1.053891,1.291311,1.166141,1.191899,1.04221,1.207866,1.024921,1.002885,0.984224,0.991933,0.995839,1.005102,1.008678,0.986469,1.019641,1.05849,0.987627,1.084209,0.964153,1.047014,1.008132,1.075002,1.053334,1.011884,1.083614,1.122047,1.006855,1.112875,1.134521,1.156099,1.138314,0.976601,1.110445,1.055224,1.009272,1.043711,1.052168,1.035804,1.039614,0.913303,1.04612,100.0
2011Q1,1.140039,1.380443,1.301535,1.271912,1.105671,1.231531,1.13812,1.034347,1.007113,1.003613,1.015832,1.058361,1.041573,1.017889,1.009722,1.075223,1.01003,1.146934,0.914269,1.147309,1.056613,1.089149,1.076275,1.051083,1.160723,1.214065,1.047387,1.263653,1.202342,1.26087,1.008677,1.013711,1.282809,1.114149,1.041493,1.086073,1.076183,1.011786,1.081275,1.04434,1.084231,104.4778
2011Q2,1.171474,1.548303,1.390432,1.374834,1.153504,1.213782,1.161251,1.099921,1.065534,1.067144,1.079981,1.150609,1.106461,1.077987,0.995148,1.096768,1.063858,1.235034,0.947552,1.161002,1.119416,1.146075,1.097417,1.082258,1.226031,1.271481,1.119863,1.360666,1.297505,1.32971,0.914975,1.074622,1.752014,1.155193,1.113181,1.126463,1.085798,1.066015,1.109392,1.11141,1.111848,107.7725
2011Q3,1.175625,1.587654,1.266282,1.403054,1.14187,1.17237,1.151127,1.078273,1.047265,1.065147,1.072389,1.142374,1.082926,1.053808,1.002896,1.119834,1.033393,1.24502,0.996677,1.163268,1.110263,1.134926,1.114271,1.06093,1.199752,1.278138,1.086877,1.306509,1.292777,1.341787,1.040116,1.030412,1.976038,1.14122,1.095506,1.104198,1.086126,0.950782,1.10231,0.903008,1.115438,130.645
2011Q4,1.159969,1.510083,1.226408,1.36255,1.100575,1.135887,1.181094,1.019937,0.999194,1.017324,1.036211,1.085466,1.021296,1.006053,1.025932,1.136939,0.959492,1.208248,0.947626,1.012392,1.060891,1.240175,1.094844,1.020836,1.148749,1.234957,1.052272,1.294318,1.228838,1.253321,1.084551,0.977535,1.548981,1.118778,1.04267,1.052448,1.078637,0.865123,1.076087,0.99713,1.097487,135.339
2012Q1,1.17055,1.464513,1.282713,1.291501,1.11689,1.141803,1.234588,1.003174,0.983502,1.032567,1.009498,1.064821,1.00702,0.994118,1.034907,1.144875,0.946507,1.230728,0.949001,1.074797,1.070146,1.232556,1.084292,1.032873,1.185735,1.259126,1.045229,1.361043,1.24599,1.294082,1.024201,0.983778,1.321349,1.150206,0.985428,1.053827,1.088308,0.887068,1.084309,0.99257,1.103839,132.9729
2012Q2,1.194054,1.414079,1.219893,1.319721,1.088561,1.110251,1.234298,0.981216,0.964847,1.004983,0.969914,1.040341,0.986198,0.965545,1.050991,1.147192,0.926148,1.215039,0.914963,1.076591,1.043335,1.329008,1.077342,1.010841,1.135682,1.268102,1.019262,1.265804,1.190524,1.245471,0.888516,0.945044,1.89043,1.127507,0.961903,1.025473,1.090787,0.870489,1.073604,0.968619,1.105772,132.3496
2012Q3,1.204183,1.361774,1.119959,1.277556,1.079829,1.099405,1.169006,0.96075,0.943108,1.007124,0.967389,1.018067,0.963866,0.947669,1.037503,1.145941,0.916684,1.178266,0.947065,1.056682,1.029915,1.180038,1.068518,1.002492,1.140431,1.243814,0.996398,1.250379,1.142308,1.229771,1.076499,0.958411,1.956358,1.117591,0.938806,1.031104,1.086076,0.872203,1.05594,0.852803,1.104943,128.0371
2012Q4,1.191835,1.328201,1.192329,1.255312,1.093433,1.107293,1.20488,0.99026,0.97577,1.037319,1.019869,1.049564,0.987766,0.982112,0.97949,1.156547,0.94006,1.154539,0.913915,1.114368,1.061849,1.223551,1.056311,0.999833,1.149008,1.225581,1.038424,1.308706,1.141203,1.269324,1.103215,1.0051,1.569153,1.113079,0.978238,1.018729,1.089521,0.886362,1.056754,0.803738,1.110191,127.2103
2013Q1,1.197752,1.365706,1.24506,1.277224,1.098157,1.08067,1.249802,0.999717,0.990649,1.052029,1.004477,1.062877,1.003538,1.004212,0.905117,1.152341,0.944668,1.170096,0.946138,1.149005,1.09367,1.206728,1.014763,1.006034,1.172668,1.229253,1.05474,1.343371,1.179884,1.275664,1.08009,1.001707,1.306753,1.111858,0.988252,1.039943,1.09179,0.902411,1.053378,0.812171,1.114609,127.0576
2013Q2,1.198143,1.295396,1.26056,1.261952,1.077035,1.049118,1.262584,0.983256,0.977898,1.02116,1.002985,1.049951,0.989151,0.978636,0.88266,1.151923,0.929069,1.146658,0.884472,1.175155,1.076573,1.15508,0.973408,0.99016,1.162853,1.215199,1.025419,1.268507,1.194595,1.170592,0.947095,0.992953,1.790226,1.089136,0.966966,0.997582,1.085402,0.858908,1.040354,0.910782,1.102734,126.8795
2013Q3,1.161202,1.251162,1.234791,1.215471,1.072988,1.048132,1.196546,0.990172,0.990138,1.035002,1.025767,1.064802,0.998984,0.993231,0.879731,1.164887,0.931211,1.150123,0.900297,1.168144,1.091092,1.09345,0.965618,0.995298,1.144288,1.176829,1.033169,1.287127,1.265672,1.140399,1.032433,0.990782,1.840902,1.090495,0.969589,1.02029,1.079923,0.795571,1.035284,0.828138,1.096106,125.9509
2013Q4,1.136095,1.258449,1.30173,1.227092,1.059121,1.050104,1.227532,1.007315,1.013268,1.047192,1.059005,1.082405,1.016115,1.023299,0.856481,1.183721,0.948051,1.121897,0.913251,1.205396,1.123464,1.124062,0.962651,0.994756,1.118182,1.195312,1.061901,1.339237,1.309058,1.127114,1.072432,1.045139,1.495517,1.088146,0.986569,1.031955,1.075993,0.775771,1.035773,0.816917,1.092792,127.3629
2014Q1,1.165804,1.252303,1.312064,1.209827,1.072085,1.044188,1.252453,1.006845,1.020879,1.04692,1.043682,1.078424,1.020708,1.104633,0.820827,1.172513,0.947207,1.095528,0.909491,1.25447,1.13384,1.135491,0.952559,0.987305,1.112512,1.185454,1.065661,1.316495,1.333194,1.118961,1.005211,1.052673,1.276741,1.077081,0.983632,1.045756,1.07479,0.716433,1.032333,0.909707,1.108257,128.0499
2014Q2,1.203176,1.199979,1.334096,1.210823,1.070848,1.038272,1.221794,1.003813,1.021557,1.046548,1.0421,1.077972,1.025063,1.135761,0.835392,1.174339,0.94505,1.105805,0.949703,1.241641,1.136087,1.094555,0.947705,0.987137,1.134099,1.1945,1.051438,1.252681,1.341725,1.101751,0.934549,1.048306,1.775958,1.07829,0.973988,1.031077,1.076266,0.750218,1.030748,0.913138,1.10522,128.4442
2014Q3,1.138642,1.142098,1.240235,1.185259,1.06127,1.013622,1.195919,0.969294,0.989092,1.009767,1.009521,1.04032,0.993085,1.096793,0.821338,1.191393,0.906022,1.075037,0.927212,1.156109,1.111342,1.187156,0.936977,0.986778,1.116426,1.185732,1.012035,1.163653,1.25116,1.116546,1.041619,0.995046,1.758082,1.068629,0.930504,0.996076,1.07394,0.727148,1.028852,0.878572,1.097487,127.9354
2014Q4,1.069732,1.055452,1.166029,1.113214,1.010896,0.966293,1.221895,0.910929,0.931727,0.927897,0.955551,0.956847,0.927329,1.029585,0.797953,1.209652,0.854667,0.98214,0.904713,1.056431,1.048631,1.226155,0.890546,0.937101,1.03074,1.125418,0.941049,1.028934,1.141979,1.052536,1.04649,0.954713,1.272641,1.001881,0.870189,0.926576,1.052214,0.67035,0.991771,0.860144,1.072908,125.6838
2015Q1,1.026771,0.962965,1.014536,0.987716,0.924053,0.916006,1.211524,0.818107,0.845982,0.845518,0.863547,0.848256,0.831998,0.930647,0.792927,1.195835,0.768157,0.90905,0.829488,1.044435,0.951093,1.147909,0.843326,0.884168,0.943327,1.023488,0.840372,0.88293,1.054269,0.974638,0.972424,0.870635,0.898885,0.925515,0.780753,0.837353,1.032953,0.583115,0.95078,0.800826,1.043634,123.394
2015Q2,0.968401,0.91098,1.045013,0.928951,0.892125,0.88544,1.213874,0.807928,0.835828,0.850184,0.852965,0.840949,0.828871,0.918053,0.804116,1.190392,0.761989,0.920507,0.862383,1.033869,0.94419,1.089783,0.834324,0.889472,0.954782,0.986348,0.839997,0.880333,1.047076,0.961957,0.894533,0.855927,1.221801,0.938098,0.773862,0.835989,1.038042,0.526932,0.951028,0.682947,1.038663,122.0455
2015Q3,0.958785,0.848612,0.969277,0.903718,0.851154,0.826279,1.156579,0.809405,0.838651,0.837501,0.849717,0.835814,0.819104,0.913572,0.824953,1.186549,0.759638,0.867415,0.832972,1.01815,0.944136,1.096791,0.819499,0.848192,0.897447,0.903441,0.83039,0.79886,0.963602,0.901268,0.926574,0.853376,1.104049,0.897138,0.776291,0.81367,1.019952,0.480541,0.92026,0.551958,1.022093,121.4222
2015Q4,0.927001,0.798235,0.984779,0.85757,0.819635,0.781908,1.172764,0.788448,0.81864,0.825235,0.838159,0.808637,0.787594,0.883848,0.854534,1.184605,0.740665,0.852806,0.832884,1.012213,0.92843,1.099973,0.801483,0.818173,0.872348,0.869683,0.798687,0.74077,0.932092,0.875906,0.956294,0.827472,0.733081,0.866428,0.749864,0.796331,1.010742,0.452932,0.895568,0.559054,1.002209,119.6285
2016Q1,0.885992,0.76242,1.030795,0.791833,0.792405,0.805573,1.11301,0.783939,0.819075,0.811737,0.8276,0.805631,0.77813,0.872777,0.889138,1.161773,0.739676,0.831909,0.786895,1.012712,0.92467,1.051181,0.806337,0.789454,0.825692,0.854278,0.778255,0.659462,0.92527,0.847524,0.879215,0.812788,0.648949,0.833152,0.745275,0.782246,1.005927,0.443155,0.878759,0.577353,0.980392,117.4787
2016Q2,0.906414,0.797866,1.146345,0.833001,0.824222,0.803601,1.120981,0.799252,0.839064,0.830712,0.84773,0.837744,0.799941,0.891418,0.902589,1.162357,0.756331,0.906108,0.815089,1.035842,0.951341,1.047896,0.833089,0.799918,0.865728,0.881978,0.806476,0.712429,0.943233,0.878925,0.824951,0.821652,0.948085,0.859441,0.768309,0.8084,1.023925,0.458585,0.886138,0.578458,0.993096,118.5345
2016Q3,0.958785,0.844149,1.083165,0.888778,0.846186,0.835153,1.072806,0.790424,0.832267,0.823097,0.842136,0.836359,0.792725,0.87967,,1.166883,0.748951,0.947647,0.818983,1.004834,0.946805,1.058542,0.853995,0.812035,0.867139,0.881416,0.804478,0.715224,0.959335,0.916969,0.885296,0.827232,0.891013,0.857692,0.756277,0.796578,1.027985,0.448432,0.893538,0.580941,0.998895,119.9466
2016Q4,0.941691,0.956944,1.111724,0.916667,0.849914,0.887412,1.09161,0.766272,0.808082,0.80719,0.815713,0.823696,0.779763,0.856055,,1.177462,0.726624,0.96124,0.797008,0.997948,0.924593,1.046755,0.835969,0.840063,0.856978,0.861187,0.786226,0.761305,0.990226,0.949879,0.911939,0.79701,0.631893,0.864058,0.734004,0.782648,1.030857,0.396227,0.902087,0.600343,1.001933,122.2491
2017Q1,0.936473,1.054037,1.13793,0.971116,0.878018,0.898258,1.11142,0.774165,0.808891,0.798061,0.805375,0.830708,0.790611,0.861243,,1.182188,0.733256,0.976018,0.779159,1.077768,0.946218,1.034377,0.838701,0.87048,0.867628,0.872318,0.800955,0.787332,1.059511,0.983696,0.872032,0.805048,0.762601,0.872784,0.735972,0.805914,1.042808,0.351178,0.927054,0.614792,1.009942,124.1827
2017Q2,0.936863,0.984045,1.159518,0.941899,0.868058,0.939671,1.129955,0.800543,0.835821,0.816387,0.825965,0.863068,0.815499,0.878386,,1.17617,0.756783,0.984414,0.793512,1.109983,0.972441,1.043585,0.844864,0.872877,0.91132,0.892421,0.81337,0.739197,1.073883,0.969203,0.796847,0.845658,1.115037,0.865687,0.765132,0.814617,1.051777,0.369036,0.920999,0.605821,1.009942,123.5975
2017Q3,0.919872,1.003898,1.15169,0.915671,0.87966,0.988971,1.106864,0.852145,0.889981,0.862219,0.890914,0.927423,0.868455,0.92868,,1.179568,0.807124,0.9718,0.815838,1.119853,1.035501,1.0398,0.853762,0.883577,0.943355,0.900464,0.863482,0.792948,1.09371,1.021135,0.835992,0.901237,1.057637,0.875951,0.820491,0.871187,1.063593,0.388332,0.928011,0.619711,1.019056,122.5671
2017Q4,0.957142,1.005,1.242789,0.956175,0.898324,1.01165,1.150533,0.862304,0.895429,0.887023,0.905153,0.939394,0.887902,0.936173,,1.195452,0.803646,1.001871,0.782233,1.146789,1.051759,1.025254,0.86223,0.903319,0.937944,0.932146,0.871445,0.882629,1.099969,1.100845,0.901871,0.89939,0.808193,0.899129,0.82898,0.86683,1.077861,0.361382,0.943487,0.617485,1.030931,123.5466
2018Q1,0.985762,1.078521,1.35448,0.987716,0.929581,1.008692,1.209275,0.91062,0.939295,0.962032,0.95151,0.980634,0.941318,0.977103,,1.19903,0.842012,1.037945,0.853469,1.195935,1.113553,1.0575,0.888798,0.917993,0.960568,0.98764,0.923329,0.955528,1.122404,1.12651,0.838875,0.959796,0.870841,0.917633,0.869316,0.912901,1.093479,0.372241,0.959819,0.613898,1.043082,124.1191
2018Q2,1.043886,1.057596,1.296233,1.00664,0.932297,0.998831,1.219598,0.884892,0.914961,0.939069,0.924286,0.953868,0.93827,0.952361,,1.19796,0.816465,1.055992,0.816819,1.169714,1.086531,1.152102,0.881838,0.922467,0.967101,0.985341,0.89897,0.939137,1.114691,1.11564,0.770937,0.907392,1.321349,0.932318,0.839935,0.890831,1.099204,0.321669,0.960677,0.59235,1.05689,125.4166
2018Q3,0.990487,1.059365,1.230709,0.998008,0.931138,0.972209,1.128121,0.869127,0.897868,0.910369,0.913452,0.942102,0.922878,0.939307,,1.205227,0.796905,1.046529,0.835187,1.13325,1.073972,1.134385,0.870098,0.920389,0.989638,0.967923,0.890749,0.982828,1.095744,1.052838,0.818149,0.905903,1.313477,0.937897,0.823244,0.885997,1.095569,0.242789,0.95266,0.555661,1.054957,124.577
2018Q4,0.946088,1.085072,1.236737,0.992364,0.91837,0.963335,1.181067,0.855999,0.881453,0.909624,0.902235,0.919041,0.900391,0.922593,,1.22049,0.783726,1.008327,0.809601,1.067024,1.056874,1.099514,0.861505,0.893954,0.963014,0.954662,0.863445,0.946882,1.079071,1.036232,0.856247,0.895465,1.004501,0.923876,0.806813,0.870636,1.092878,0.241513,0.937161,0.559078,1.051919,124.03
2019Q1,0.948184,1.1265,1.265602,0.953851,0.899997,0.965307,1.195349,0.85464,0.876608,0.909059,0.892312,0.904356,0.889057,0.91659,,1.222052,0.78019,1.01916,0.79821,1.128713,1.063652,1.001218,0.856064,0.860082,0.970498,0.959136,0.867397,0.877702,1.069196,1.030797,0.822959,0.889451,0.825577,0.911129,0.800204,0.865501,1.095766,0.247268,0.914196,0.553161,1.045015,128.5333
2019Q2,0.935158,1.148317,1.273252,0.971448,0.897162,0.937699,1.18771,0.845912,0.868959,0.911955,0.874761,0.906539,0.882886,0.907356,,1.221846,0.769056,1.035468,0.79075,1.131191,1.069831,0.994251,0.856283,0.845246,0.986789,0.952377,0.85562,0.828582,1.073026,1.055556,0.771789,0.887654,1.275101,0.912529,0.793741,0.852941,1.10122,0.225662,0.90661,0.53741,1.048882,128.0753
2019Q3,0.920591,1.138933,1.179627,0.972444,0.888053,0.912062,1.125833,0.832328,0.858492,0.915411,0.871276,0.890316,0.86737,0.894997,,1.218694,0.758648,1.020526,0.78251,1.135846,1.055789,0.996849,0.854189,0.822939,0.976139,0.953162,0.836245,0.753846,1.067365,1.05465,0.802802,0.886274,1.270181,0.907143,0.781544,0.836744,1.100003,0.230661,0.897369,0.508927,1.040597,127.8209
2019Q4,0.920344,1.077503,1.215167,0.936587,0.896573,0.892342,1.163764,0.828695,0.855926,0.910642,0.881978,0.878529,0.865584,0.896853,,1.21854,0.754321,1.033321,0.783066,1.137411,1.063852,0.973315,0.843151,0.807604,0.980111,0.956606,0.824118,0.789617,1.094169,1.043176,0.874057,0.892289,0.981377,0.888013,0.779303,0.833449,1.097264,0.225285,0.891788,0.541997,1.036454,128.1771
2020Q1,0.929713,1.063801,1.223724,0.920983,0.878573,0.881496,1.153564,0.82109,0.852146,0.925849,0.871148,0.85794,0.834458,0.891399,,1.225288,0.747405,0.988268,0.743552,1.128987,1.051702,0.958555,0.840202,0.789184,0.961546,0.958723,0.820706,0.658669,1.075417,1.040761,0.837698,0.862181,0.745381,0.859562,0.769507,0.803382,1.092192,0.21308,0.885991,0.559375,1.028998,127.8209
2020Q2,0.865837,1.034895,1.005115,0.851926,0.795713,0.913048,1.220455,0.805992,0.841704,0.890858,0.855476,0.81883,0.801978,0.873747,,1.224127,0.727209,0.872653,0.743637,1.061447,1.039595,0.977103,0.827546,0.753163,0.864088,0.884118,0.782904,0.50394,1.071059,0.987621,0.766716,0.851023,0.859361,0.799297,0.752797,0.797205,1.077873,0.185063,0.856383,0.511485,0.985087,125.5947
2020Q3,0.888889,1.070797,1.150297,0.875166,0.869949,0.995873,1.14862,0.856108,0.893282,0.941219,0.900216,0.879052,0.859848,1.005148,,1.222526,0.770436,0.944342,0.775328,1.095957,1.104516,0.949989,0.844034,0.778083,0.921394,0.899038,0.83976,0.601098,1.053981,1.11715,0.798588,0.920185,0.958909,0.832616,0.806195,0.845672,1.092543,0.180709,0.875989,0.52285,1.011875,125.811
2020Q4,0.935507,1.154438,1.290935,0.928619,0.900597,1.093489,1.230959,0.877013,0.914813,0.992188,0.93468,0.906976,0.8784,1.028888,,1.227923,0.786159,0.974229,0.789322,1.131742,1.135842,1.032409,0.85926,0.80576,0.963273,0.934908,0.853753,0.689504,1.087838,1.191123,0.910465,0.958741,0.839189,0.837715,0.82183,0.876938,1.098795,0.167291,0.897057,0.542461,1.028721,126.4852
2021Q1,1.049515,1.357446,1.382636,1.050465,0.98971,1.150677,1.223081,0.913894,0.94085,1.042737,0.967932,0.951295,0.926512,1.069315,,1.238661,0.807421,1.070146,0.777621,1.183943,1.200355,1.037645,0.87235,0.857879,1.000173,0.984881,0.907144,0.856766,1.131797,1.319143,0.876105,0.959202,0.896097,0.884592,0.844711,0.9197,1.114363,0.187012,0.940494,0.671425,1.08865,127.4393
2021Q2,1.133835,1.532132,1.531228,1.168991,1.074171,1.255195,1.331577,0.949186,0.961057,1.07775,1.00318,0.995849,0.974739,1.090289,,1.282028,0.83051,1.083994,0.782311,1.206806,1.23201,1.085898,0.886597,0.92022,1.034194,1.015708,0.947624,0.946704,1.219674,1.409722,0.813459,1.0082,1.185885,0.936737,0.87514,0.976017,1.122788,0.16841,0.977726,0.696588,1.147473,129.0803
2021Q3,1.164201,1.551811,1.518825,1.23672,1.089869,1.281817,1.308179,0.96668,0.965591,1.054786,1.017089,1.029726,1.020155,1.092169,,1.292877,0.839765,1.108308,0.817912,1.240799,1.245035,1.083864,0.895439,0.947225,1.051636,1.036628,0.957083,1.189163,1.248178,1.428442,0.819101,1.012581,1.462389,0.971411,0.878705,1.009935,1.126068,0.171051,1.004213,0.623046,1.180061,130.505
2021Q4,1.179384,1.59212,1.666699,1.174967,1.136101,1.324216,1.380419,0.970083,0.96628,1.056795,1.020814,1.048038,1.033957,1.109736,,1.331678,0.838898,1.169009,0.804976,1.309513,1.242301,1.124564,0.893994,0.950817,1.04801,1.067728,0.967348,1.735892,1.272119,1.508756,0.911631,1.009428,1.451729,1.010197,0.884431,1.006684,1.139394,0.132677,1.028228,0.699236,1.20464,132.6167
2022Q1,1.284332,1.811777,1.835182,1.246016,1.218987,1.311398,1.392384,0.99944,0.992254,1.050325,1.064891,1.08415,1.084276,1.13994,,1.359413,0.853228,1.227932,0.763684,1.323851,1.316875,1.169514,0.895246,0.967078,1.089399,1.117116,1.021684,1.878292,1.332821,1.512379,0.898454,1.034544,,1.060588,0.915059,1.017464,1.158993,0.109996,1.05223,0.71307,1.27092,135.886
2022Q2,1.391437,1.96995,1.849505,1.409695,1.312971,1.349852,1.45117,1.004385,0.984644,1.06615,1.064628,1.120861,1.150261,1.130768,,1.370558,0.836705,1.264444,0.733203,1.319773,1.320261,1.214121,0.880794,1.006399,1.134962,1.159212,1.039278,1.823802,1.330118,1.483998,0.846398,1.056637,,1.141665,0.920242,1.051641,1.180836,0.101899,1.074061,0.7333,1.359293,140.3893
2022Q3,1.311288,1.813727,1.84965,1.343958,1.250631,1.310412,1.400521,0.984233,0.968872,1.0578,1.025404,1.102448,1.087083,,,1.389792,0.810252,1.161907,0.705758,1.229271,1.271391,1.155452,0.848809,0.93878,1.11421,1.147442,0.999069,2.308438,1.289779,1.415157,0.831026,1.004987,,1.073696,0.873635,1.002988,1.176425,0.08709,1.029006,0.57884,1.313449,142.0557
2022Q4,1.281476,1.730197,1.788797,1.264608,1.179934,1.317314,1.412913,0.988797,0.963722,1.083062,1.063061,1.12433,1.07922,,,1.39831,0.817142,1.091727,0.739439,1.19603,1.305243,1.111517,0.829421,0.896535,1.121032,1.108168,1.009972,1.642544,1.260835,1.355978,0.906439,1.046964,,1.020242,0.881425,1.002695,1.175566,0.082406,0.99908,0.583838,1.276443,137.2726
2023Q1,1.250575,1.833714,1.688424,1.249668,1.158311,1.398167,1.374722,1.053117,1.002435,1.121873,1.12963,1.16539,1.096681,,,1.415378,0.870816,1.088558,0.735718,1.198348,1.403137,1.097547,0.853464,0.883281,1.156434,1.112751,1.036321,1.346309,1.22929,1.429348,0.893311,1.110644,,1.013312,0.937796,1.005714,1.182005,0.084473,0.987772,0.603751,1.253521,135.4535
2023Q2,1.221359,1.635522,1.533215,1.234064,1.10922,1.297593,1.355824,1.053098,1.007138,1.137644,1.129269,1.16289,1.077086,,,1.427972,0.883936,1.100585,0.744712,1.177634,1.415948,1.120425,0.844636,0.855646,1.199407,1.076115,1.022446,1.186426,1.197156,1.387379,0.830799,1.117518,,1.01351,0.942078,0.99078,1.183294,0.076768,0.971769,0.628721,1.231428,139.4352
2023Q3,1.155367,1.554187,1.409883,1.198207,1.128245,1.227586,1.227413,1.036365,1.003631,1.113205,1.126962,1.164948,1.055364,,,1.445375,0.872484,1.122959,0.743761,,1.411483,1.047102,0.829828,0.863843,1.253058,1.059218,1.015916,1.166188,,1.400664,0.853649,0.971921,,1.033872,0.941047,0.981644,1.189743,0.057198,0.967194,0.646677,1.233637,138.99
2023Q4,1.129869,,,,,,,,,,,1.136395,,,,,,,,,,,0.822229,0.864429,,,,,,,,,,,,,,,0.969004,,1.229495,
