Unnamed: 0,Albania,Advanced Economies,Armenia,Australia,Austria,Burundi,Belgium,Bangladesh,Bulgaria,Bahrain,Bosnia and Herzegovina,Belarus,Belize,Bolivia,Brazil,Botswana,Canada,Chile,China,Colombia,Costa Rica,Cyprus,Czech Republic,Germany,Dominica,Denmark,Dominican Republic,Algeria,EMDE East Asia & Pacific,EMDE Europe & Central Asia,"Egypt, Arab Rep.",Emerging Market and Developing Economies (EMDEs),Spain,Estonia,Finland,France,Gabon,United Kingdom,Georgia,Greece,Guatemala,High Income Countries,"Hong Kong SAR, China",Honduras,Croatia,Hungary,Indonesia,India,Ireland,Iceland,Israel,Italy,Jamaica,Jordan,Japan,Kazakhstan,Kenya,Kyrgyz Republic,"Korea, Rep.",Kuwait,EMDE Latin America & Caribbean,Lebanon,Low-Income Countries (LIC),Sri Lanka,Lithuania,Luxembourg,Latvia,Morocco,"Moldova, Rep.",Maldives,Mexico,Middle-Income Countries (MIC),North Macedonia,Myanmar,Mongolia,EMDE Middle East & N. Africa,Mauritius,Malawi,Malaysia,Nigeria,Nicaragua,Netherlands,Norway,New Zealand,Oman,Pakistan,Panama,Peru,Philippines,Poland,Portugal,Paraguay,Qatar,Romania,Russian Federation,EMDE South Asia,Saudi Arabia,Singapore,El Salvador,EMDE Sub-Saharan Africa,Slovakia,Slovenia,Sweden,Seychelles,Thailand,Tunisia,Turkey,"Taiwan, China","Tanzania, United Rep.",Uganda,Ukraine,Uruguay,United States,"Venezuela, RB",Viet Nam,World (WBG members),Samoa,South Africa,Zambia
,,,,,,,,,,,,,,,,,,,,,,,,,,,,,,,,,,,,,,,,,,,,,,,,,,,,,,,,,,,,,,,,,,,,,,,,,,,,,,,,,,,,,,,,,,,,,,,,,,,,,,,,,,,,,,,,,,,,,,,
1994.0,0.391281,,,0.227936,0.317686,,0.110908,,,,,,,,1.185084,,0.0811,3.25939,0.461784,,0.218296,,0.417954,0.21933,,,,,0.459371,,1.43625,0.096658,0.47572,0.298569,0.440003,0.12973,,0.184941,,,,,,,0.280621,0.464249,0.413305,0.872495,0.232092,0.221769,,0.222035,0.184064,,0.442573,,,,0.250438,,,,,,0.18034,,,,,,,0.467302,,,,,,,0.446117,,0.199084,,0.694627,0.313087,,,,1.265551,0.336556,,0.606032,,,1.941821,0.129138,0.825378,0.333916,0.826955,,,0.338652,0.317996,0.457562,,0.556002,0.225662,,,,,,,0.115599,,,0.17814,,,
1995.0,0.321049,,,0.208568,0.30253,,0.108535,,0.263832,,,,,,1.036457,,0.090199,2.552481,0.572624,,0.247772,,0.554558,0.205385,,,,,0.45667,,1.495694,0.116023,0.308771,0.25991,0.353643,0.110639,,0.162631,0.421857,,,,,,0.271017,0.781929,0.364102,0.635439,0.249186,0.194042,,0.177062,0.153063,,0.542592,,,,0.241684,,,,,,0.146542,,,,,,0.217475,0.462939,,,,,,,0.320355,,0.180612,,0.684274,0.316492,,,,1.0169,0.293679,,0.512782,0.12087,,0.771328,0.275691,0.573773,0.324994,0.779261,,,0.511504,0.303982,0.379153,,0.52334,0.205615,,,,,,,0.121759,,,0.193343,,,
1996.0,0.302512,,,0.237223,0.355479,,0.108331,,0.078558,,,,,,1.132093,,0.117618,2.119333,0.766953,,0.214179,,0.447489,0.198566,,,,,0.552557,,1.449085,0.116967,0.494773,0.2304,0.227105,0.109532,,0.142811,0.259585,,,,0.321544,,0.314495,0.53549,0.449321,0.634617,0.223679,0.243485,,0.250541,0.236925,,0.622752,0.458799,,,0.220468,,0.678747,,,,0.123155,,,,,,0.196092,0.508565,,,,,,,0.359446,,0.185048,0.160678,0.746544,0.403854,,,,1.225554,0.362854,,0.486175,0.097235,,0.56868,0.224685,0.539746,0.545628,0.816735,,,0.41369,0.339727,0.290946,,0.53545,0.248976,,,,,0.111576,,0.09746,,,0.194162,,,
1997.0,0.633393,0.291457,,0.274096,0.316162,,0.106448,,0.430814,,,,,0.645633,0.865889,,0.089224,2.164093,1.000907,,0.229542,,0.360204,0.189128,,0.4318,,,0.589398,,1.539477,0.131408,0.577199,0.224182,0.277493,0.130724,,0.108635,0.201775,,,0.163936,0.445382,,0.286726,0.398236,0.416252,0.659739,0.17604,0.20636,,0.312064,0.178885,,0.651615,0.540117,,,0.140859,,0.605546,,,,0.144238,,,,,,0.255694,0.513571,,,,,,,0.274835,,0.267459,0.151327,0.656175,0.306268,,,,1.304083,0.244702,,0.478109,0.09263,,0.473473,0.248506,0.573797,0.543192,0.899878,0.390198,,0.353554,0.46861,0.167981,,0.424593,0.254054,,,,,0.137796,,0.08202,,,0.203625,,,
1998.0,0.480174,0.298143,,0.242538,0.342372,,0.114842,,0.588817,,,,,0.599441,0.75723,,0.114381,1.881766,1.062016,,0.159013,,0.443961,0.170876,,0.331706,,,0.779778,,1.223589,0.144057,0.425481,0.213568,0.301986,0.174138,,0.104611,0.141925,,,0.174333,0.483888,,0.345852,0.363595,0.858045,0.699389,0.212448,0.186866,,0.16038,0.178282,,0.768846,0.461261,,,0.555922,,0.511166,,,,0.194903,,,,,,0.240736,0.562047,,,,,,,0.448284,,0.239143,0.123771,0.509629,0.336671,,,,1.211267,0.364776,0.605437,0.433746,0.121987,,0.261602,0.210437,0.602168,0.472499,1.215627,0.444683,,0.315584,0.466095,0.209435,,0.686584,0.225805,,,,,0.053961,,0.093923,,,0.217467,,,
1999.0,0.440481,0.289854,,0.326749,0.226099,,0.068839,,0.579849,,,,,0.696487,0.722282,,0.128236,1.887052,0.953492,,0.231336,,0.458143,0.140286,,0.505948,,,0.774591,0.424161,0.98525,0.150007,0.235005,0.258438,0.262287,0.153878,,0.127186,0.196345,,,0.172581,0.537311,,0.376427,0.394008,1.134526,0.743919,0.112916,0.207937,,0.119017,0.157194,,0.92549,0.538222,,,0.618618,,0.464405,,,,0.21742,0.007415,,,,,0.217197,0.61018,,,,,,,0.472469,,0.276082,0.056449,0.698784,0.312362,,,,1.340898,0.489062,0.597713,0.221041,0.263261,,0.190674,0.335342,0.64661,0.640306,1.149675,0.481007,,0.428222,0.392812,0.221987,,0.692384,0.269525,,,,,0.092827,,0.071525,,,0.218526,,,
2000.0,0.581966,0.280174,0.361703,0.269049,0.215247,0.229544,0.058529,,0.572048,0.000352,0.148663,,0.269486,0.633547,0.578812,2.770503,0.131991,1.540136,0.745684,,0.237863,,0.408982,0.125048,0.200179,0.34273,,,0.614313,0.461728,1.018613,0.126345,0.207453,0.211159,0.236788,0.135892,0.137733,0.138079,0.158107,,0.295614,0.156594,0.50564,0.304859,0.43063,0.351668,0.879509,0.777292,0.105924,0.165073,0.66081,0.122257,0.303063,1.436403,0.939198,0.417072,0.429489,0.403351,0.59947,1.007246,0.396947,1.022071,,,0.243307,0.007456,0.339724,0.429591,,0.316094,0.192724,0.53632,0.200021,0.097821,,,,0.459978,0.350711,1.058754,0.275392,0.051788,0.803681,0.284026,,,0.211663,1.162223,0.436086,0.558871,0.231808,0.189067,,0.161808,0.667324,0.672304,0.677167,1.028185,0.383219,,0.46696,0.305698,0.205813,0.11667,0.52867,0.207218,0.429046,0.767334,0.652024,0.643351,0.105978,0.716444,0.05632,0.931108,0.221957,0.197188,0.605982,,0.231412
2001.0,0.570571,0.301695,0.369957,0.296851,0.184147,0.127675,0.065,,0.534756,0.000396,0.369036,,0.250085,0.660953,0.631753,3.220322,0.150596,1.317749,0.88173,,0.251958,,0.395969,0.115733,0.2401,0.389469,,1.799534,0.70847,0.484264,1.101852,0.146851,0.19686,0.191884,0.250123,0.119289,0.007054,0.129896,0.214785,,0.337635,0.168233,0.549774,0.322326,0.50243,0.318814,0.898888,0.955774,0.110537,0.162877,0.714144,0.11792,0.54733,1.261271,1.133635,0.393455,0.411452,0.494554,0.726768,1.272558,0.427557,0.743927,4.557425,,0.265713,0.009645,0.413165,0.787652,,0.244846,0.242529,0.619898,0.430045,0.147283,0.259363,0.030526,,0.369139,0.404904,0.892478,0.215838,0.049312,0.707203,0.267919,,,0.366028,1.223506,0.475265,0.526495,0.251863,0.195036,,0.145368,0.718165,0.841885,0.590624,1.190687,0.340959,,0.404657,0.437601,0.221122,0.07754,0.533591,0.209041,0.477826,1.12627,0.680549,1.008227,0.195894,1.013126,0.060552,0.594996,0.229631,0.217848,0.440155,,0.174923
2002.0,0.571284,0.338443,0.446916,0.299674,0.139547,0.453378,0.061679,,0.660643,0.000355,0.336205,0.069789,0.219414,0.505075,0.782495,2.263522,0.163112,1.382183,0.991064,,0.251748,,0.582345,0.115033,0.222147,0.551894,,1.920309,0.790452,0.529194,1.150039,0.157718,0.215682,0.203258,0.277651,0.105778,0.12436,0.142995,0.253943,0.264284,0.312099,0.178143,0.539767,0.341323,0.545179,0.274994,1.023698,1.259121,0.104586,0.211782,0.73971,0.130859,0.446801,1.457034,1.367922,0.484095,0.492598,0.543591,0.797341,1.03743,0.484189,1.18836,4.983544,,0.321062,0.013337,0.372378,0.853534,,0.346736,0.284622,0.712929,0.353928,0.205764,0.354169,0.030534,,0.238097,0.423836,0.59595,0.256146,0.052467,0.918148,0.330418,,0.809126,0.390381,1.310945,0.41868,0.540781,0.283257,0.17481,,0.134346,0.823399,1.126742,0.670799,1.206144,0.306548,,0.773626,0.633273,0.256661,0.162059,0.602791,0.240027,0.546478,1.422501,0.925101,0.899565,0.264358,0.390835,0.069306,0.765584,0.212405,0.236469,0.464308,,0.514446
2003.0,0.550863,0.356137,0.40377,0.381252,0.098288,0.430468,0.048582,,0.677976,0.000338,0.370046,0.052185,0.077152,0.676725,0.997604,2.182406,0.148099,1.48174,0.990938,,0.288854,,0.526263,0.093346,0.238902,0.659418,,2.445947,0.83035,0.56434,1.334686,0.186767,0.099153,0.208024,0.254525,0.095092,0.14881,0.131358,0.17327,0.10264,0.348169,0.194627,0.509695,0.292828,0.562616,0.268088,1.113759,1.422576,0.074449,0.305849,0.781005,0.115993,0.313901,1.592983,1.73301,0.597793,0.508758,0.550654,0.870049,0.702115,0.577009,1.814204,4.871851,,0.357781,0.02072,0.300121,0.971281,,0.345417,0.336844,0.783103,0.381474,0.274554,0.267084,0.035884,,0.154567,0.531821,0.458626,0.267015,0.050004,0.93039,0.328339,,0.950919,0.324128,1.243834,0.421878,0.501403,0.133839,0.289468,,0.104275,1.056207,1.281887,0.639763,1.182903,0.331559,,0.738652,0.612931,0.237494,0.156486,0.555251,0.269392,0.509337,1.602762,,0.904268,0.303392,0.951599,0.07041,2.008348,0.24967,0.26216,0.612139,,0.165128
2004.0,0.595819,0.344027,0.43277,0.346414,0.074166,0.372435,0.037754,,0.696531,0.000305,0.404548,0.04669,0.093593,0.677949,0.831675,1.7426,0.12329,1.225877,1.093236,,0.278562,,0.417497,0.076622,0.186556,0.590646,,2.387474,0.896339,0.584309,1.202994,0.202154,0.05163,0.212229,0.242933,0.092868,0.272885,0.123056,0.212334,0.024585,0.362919,0.187148,0.454965,0.338439,0.514121,0.264264,0.780446,1.315036,0.044277,0.305779,0.672647,0.090457,0.473043,1.134913,1.835669,0.730711,0.456395,0.607257,0.886918,0.663046,0.525541,1.303271,5.232669,,0.290562,0.017801,0.28697,0.921845,,0.32304,0.313077,0.816833,0.329195,0.31657,0.215143,0.036533,,0.137658,0.63133,1.145923,0.304324,0.039734,0.9145,0.299531,,0.618986,0.175949,1.292278,0.369208,0.412197,0.097544,0.290169,,0.139662,1.331776,1.141095,0.608235,1.047631,0.298759,,0.662436,0.500378,0.223405,0.062917,0.528355,0.306591,0.386713,1.422774,,0.919721,0.335805,0.807263,0.061384,1.259637,0.223092,0.264078,0.528619,,0.162044
2005.0,0.547832,0.303304,0.434152,0.355305,0.061196,0.375965,0.027022,,0.521533,0.000257,0.363993,0.069801,0.11831,0.740375,0.721394,1.975573,0.10299,1.082553,1.248109,,0.289715,,0.387348,0.06497,0.182303,0.455218,,2.74884,0.977277,0.658573,1.104658,0.224079,0.036191,0.191725,0.18154,0.067596,0.393327,0.104684,0.19436,0.011782,0.350234,0.169458,0.415235,0.355938,0.467438,0.28294,0.602995,0.961922,0.010826,0.225582,0.631154,0.076563,0.439227,0.885102,1.621076,0.406348,0.413612,0.560669,0.806352,0.565658,0.506537,1.323353,10.61316,,0.246932,0.013791,0.262443,0.794298,0.262527,0.254302,0.310103,0.856597,0.412106,0.410438,0.315977,0.058333,0.430328,0.133016,0.615295,1.336952,0.278758,0.030588,0.846869,0.339754,,0.446479,0.291705,1.171548,0.390682,0.418119,0.064961,0.28518,,0.147069,1.483565,0.834705,2.88657,0.957965,0.268749,,0.569082,0.41752,0.200801,0.073504,0.441862,0.333514,0.449222,1.380781,,0.77169,0.539477,0.794324,0.040178,1.124623,0.249987,0.256738,0.415168,,0.225869
2006.0,0.593176,0.286505,0.494769,0.404489,0.057316,0.303559,0.025996,,0.543119,0.000311,0.506553,0.049188,0.170887,1.098355,0.930777,2.581012,0.098119,1.01454,1.35164,,0.340755,,0.337095,0.051515,0.20889,0.354292,,3.596369,1.077295,0.779141,1.266533,0.255116,0.035343,0.208098,0.094873,0.088677,0.57092,0.095951,0.255637,0.011231,0.32966,0.163488,0.398046,0.360102,0.532348,0.279874,0.698303,0.996067,0.009095,0.39781,0.61639,0.067275,0.4097,0.99393,1.524606,0.818798,0.456497,0.48496,0.772345,0.778434,0.515028,1.473954,9.134953,0.305587,0.297952,0.011367,0.383916,0.870956,0.29044,0.253207,0.264753,0.964557,0.5009,0.490233,0.488553,0.070791,0.366692,0.104504,0.632445,1.75024,0.305871,0.031156,0.88647,0.532759,,0.437087,0.277473,1.168997,0.444431,0.380224,0.038348,0.292449,,0.174006,1.884778,0.851013,3.507393,0.867488,0.2461,,0.348362,0.310595,0.196399,0.135506,0.522318,0.451395,0.453788,1.298715,,0.819516,0.498006,0.641691,0.037052,0.991188,0.30231,0.267174,0.3504,,0.247159
2007.0,0.511148,0.274942,0.511801,0.158318,0.071465,0.552885,0.02614,,0.610458,0.000372,0.511781,0.13902,0.157464,1.490148,1.483786,2.41915,0.105542,0.767617,1.602979,0.681081,0.385217,,0.295345,0.047768,0.157043,0.334845,,4.004898,1.284846,0.860868,1.171997,0.287181,0.031156,0.208114,0.087593,0.081804,0.448033,0.110395,0.263136,0.009822,0.305221,0.152976,0.415075,0.284552,0.528335,0.253682,0.765637,1.202699,0.008722,0.412194,0.509159,0.063972,0.292562,0.934437,1.536187,0.541297,0.507501,0.491412,0.73511,0.814266,0.610522,1.141431,8.410255,0.343872,0.315537,0.006601,0.36717,0.764457,0.363696,0.284572,0.277039,1.13641,0.42147,0.945711,0.466698,0.07636,0.455665,0.158741,0.693497,1.650551,0.307563,0.025398,0.758137,0.560341,0.592018,0.473972,0.282657,1.419068,0.608067,0.396108,0.023596,0.351389,,0.159593,2.163776,1.03346,3.503033,0.883215,0.249337,,0.356537,0.035729,0.178189,0.039249,0.620025,0.412337,0.449998,1.224117,,0.868156,0.537247,0.735701,0.037844,0.588377,0.40143,0.281315,0.399355,,0.281962
2008.0,0.444019,0.250828,0.319509,0.161306,0.053308,0.630353,0.020805,,0.498848,0.000362,0.350911,0.068625,0.197437,1.52656,1.114111,1.74837,0.104735,0.613009,1.720116,0.647091,0.291052,,0.259768,0.041316,0.078233,0.371826,,3.624832,1.308813,0.640129,0.647365,0.320273,0.030912,0.236684,0.076589,0.054331,0.675394,0.087491,0.233902,0.005582,0.307293,0.156785,0.468658,0.236955,0.417286,0.311559,0.40097,0.800295,0.01008,0.621188,0.657346,0.073409,0.209552,0.847423,1.32605,0.528498,0.420338,0.30419,0.462765,0.682518,0.55825,1.289458,6.216439,0.20064,0.205721,0.013104,0.317364,0.525525,0.340119,0.174217,0.276388,1.024058,0.293056,0.875006,0.182233,0.098863,0.373651,0.12289,0.583941,1.128282,0.262966,0.023767,0.562625,0.321076,0.501938,0.217139,0.269357,1.101472,0.661394,0.298093,0.020802,0.286603,,0.115009,1.477171,0.684472,4.017431,0.772942,0.258851,,0.266613,0.027243,0.154131,0.047221,0.621215,0.354471,0.366558,1.206224,,0.569375,0.36999,0.702726,0.038364,0.718542,0.307291,0.290802,0.32975,,0.222995
2009.0,0.522607,0.392633,0.610192,0.246603,0.063275,0.799583,0.045946,0.474194,0.78662,0.000478,0.523928,0.171031,0.328679,1.895376,1.845365,1.826056,0.164857,1.263156,2.413617,0.812083,0.424108,,0.395972,0.071155,0.183685,0.928989,,3.793315,1.894891,1.017441,0.76338,0.482301,0.064326,0.396142,0.161107,0.093232,,0.139214,0.470691,0.023726,0.431154,0.240631,0.737334,0.282675,0.701171,0.571644,0.684573,1.101048,0.02912,1.149176,1.289723,0.120824,0.354963,1.329993,1.863748,0.811667,0.496328,0.523334,0.835353,1.003694,0.843908,1.819496,6.626552,0.521235,0.361811,0.038015,0.710276,0.725438,0.451988,0.285064,0.387695,1.505614,0.458902,1.22034,0.624467,0.132008,0.609766,0.070821,0.782796,1.22401,0.451445,0.04655,0.710522,0.611517,0.685172,0.454786,0.389134,1.578272,1.02514,0.53105,0.04301,0.497331,,0.19553,2.395803,0.985788,4.494736,1.055434,0.407125,,0.034014,0.045225,0.359146,0.204804,1.028997,0.554944,0.531717,1.975658,,0.780335,0.589274,1.158032,0.085952,0.565435,0.236197,0.443964,0.709172,,0.512179
2010.0,0.557531,0.366745,0.492633,0.20037,0.066938,0.654143,0.043153,0.400756,0.683446,0.000619,0.47482,0.100938,0.311963,1.748044,1.577053,1.378273,0.141904,1.069182,2.058197,0.746995,0.400422,,0.336043,0.064555,0.127942,0.892969,0.248056,3.992791,1.646851,0.907775,0.682151,0.497379,0.062253,0.206224,0.107919,0.101081,,0.149649,0.435772,0.022795,0.40791,0.240065,0.621103,0.299748,0.709901,0.514918,0.709788,0.847011,0.028707,1.574221,1.205681,0.106609,0.407114,1.352979,1.542924,0.921214,0.424499,0.537258,0.685243,0.831926,0.765118,1.778475,6.129278,0.573123,0.283128,0.034825,0.65433,0.664929,0.448895,0.332664,0.377119,1.307331,0.41622,1.218079,0.702522,0.138216,0.580447,0.142837,0.64753,0.646481,0.432765,0.041699,0.690395,0.547244,0.659692,0.459858,0.296633,1.533599,1.134133,0.525708,0.055513,0.338686,,0.178575,1.969664,0.783551,4.213157,0.914054,0.342157,,0.033411,0.039882,0.287795,0.253306,0.929101,0.425042,0.463953,1.501497,,0.612899,0.574778,0.890611,0.07081,0.397559,0.147339,0.44052,0.615719,0.527581,0.397513
2011.0,0.46088,0.344826,0.465255,0.183337,0.062745,0.391038,0.039138,0.253959,0.531729,0.000541,0.390443,0.13304,0.285142,1.522333,1.544382,1.104445,0.14239,1.149193,1.842643,0.627573,0.343997,,0.264217,0.057858,0.148911,0.851715,0.237272,3.882333,1.484602,0.751517,0.292159,0.499031,0.091693,0.011894,0.094249,0.075188,,0.145698,0.400496,0.021539,0.351936,0.242264,0.589578,0.247378,0.628056,0.480945,0.621528,0.638622,0.019083,1.745664,1.028705,0.095403,0.305706,1.012737,1.471212,0.801753,0.409046,0.435112,0.584213,1.034283,0.751893,1.684247,,0.354325,0.258472,0.034413,0.393768,0.462074,0.379479,0.250209,0.406085,1.148087,0.385353,0.787635,0.376898,0.148885,0.526707,0.080623,0.711564,0.499685,0.364179,0.039397,0.545613,0.458616,0.609106,0.387665,0.203225,1.314342,1.245162,0.462864,0.031742,0.298963,,0.147758,1.567598,0.59125,4.179665,0.820002,0.251336,0.77988,0.031779,0.032056,0.249877,0.249625,0.763573,0.317612,0.366583,1.350445,,0.517674,0.385655,0.958611,0.068358,0.23059,0.127036,0.430051,0.403002,0.475876,0.32342
2012.0,0.530965,0.377456,0.421234,0.179496,0.0748,0.405888,0.043159,0.373401,0.626241,0.000606,0.43608,0.126435,0.341999,1.627641,1.653065,0.942531,0.143913,1.159006,1.827101,0.66815,0.45999,,0.317866,0.063297,0.164501,0.944169,0.201415,3.816026,1.469398,0.811599,0.207235,0.518315,0.110295,0.01652,0.111311,0.088963,,0.155134,0.356415,0.023683,0.372833,0.263985,0.627694,0.219528,0.689171,0.472762,0.588129,0.603477,0.019345,0.857926,1.051347,0.111634,0.178115,0.699315,1.385279,0.609539,0.439042,0.372854,0.628675,1.065497,0.796379,1.692992,,0.382488,0.266667,0.036132,0.442456,0.378788,0.480979,0.204477,0.440672,1.163944,0.441488,0.757224,0.606463,0.164262,0.559729,0.086971,0.709444,0.755457,0.322746,0.0433,0.594484,0.459262,0.513731,0.305874,0.19556,1.562439,1.349562,0.547264,0.039344,0.314157,,0.147131,1.600268,0.568538,4.237455,0.812419,0.309558,0.89616,0.033271,0.033272,0.277614,0.250044,0.724392,0.351215,0.503169,1.467372,,0.602397,0.289679,1.161655,0.06725,0.192515,0.223782,0.45666,0.413636,0.486718,0.349597
2013.0,0.568676,0.388953,0.513205,0.214232,0.074563,0.404144,0.041227,0.48174,0.579082,0.000536,0.479528,0.116284,0.443481,1.550218,1.484798,0.922343,0.151781,1.038988,1.956201,0.771347,0.486001,,0.389261,0.061856,0.165791,0.884236,0.279453,3.555653,1.552804,0.774006,0.256784,0.50125,0.107819,0.016948,0.121726,0.083167,,0.161422,0.353264,0.026485,0.400564,0.255215,0.595206,0.272489,0.781134,0.468333,0.532077,0.632019,0.019091,0.828465,1.150253,0.114618,0.167825,0.978722,1.487694,0.505635,0.517424,0.369667,0.672268,1.008363,0.779,1.687251,,0.415909,0.23156,0.03678,0.453082,0.412963,0.512084,0.219539,0.46285,1.211876,0.412502,0.697851,0.353433,0.150979,0.637887,0.145892,0.654921,0.76721,0.35184,0.043251,0.647821,0.412119,0.46237,0.161273,0.21878,1.551988,1.334232,0.511524,0.045426,0.375385,5.189453,0.147752,1.48826,0.587947,4.321172,0.881146,0.255473,0.896076,0.027017,0.03115,0.377483,0.307595,0.670299,0.313286,0.520934,1.512345,,0.678257,0.265237,1.397488,0.065079,0.146533,0.196617,0.454278,0.395621,0.478971,0.266264
2014.0,0.506402,0.38371,0.337222,0.223111,0.084501,0.410537,0.03745,0.5356,0.576316,0.000498,0.447089,0.086157,0.507023,1.437697,1.57254,1.033078,0.157021,0.961758,1.974525,0.775598,0.464,0.046598,0.352853,0.056016,0.171396,0.735214,0.281704,3.07146,1.561371,0.674957,0.20795,0.433806,0.113607,0.024184,0.115151,0.081705,,0.163242,0.314023,0.033225,0.387241,0.228585,0.604038,0.310139,0.647208,0.404352,0.627662,0.693639,0.018537,0.765579,1.205224,0.109052,0.34223,1.077443,1.515924,0.705068,0.530169,0.343054,0.692253,1.04058,0.801792,1.866188,,0.422846,0.253929,0.032311,0.17378,0.443629,0.404672,0.314834,0.483266,1.197687,0.410162,0.257733,0.314764,0.11857,0.692473,0.214527,0.555302,0.575354,0.387695,0.037483,0.723934,0.373039,0.558148,0.300288,0.293954,1.519718,1.218184,0.449149,0.070079,0.462188,3.480199,0.125884,1.243202,0.651566,4.213674,0.894689,0.256103,0.822441,0.033558,0.034316,0.356708,0.363681,0.689778,0.309183,0.524924,1.49969,,0.647133,0.136962,1.533176,0.056178,,0.23102,0.413076,0.264187,0.492102,0.319632
2015.0,0.722015,0.445697,0.548214,0.215141,0.088506,0.187322,0.044439,0.695909,0.752824,0.000273,0.53261,0.092818,0.438509,1.335375,2.054665,1.04172,0.185567,0.936483,2.020229,0.903719,0.531699,0.04949,0.455676,0.060508,0.202514,0.739569,0.311627,2.800751,1.575031,0.800757,0.221224,0.401607,0.147068,0.028549,0.139044,0.106709,,0.2223,0.343396,0.050518,0.426903,0.23692,0.686259,0.333843,0.697904,0.364588,0.741908,0.890979,0.0259,0.936364,1.480662,0.123836,0.483454,1.2446,1.863438,0.898281,0.608541,0.430009,0.843476,0.91751,0.843207,2.101105,,0.385359,0.059996,0.035693,0.228785,0.597609,0.438254,0.303284,0.447258,1.261804,0.383594,0.258447,0.34739,0.097563,0.872018,,0.54104,0.505851,0.422224,0.042178,0.751894,0.40147,0.604298,0.441399,0.278519,1.647624,1.135375,0.482023,0.104049,0.473393,3.104585,0.122782,1.902105,0.83253,3.531221,1.132621,0.270701,0.843237,0.040226,0.033113,0.390112,0.370129,0.775162,0.366749,0.53255,1.816072,,0.610098,0.351961,1.643297,0.053043,,0.170697,0.416858,0.336256,0.534698,0.353173
2016.0,0.665134,0.469673,0.677933,0.269237,0.088896,0.128838,0.040672,0.780793,0.871124,0.000212,0.561571,0.119143,0.395228,1.19461,2.616916,1.170849,0.200232,1.088761,1.931173,1.088784,0.497557,0.0413,0.598794,0.061177,0.342234,0.73498,0.347875,2.434111,1.514808,0.840005,0.356328,0.408216,0.175511,0.02355,0.143378,0.108479,,0.20911,0.376609,0.061182,0.523409,0.252147,0.749029,0.359329,0.631711,0.279751,0.85826,0.993772,0.041216,1.259736,1.465408,0.11921,0.560615,1.247255,1.957716,1.170137,0.678044,0.492684,0.913636,1.011528,0.922393,2.298222,,0.313859,0.095135,0.045823,0.238749,0.601554,0.549817,0.224759,0.45579,1.269256,0.403151,0.295692,0.387205,0.095034,1.043952,,0.560738,0.743482,0.415877,0.033339,0.805637,0.494279,0.876712,0.467538,0.329035,1.759338,0.960406,0.574,0.168745,0.624141,3.23222,0.118483,1.983615,0.911883,3.828984,1.211068,0.329419,1.016161,0.039419,0.027826,0.389386,,0.880722,0.308994,0.533296,1.910715,,0.642718,0.397083,1.65308,0.054233,,0.209491,0.430206,0.253545,0.630115,
2017.0,0.683551,0.470883,0.608242,0.288493,0.061947,,0.041615,0.705871,0.829949,,0.609628,0.161631,0.341609,1.104201,2.353772,1.404782,0.195526,1.00144,1.708869,1.081962,0.44954,0.035647,0.906066,0.055264,0.357739,0.786234,0.382444,,1.361523,0.775477,0.555572,0.376651,0.170388,0.020462,0.12086,0.097721,,0.223771,0.378012,0.061253,,0.24343,0.770415,,0.744469,0.267444,0.829193,0.910052,0.044661,0.934789,1.660608,0.116493,0.579806,1.183397,1.835186,1.045956,0.577661,,0.812912,,0.851898,,,0.379824,0.13832,0.036741,,0.57488,0.58165,0.25296,0.41135,1.163392,0.358773,,0.693817,,1.115319,,0.525689,,0.451891,0.028459,0.796954,0.516154,,0.317536,0.213195,1.648282,0.849808,0.483443,0.137662,0.586699,3.980477,0.111198,1.821505,0.831044,3.693456,1.134843,0.337711,,0.044747,0.028199,0.370566,,0.904749,0.268584,0.460756,,,0.663264,0.380151,1.895758,0.053545,,0.229962,0.409593,0.350737,0.608568,
2018.0,0.653837,0.431299,,0.225376,0.066081,,0.03927,0.580042,0.756205,,0.578821,0.140122,,0.897138,2.027169,1.055894,0.178896,0.827243,1.449242,0.988974,0.453094,0.034511,0.769518,0.049929,,0.669285,0.377896,,1.164813,0.743914,0.528045,0.331369,0.157996,0.03923,0.106235,0.10811,,0.242693,0.351134,0.048363,,0.219753,0.704055,,0.700204,0.267462,0.638383,0.769864,0.046135,0.811279,1.519936,0.110185,0.489583,1.123831,1.655825,0.911871,0.662959,,0.753695,,0.767927,,,0.310269,0.158142,0.036087,,0.475595,0.519122,0.243806,0.376719,1.024695,0.359925,,0.601404,,1.11079,,0.465122,,0.4658,0.025449,0.723899,0.40315,,0.18856,0.160221,1.440866,0.703113,0.434912,0.109745,0.531124,4.057526,0.092126,1.876312,0.697813,3.62513,1.05085,0.311362,,0.057317,0.025643,0.325758,,0.823584,0.230111,0.416638,,,0.499699,0.364561,1.75024,0.050482,,0.234383,0.365732,0.447484,0.555449,
2019.0,0.636963,0.459509,,0.264163,0.058575,,0.042535,0.595238,0.737393,,0.641349,0.179684,,0.659943,1.923682,,0.184216,0.806277,1.507565,1.05789,0.560542,0.041006,0.833814,0.051977,,0.650663,0.433017,,1.223034,0.854375,0.582356,0.378159,0.170514,0.078213,0.123441,0.117694,,0.242406,0.368961,0.050093,,0.244737,0.781929,,0.734633,0.271646,0.753487,0.945481,0.053515,1.011491,,0.125902,0.493574,1.248916,1.78499,0.734978,0.73179,,0.81229,,0.788516,,,0.382793,0.142126,0.041318,,0.516958,0.523145,,0.397138,1.103342,0.384255,,0.708196,,1.309674,,0.50593,,,0.025981,0.777089,0.419948,,0.321766,,1.662864,0.787491,0.484144,0.074863,0.554098,5.213406,0.090212,2.185133,0.861118,3.26935,1.03772,0.383412,,0.079937,0.026405,0.311298,,0.937917,0.339875,0.521402,,,,0.416111,1.754155,0.052999,,,0.407068,,0.624651,
2020.0,0.860523,0.558189,,0.195758,0.0849,,0.050025,0.945087,1.072805,,0.869815,0.172604,,0.752816,2.235995,,0.214933,0.973522,1.568939,1.432086,0.516997,0.047974,0.967815,0.059217,,0.708963,0.626892,,1.325642,0.972637,0.575368,0.424604,0.206272,0.114381,0.155087,0.144666,,0.284306,0.484896,0.094843,,0.286486,0.893598,,0.857285,0.364529,0.961044,1.575531,0.071434,1.103377,,0.155752,0.655854,1.522994,2.12097,0.919424,0.844372,,0.947189,,0.974328,,,0.353112,0.145161,0.046493,,0.797831,0.699302,,0.509954,1.284531,0.468535,,0.852012,,1.697745,,0.564091,,,0.035077,0.918474,0.370706,,0.407316,,2.16105,1.228719,0.591779,0.084905,0.847336,6.337409,0.115255,2.485047,1.390575,3.283987,1.440844,0.299856,,0.111601,0.035445,0.338457,,1.245272,0.494689,0.446434,,,,0.54059,2.137664,0.063995,,,0.471275,,0.798634,
2021.0,0.732416,0.492615,,0.220943,0.087054,,0.055397,0.682039,0.844977,,0.726785,0.152516,,0.500345,1.655381,,0.21156,0.719224,1.232993,1.037325,0.377057,0.082654,0.815849,0.075648,,0.655419,0.537337,,1.043176,0.818972,0.460301,0.37432,0.18868,0.100443,0.162771,0.157037,,0.259678,0.425779,0.106914,,0.265896,0.728086,,0.818509,0.312556,0.740193,1.107621,0.10406,0.908848,,0.159737,0.670399,1.354593,1.75929,0.833121,0.737613,,0.753163,,0.740031,,,0.151997,0.125762,0.104816,,0.608208,0.546192,,0.401008,1.009077,0.361421,,0.635291,,1.304031,,0.490891,,,0.044368,0.852687,0.324093,,0.314199,,1.6373,0.931241,0.485481,0.110451,0.688363,6.19826,0.090039,2.080148,0.982951,2.982427,1.361925,0.227708,,0.093642,0.04616,0.293655,,0.923455,0.382799,0.426763,,,,0.427766,1.650731,0.094747,,,0.416991,,0.616263,
2022.0,0.631334,0.374869,,0.189245,0.077408,,0.046248,0.423375,0.709061,,0.56536,0.159177,,,1.193263,,0.183801,0.472345,1.188577,0.80141,0.400409,0.076508,0.59171,0.067497,,0.720467,0.469871,,0.951713,0.722841,0.369489,0.320961,0.160253,0.083769,0.136694,0.134513,,0.200178,0.363478,0.058454,,0.209321,0.670992,,0.655496,0.259172,0.577598,0.779587,0.08341,0.601829,,0.126805,,1.022046,1.309199,0.703969,0.573467,,0.578274,,0.565669,,,0.103917,0.097915,0.103867,,0.441318,0.484941,,0.329708,0.865067,0.320429,,0.393533,,1.172234,,0.390763,,,0.036875,0.67435,0.2636,,0.138307,,1.291905,0.700347,0.432753,0.092196,0.58101,4.780366,0.08489,2.096986,0.696506,2.424897,0.795123,0.157634,,0.090493,0.038008,0.282899,,0.717895,0.289568,0.375932,,,,0.515352,1.166331,0.080078,,,0.340806,,0.544408,
2023.0,,,,,,,,,,,,,,,,,,,,,,,,,,,,,,,,,,,,,,,,,,,,,,,,,,,,,,,,,,,,,,,,,,,,,,,,,,,,,,,,,,,,,,,,,,,,,,,,,,,,,,,,,,,,,,,,,,,,,,,
