Unnamed: 0,Albania,Argentina,Australia,Austria,Belgium,Bulgaria,Bahrain,Bosnia and Herzegovina,Belarus,Bolivia,Brazil,Botswana,Canada,Switzerland,Chile,China,Cameroon,Colombia,Costa Rica,Cyprus,Czech Republic,Germany,Denmark,Ecuador,"Egypt, Arab Rep.",Spain,Estonia,Finland,France,United Kingdom,Ghana,Greece,Guatemala,"Hong Kong SAR, China",Honduras,Croatia,Hungary,Indonesia,India,Ireland,Iceland,Israel,Italy,Jordan,Japan,Kazakhstan,Kenya,"Korea, Rep.",Kuwait,Sri Lanka,Lithuania,Luxembourg,Latvia,Morocco,Mexico,North Macedonia,Malta,Mongolia,Malaysia,Nigeria,Nicaragua,Netherlands,Norway,New Zealand,Peru,Philippines,Poland,Portugal,Paraguay,Romania,Russian Federation,Saudi Arabia,Singapore,Serbia,Slovakia,Slovenia,Sweden,Thailand,Tunisia,Turkey,"Taiwan, China",Ukraine,Uruguay,United States,South Africa
,,,,,,,,,,,,,,,,,,,,,,,,,,,,,,,,,,,,,,,,,,,,,,,,,,,,,,,,,,,,,,,,,,,,,,,,,,,,,,,,,,,,,
1994Q1,,0.635635,0.501645,,,,,,,1.467776,0.123187,0.153523,0.680429,0.907331,,0.396046,,,0.121154,,,0.794548,0.706166,,,,,0.674778,0.759862,0.611776,,,,0.769951,,,,0.120869,,,,,0.620788,0.397158,1.143042,,,0.580629,,,,,,,0.124037,,,,,,,0.686159,0.428712,0.718567,,0.329061,,,0.144921,,,,0.806523,,,,0.585296,0.767809,,0.006777,0.972158,,,0.650468,0.224378
1994Q2,,0.644039,0.502208,,,,,,,1.489281,0.408431,0.155683,0.68018,0.90925,,0.414661,,,0.122772,,,0.796374,0.706345,,,,,0.683138,0.762358,0.608919,,,,0.780312,,,,0.124134,,,,,0.625641,0.416796,1.146933,,,0.592164,,,,,,,0.126335,,,,,,,0.687771,0.428458,0.718417,,0.337173,,,0.15268,,,,0.812181,,,,0.587775,0.778599,,0.009421,0.971386,,,0.653595,0.225938
1994Q3,,0.629986,0.513144,,,,,,,1.553399,0.736257,0.156721,0.68627,0.908885,,0.430866,,,0.124488,,,0.799585,0.706863,,,,,0.690782,0.763443,0.61065,,,,0.789267,,,,0.130366,,,,,0.62956,0.432406,1.142575,,,0.605161,,,,,,,0.130124,,,,,,,0.691251,0.438973,0.727347,,0.347225,,,0.156252,,,,0.825927,,,,0.591138,0.79161,,0.010014,0.975472,,,0.657365,0.227397
1994Q4,,0.633305,0.50492,,,,,,,1.613844,0.72283,0.166511,0.68981,0.908917,,0.445776,,,0.130513,,,0.8038,0.711723,,,,,0.696266,0.765833,0.619132,,,,0.794126,,,,0.135396,,,,,0.635487,0.443733,1.144242,,,0.608935,,,,,,,0.134382,,,,,,,0.694794,0.433635,0.737032,,0.348027,,,0.15913,,,,0.831123,,,,0.595983,0.809556,,0.012484,0.979225,,,0.660922,0.234643
1995Q1,,0.665618,0.514092,0.727697,0.734561,0.021998,,,,1.640577,0.927748,0.167669,0.694571,0.910137,,0.45884,,,0.146457,0.664405,,0.80789,0.713478,,,0.635239,0.283429,0.70987,0.767628,0.620837,,0.611839,,0.798689,,,0.236081,0.135627,,0.539078,0.37916,0.547338,0.641298,0.429246,1.138992,,,0.621927,,,0.438685,0.529882,0.355912,,0.151108,,,,,,,0.698676,0.449088,0.736229,,0.348943,,0.608642,0.165102,0.086905,0.016733,,0.843283,0.020906,0.518068,0.445624,0.604172,0.826319,,0.015562,0.977918,,,0.664523,0.242769
1995Q2,,0.662645,0.518564,0.730836,0.734426,0.020427,,,,1.676464,0.977718,0.176282,0.698406,0.914158,,0.476008,,,0.143186,0.674368,,0.814081,0.717133,,,0.640496,0.301416,0.713805,0.770064,0.625757,,0.619382,,0.810483,,,0.256462,0.138849,,0.548716,0.373441,0.558924,0.655451,0.427917,1.13673,,,0.63822,,,0.461239,0.555361,0.357508,,0.176309,,,,,,,0.690185,0.447817,0.739438,,0.36018,0.45548,0.611253,0.168225,0.091045,0.021818,,0.844021,0.022905,0.569452,0.457093,0.61217,0.826293,,0.016936,0.985286,,,0.667735,0.248443
1995Q3,,0.647875,0.517788,0.734979,0.737248,0.021609,,,,1.738472,1.01598,0.172129,0.700954,0.917891,,0.489808,,,0.148834,0.67434,,0.817245,0.715861,,,0.644738,0.316732,0.717189,0.772662,0.630219,,0.629715,,0.823483,,,0.268438,0.141435,,0.552919,0.384332,0.576877,0.667117,0.427269,1.137887,,,0.650557,,,0.502342,0.550932,0.367569,,0.187914,,,,,,,0.702754,0.441341,0.743308,,0.375296,0.427025,0.615354,0.173304,0.093359,0.02627,,0.842514,0.026536,0.544854,0.470926,0.616467,0.836211,,0.018718,1.003886,,,0.670998,0.256132
1995Q4,,0.649734,0.52823,0.735363,0.735204,0.023372,,,,1.772566,1.07701,0.164091,0.704549,0.919141,,0.496506,,,0.165245,0.684021,,0.81874,0.721011,,,0.651947,0.335372,0.719871,0.776675,0.637654,,0.639367,,0.831104,,,0.290579,0.146013,,0.554315,0.391205,0.586057,0.677724,0.43931,1.138788,,,0.64422,,,0.518953,0.57242,0.376228,,0.200236,,,,,,,0.703667,0.442174,0.746201,,0.380494,0.416218,0.618437,0.175055,0.100674,0.028266,,0.851217,0.032586,0.53479,0.48629,0.616447,0.839581,,0.022229,1.022978,,,0.674254,0.263982
1996Q1,,0.672845,0.526387,0.735366,0.740587,0.023652,,,,1.853531,1.140816,0.181925,0.707019,0.915967,0.389538,0.50078,,,0.167142,0.681443,0.60147,0.818977,0.726687,,,0.657219,0.355103,0.713507,0.780481,0.643965,,0.65258,,0.842068,,,0.301527,0.147215,,0.552723,0.391817,0.603792,0.681591,0.443693,1.133875,,,0.657947,,,0.54089,0.58098,0.395287,,0.211743,,,,,,,0.707014,0.456715,0.753089,,0.384192,0.463502,0.620767,0.183072,0.117126,0.031041,,0.855593,0.039861,0.552926,0.498652,0.620475,0.853955,,0.025323,1.005272,,,0.677469,0.264797
1996Q2,,0.67563,0.531385,0.737152,0.737265,0.024639,,,,1.888144,1.165378,0.193098,0.709363,0.922912,0.396349,0.511375,,,0.169596,0.695824,0.609989,0.818146,0.727134,,,0.661948,0.374969,0.712512,0.782459,0.655654,,0.666951,,0.856709,,,0.314437,0.149741,0.418583,0.557523,0.376935,0.616945,0.687644,0.438793,1.134253,,,0.66145,,,0.558942,0.558969,0.413338,,0.221362,,,,,,,0.708174,0.457798,0.756236,,0.391601,0.478111,0.623047,0.186834,0.123358,0.032645,,0.856098,0.045979,0.562367,0.513101,0.615384,0.864831,,0.027843,1.019819,,,0.680285,0.272073
1996Q3,,0.637894,0.530019,0.740618,0.738015,0.035528,,,,1.922808,1.183583,0.208932,0.712885,0.916699,0.397544,0.516157,,,0.176844,0.693257,0.618062,0.819584,0.734965,,,0.669179,0.390091,0.713834,0.783287,0.660264,,0.675545,,0.868204,,,0.326497,0.152544,0.431625,0.56611,0.396386,0.63192,0.691105,0.445899,1.133095,,,0.668961,,,0.586976,0.605886,0.415675,,0.23148,,,,,,,0.709681,0.461939,0.76055,,0.405076,0.499755,0.632862,0.192067,0.139644,0.035892,,0.854118,0.050876,0.566993,0.525499,0.624578,0.870947,,0.032629,1.031615,,,0.682525,0.275476
1996Q4,,0.639704,0.53257,0.744421,0.739628,0.056346,,,,1.957396,1.256258,0.225499,0.717935,0.915799,0.403044,0.522028,,,0.18214,0.697945,0.632248,0.820431,0.736337,,,0.673046,0.394953,0.718573,0.783616,0.658605,,0.686656,,0.885871,,,0.339818,0.160953,0.432814,0.578528,0.400901,0.636312,0.69497,0.437873,1.13107,,,0.671967,,,0.602072,0.546,0.41259,,0.241021,,,,,,,0.712614,0.479716,0.758705,,0.398471,0.531735,0.635525,0.197173,0.151223,0.037096,,0.86613,0.053088,0.584175,0.53235,0.61411,0.874447,,0.037698,1.027029,,,0.68616,0.280011
1997Q1,,0.670466,0.534007,0.745357,0.738953,0.176696,,,,1.962747,1.251682,0.2163,0.719945,0.914537,0.408929,0.518651,,,0.194314,0.700354,0.645045,0.821166,0.741378,,,0.672753,0.39853,0.721146,0.785822,0.648973,,0.69891,,0.895996,,,0.367284,0.162779,0.442759,0.568648,0.398248,0.644919,0.702655,0.439851,1.130434,,,0.675768,,,0.62832,0.584396,0.424175,,0.25283,,,,,,,0.718275,0.471892,0.755777,,0.406256,0.537485,0.644702,0.194149,0.243171,0.037538,,0.85939,0.054061,0.580959,0.545643,0.622538,0.878258,,0.04433,1.028346,,0.223655,0.690251,0.286136
1997Q2,,0.670281,0.531643,0.748078,0.742371,0.324064,,,,1.990757,1.26868,0.210342,0.718021,0.912831,0.408732,0.520588,,,0.192979,0.708672,0.654508,0.818545,0.740168,,,0.674837,0.412442,0.726468,0.788231,0.650837,,0.705443,,0.910269,,,0.379387,0.164468,0.451651,0.578422,0.392871,0.670702,0.704069,0.447392,1.142722,,,0.678115,,,0.630636,0.58694,0.424792,,0.260106,,,,,,,0.725727,0.475085,0.761791,,0.411528,0.559306,0.649121,0.195225,0.282672,0.039064,,0.868493,0.056953,0.584492,0.554504,0.626795,0.887394,,0.052304,1.039119,,0.232389,0.691618,0.292058
1997Q3,,0.637651,0.534633,0.750126,0.746522,0.449477,,,,2.019476,1.292132,0.206417,0.72,0.913679,0.408933,0.52382,,,0.198164,0.708326,0.671478,0.823402,0.746432,,,0.681811,0.426173,0.733107,0.789739,0.66525,,0.711851,,0.918614,,,0.390679,0.172894,0.455165,0.596717,0.407456,0.68153,0.709823,0.449234,1.140559,,,0.693565,,,0.638365,0.601327,0.43024,,0.27085,,,,,,,0.729022,0.479344,0.759369,,0.427856,0.582904,0.655899,0.195058,0.335856,0.040055,,0.867493,0.05898,0.585749,0.563959,0.627499,0.910621,,0.059755,1.044592,,0.240974,0.694624,0.298255
1997Q4,,0.635657,0.540911,0.751552,0.749842,0.453318,,,,2.085426,1.292429,0.218276,0.722016,0.912584,0.410562,0.523881,,,0.210407,0.712844,0.695818,0.82322,0.756158,,,0.69456,0.428571,0.737951,0.792913,0.649691,,0.724753,,0.931464,,,0.403285,0.186946,0.45813,0.610816,0.410425,0.682093,0.709316,0.446922,1.141991,,,0.719186,,,0.655287,0.580563,0.453689,,0.281251,,,,,,,0.736241,0.481605,0.761674,,0.431456,0.589536,0.660103,0.201245,0.37586,0.040937,,0.873613,0.060176,0.626066,0.578223,0.632892,0.941019,,0.073353,1.061499,,0.249484,0.696953,0.305022
1998Q1,,0.659393,0.541241,0.751237,0.753633,0.426866,,,,2.12723,1.330485,0.21757,0.720152,0.912563,0.412186,0.521263,,,0.213778,0.71088,0.714791,0.82365,0.75064,,,0.686588,0.439266,0.750403,0.795639,0.657272,,0.726999,,0.9288,,,0.424979,0.247542,0.472018,0.610241,0.426219,0.694984,0.717294,0.457851,1.141446,,,0.74415,,,0.65993,0.567707,0.443496,0.783455,0.290777,,,,,,,0.738409,0.465493,0.765147,,0.442841,0.606259,0.668567,0.210521,0.404726,0.040696,,0.876507,0.064534,0.605245,0.587201,0.631617,0.994837,,0.084605,1.072006,,0.257708,0.697944,0.308338
1998Q2,,0.653957,0.540607,0.752249,0.75745,0.470574,,,,2.152883,1.3462,0.223356,0.72023,0.913311,0.411902,0.516556,,,0.220286,0.726243,0.733571,0.826578,0.753645,,,0.69501,0.440415,0.75178,0.79716,0.658983,,0.737868,,0.930416,,,0.431122,0.282845,0.481041,0.620265,0.4168,0.703609,0.722422,0.475015,1.139559,,,0.721551,,,0.658909,0.571299,0.44955,0.780903,0.302389,,,,,,,0.741056,0.469177,0.767712,,0.45984,0.629183,0.674328,0.226098,0.441553,0.043027,,0.866374,0.069803,0.617278,0.594885,0.632375,0.984961,,0.094268,1.087289,,0.263374,0.699591,0.318749
1998Q3,,0.629673,0.539907,0.752831,0.760551,0.490583,,,,2.173605,1.348522,0.25432,0.716527,0.912545,0.414307,0.516569,,,0.22572,0.723399,0.742509,0.82743,0.757356,,,0.699698,0.447264,0.754884,0.797053,0.664078,,0.750153,,0.927747,,,0.442785,0.333617,0.494864,0.634154,0.424502,0.718735,0.722981,0.485392,1.13563,,,0.717473,,,0.660696,0.571269,0.45833,0.783245,0.314226,,,,,,,0.745522,0.479443,0.769625,,0.471183,0.646705,0.680503,0.233636,0.480844,0.046647,,0.856023,0.074147,0.637228,0.607354,0.630795,0.973358,,0.104274,1.077988,,0.270262,0.70256,0.322304
1998Q4,,0.626398,0.541704,0.753087,0.759982,0.520158,,,,2.173986,1.332888,0.259876,0.717919,0.90868,0.412332,0.515915,,,0.231785,0.725197,0.737026,0.830819,0.759221,,,0.712556,0.453927,0.752694,0.79698,0.667657,,0.760652,,0.919385,,,0.454715,0.345811,0.5048,0.647592,0.418022,0.759122,0.731219,0.488681,1.137859,,,0.708507,,,0.658674,0.594613,0.46738,0.785506,0.326292,,,,,,,0.747465,0.48099,0.770194,,0.478072,0.654637,0.686198,0.242319,0.517955,0.056423,,0.826755,0.077729,0.630898,0.617265,0.635943,0.955343,,0.119614,1.072964,,0.274145,0.704539,0.32757
1999Q1,,0.647387,0.542763,0.755732,0.759831,0.437753,,,,2.17885,1.400671,0.224395,0.721209,0.909189,0.413683,0.511589,0.666626,,0.237636,0.732938,0.743034,0.830037,0.760031,,,0.710151,0.464006,0.75434,0.79789,0.668183,,0.766871,,0.904229,,,0.456279,0.343936,0.502769,0.636571,0.431465,0.748924,0.731827,0.484623,1.132,0.419534,,0.713586,,,0.643989,0.588465,0.453289,0.787042,0.338377,,,,,,,0.747516,0.477482,0.765313,,0.48019,0.649956,0.69379,0.244667,0.577201,0.067526,,0.807466,0.0816,0.647371,0.630794,0.635453,0.95631,,0.127656,1.070881,,0.276995,0.70681,0.331595
1999Q2,,0.636926,0.543999,0.752751,0.760094,0.471001,,,,2.208974,1.439095,0.249043,0.72911,0.90823,0.419518,0.508987,0.757375,,0.243023,0.736337,0.753145,0.830965,0.763853,,,0.712159,0.474059,0.756359,0.798613,0.671562,,0.774128,,0.895843,,,0.46976,0.340141,0.506439,0.644372,0.432768,0.746496,0.733057,0.474242,1.127603,0.457598,,0.701017,,,0.65882,0.602437,0.466502,0.791138,0.350967,,,,,,,0.750599,0.492018,0.773136,,0.488402,0.664578,0.698827,0.246152,0.673053,0.076476,,0.830051,0.081974,0.665233,0.620862,0.636925,0.949566,,0.145242,1.066055,,0.278233,0.709506,0.334616
1999Q3,,0.616201,0.547815,0.754501,0.761905,0.507604,,,,2.193693,1.438466,0.265967,0.737473,0.915257,0.42415,0.508717,0.73612,,0.250991,0.739283,0.756179,0.829547,0.770821,,,0.715965,0.478898,0.76188,0.798274,0.669217,,0.77927,,0.879643,,,0.478843,0.339923,0.512541,0.667002,0.443277,0.756726,0.735289,0.47721,1.120637,0.498118,,0.7204,,,0.651739,0.605777,0.465543,0.789566,0.36172,,,,,,,0.754051,0.515226,0.775006,,0.498758,0.67894,0.699734,0.254437,0.713618,0.08514,,0.827151,0.092466,0.670406,0.647312,0.638942,0.947416,,0.16064,1.052495,,0.27773,0.712013,0.34668
1999Q4,,0.62177,0.548157,0.754504,0.767778,0.552077,,,,2.253411,1.505273,0.358322,0.741256,0.915726,0.430936,0.513469,0.715954,,0.258616,0.743643,0.764391,0.829365,0.776906,,,0.726693,0.478833,0.765007,0.798865,0.675368,,0.787199,,0.872035,,,0.492768,0.350213,0.516356,0.678029,0.436459,0.78185,0.73813,0.471043,1.118644,0.599096,,0.720044,,,0.650437,0.61789,0.46341,0.79083,0.371628,,,,,,,0.759736,0.533351,0.771351,,0.505867,0.693095,0.708755,0.264197,0.785528,0.091202,,0.835913,0.107609,0.688846,0.656411,0.643628,0.953874,,0.183972,1.038694,,0.2801,0.715968,0.351669
2000Q1,,0.648414,0.562704,0.761158,0.772078,0.502942,,0.62204,,2.273498,1.494776,0.251357,0.75005,0.91893,0.435409,0.516863,0.687216,0.459411,0.262188,0.758121,0.757953,0.826157,0.782764,0.418095,,0.731916,0.484743,0.761346,0.804717,0.678227,,0.785668,,0.872325,0.988545,0.65292,0.500323,0.352333,0.524277,0.691379,0.450588,0.770695,0.741871,0.47502,1.11529,0.527365,,0.72047,,,0.665196,0.621317,0.467459,0.790322,0.381713,0.817851,0.689866,,,,,0.768863,0.553677,0.774967,,0.514949,0.70251,0.71356,0.280125,0.870542,0.102314,,0.834012,0.122212,0.705531,0.660006,0.643411,0.94416,0.561255,0.216502,1.052257,,0.276466,0.720738,0.355285
2000Q2,,0.645309,0.564321,0.760827,0.775751,0.520918,,0.626119,,2.281234,1.505969,0.343947,0.761506,0.921923,0.437907,0.519954,0.766425,0.473636,0.267257,0.753255,0.766034,0.82382,0.787022,0.472348,,0.73586,0.486624,0.768695,0.808651,0.677768,,0.797541,,0.860147,1.005879,0.668048,0.511033,0.365205,0.525494,0.696576,0.444921,0.771562,0.746888,0.475386,1.110451,0.521985,,0.717648,,,0.660379,0.630025,0.4806,0.781254,0.389948,0.90074,0.680478,,,,,0.774376,0.574954,0.782527,,0.528036,0.71788,0.721889,0.288361,0.934044,0.107077,,0.849041,0.143361,0.718874,0.670511,0.646717,0.95453,0.564543,0.223415,1.040666,,0.288131,0.725196,0.367059
2000Q3,,0.623475,0.576739,0.76503,0.779293,0.524529,,0.629582,,2.368347,1.543443,0.318572,0.769143,0.927723,0.441606,0.521823,0.784178,0.492428,0.27573,0.758521,0.771369,0.826159,0.79147,0.513867,,0.74154,0.488993,0.774779,0.813249,0.679128,,0.792397,,0.854919,0.996381,0.679889,0.532122,0.378188,0.528036,0.708969,0.455432,0.774116,0.748535,0.468942,1.108138,0.566174,,0.719779,,,0.650907,0.641052,0.480127,0.781179,0.397387,0.8743,0.686391,,,,,0.782914,0.591891,0.790954,,0.53226,0.732975,0.72881,0.291932,1.022762,0.114345,,0.866619,0.172727,0.741292,0.685073,0.650667,0.971017,0.567012,0.235646,1.047416,,0.288846,0.729463,0.380544
2000Q4,,0.63089,0.575716,0.769627,0.783962,0.543249,,0.631522,,2.375441,1.565402,0.304507,0.775434,0.929309,0.445048,0.525555,0.690093,0.493186,0.279689,0.763532,0.777002,0.827995,0.803052,0.533826,,0.751012,0.50864,0.782707,0.816448,0.680006,,0.787473,,0.843677,1.009035,0.678085,0.532968,0.393316,0.535613,0.727575,0.462932,0.784723,0.753568,0.477117,1.104551,0.61082,,0.726768,,,0.658728,0.634381,0.486972,0.786863,0.407738,0.962095,0.692522,,,,,0.787535,0.609918,0.807241,,0.539396,0.72358,0.73263,0.298566,1.112915,0.119157,,0.877946,0.222634,0.757491,0.699286,0.651643,0.988296,0.570017,0.251169,1.048518,,0.299282,0.733352,0.386869
2001Q1,,0.645094,0.586189,0.770556,0.782465,0.545461,,0.640261,,2.373483,1.613821,0.35086,0.782954,0.933735,0.447585,0.531845,0.730601,0.49834,0.28662,0.783945,0.788067,0.83222,0.804532,0.608708,,0.759741,0.507737,0.794432,0.82063,0.684966,,0.799889,0.512719,0.848211,1.043089,0.689366,0.557922,0.401827,0.543416,0.75707,0.474399,0.782151,0.759886,0.477416,1.106057,0.577019,,0.742159,,,0.663002,0.629309,0.488054,0.79292,0.411482,0.851343,0.704001,,,,,0.805453,0.59745,0.817995,,0.547652,0.728373,0.741016,0.315148,1.227334,0.121175,,0.854069,0.269341,0.756355,0.714344,0.656088,0.977298,0.578401,0.285832,1.042991,0.104105,0.302927,0.738226,0.392422
2001Q2,,0.636717,0.587038,0.777224,0.794001,0.557441,,0.650216,,2.371912,1.625451,0.326105,0.782843,0.93234,0.457407,0.532035,0.783589,0.509951,0.295508,0.791732,0.798477,0.831469,0.80977,0.619197,,0.765423,0.527536,0.798126,0.824918,0.690924,,0.810677,0.516925,0.84316,1.074778,0.700578,0.58254,0.428618,0.544442,0.744143,0.477082,0.791633,0.767022,0.475932,1.097297,0.614503,,0.751753,,,0.663824,0.63572,0.481314,0.792551,0.417739,0.921523,0.714306,,,,,0.807631,0.610255,0.819677,,0.558085,0.744848,0.747548,0.323774,1.342652,0.126727,,0.84847,0.301774,0.769688,0.730932,0.666736,0.989838,0.583051,0.343792,1.035977,0.10875,0.304119,0.742678,0.397104
2001Q3,,0.618873,0.592537,0.779464,0.79655,0.559233,,0.662014,,2.369357,1.655525,0.308457,0.773814,0.934175,0.463889,0.532362,0.779089,0.518565,0.300474,0.782993,0.814153,0.837353,0.81131,0.627924,0.131605,0.774291,0.525902,0.798757,0.828643,0.691144,,0.810448,0.527414,0.839859,1.093699,0.696847,0.587633,0.432848,0.548151,0.763938,0.502174,0.793436,0.773946,0.480316,1.094323,0.61681,,0.753443,,,0.651694,0.634555,0.495095,0.785977,0.422072,0.96552,0.727595,,,,,0.812427,0.589517,0.818234,,0.562892,0.744291,0.753611,0.337984,1.405948,0.131693,,0.838376,0.3266,0.781847,0.748256,0.662497,0.988072,0.596694,0.374737,1.038488,0.107537,0.304164,0.745582,0.403377
2001Q4,,0.619215,0.593571,0.787767,0.799942,0.560246,,0.672278,,2.360026,1.713779,0.325741,0.767632,0.933404,0.466401,0.531874,0.705291,0.516837,0.307841,0.785902,0.821958,0.845942,0.818555,0.63796,0.13326,0.782561,0.542604,0.79863,0.834132,0.68896,,0.817326,0.539978,0.838544,1.111151,0.707044,0.578802,0.438771,0.551402,0.749392,0.517222,0.786022,0.781016,0.484877,1.091779,0.587855,,0.737877,,,0.650737,0.64701,0.497281,0.792721,0.426309,0.998926,0.722923,,,,,0.818242,0.573965,0.832834,,0.565349,0.747568,0.762286,0.34411,1.48205,0.136862,,0.827084,0.33661,0.765708,0.760963,0.670565,0.977588,0.593509,0.418551,1.044636,0.113493,0.298044,0.747909,0.41343
2002Q1,,0.694967,0.602149,0.779841,0.802041,0.575843,,0.682385,,2.393504,1.743226,0.339067,0.771083,0.93139,0.467076,0.53269,0.759802,0.521383,0.313158,0.786931,0.823188,0.84682,0.823952,0.669499,0.132649,0.790926,0.544155,0.803615,0.839105,0.69704,,0.827518,0.546686,0.824577,1.106725,0.720817,0.619433,0.438718,0.554219,0.786618,0.527603,0.805048,0.789334,0.484222,1.093047,0.602229,,0.764942,,,0.65998,0.642988,0.510236,0.802085,0.42728,0.944296,0.729253,,,,,0.832919,0.57473,0.834363,,0.574257,0.750737,0.770035,0.349327,1.525398,0.138595,,0.842179,0.347217,0.787368,0.77611,0.670699,0.995544,0.594105,0.444513,1.043439,0.110462,0.309667,0.750278,0.436424
2002Q2,,0.865802,0.60193,0.785118,0.804052,0.581183,,0.687562,,2.425584,1.80902,0.313483,0.784596,0.927583,0.470566,0.534097,0.770775,0.5313,0.324387,0.785448,0.832384,0.842808,0.826899,0.694371,0.132415,0.799188,0.551323,0.805322,0.841695,0.701509,,0.829427,0.557873,0.820257,1.124023,0.71916,0.614996,0.44666,0.560357,0.786118,0.514368,0.829115,0.793268,0.480242,1.081668,0.656649,,0.772233,,,0.662517,0.646383,0.511606,0.801042,0.440874,0.916973,0.735923,,,,,0.838779,0.582131,0.826178,,0.583902,0.741806,0.778591,0.370165,1.660715,0.145965,,0.838044,0.361855,0.795876,0.790417,0.673635,0.995906,0.597754,0.464722,1.028993,0.111819,0.311346,0.752904,0.447813
2002Q3,,0.845167,0.608801,0.789728,0.807459,0.575242,,0.691673,,2.439905,1.826205,0.333421,0.789836,0.931449,0.478595,0.535543,0.842009,0.553701,0.331142,0.783297,0.828719,0.850573,0.832833,0.709946,0.139477,0.806099,0.548706,0.804561,0.845677,0.704918,,0.832382,0.563346,0.811806,1.1478,0.727199,0.62806,0.454092,0.568755,0.806314,0.523501,0.830019,0.799677,0.482671,1.078254,0.639575,,0.764166,,,0.659317,0.651527,0.518306,0.795244,0.447453,0.944029,0.738749,,,,,0.846258,0.588672,0.832759,,0.583969,0.739767,0.786928,0.40538,1.727792,0.152971,,0.827686,0.379182,0.802885,0.799055,0.674264,0.996441,0.606661,0.504332,1.043687,0.11315,0.360994,0.756495,0.457056
2002Q4,,0.863237,0.613824,0.795691,0.811327,0.581919,,0.697699,,2.481606,1.871271,0.320487,0.799849,0.934637,0.484355,0.537916,0.715653,0.55886,0.338111,0.797927,0.826514,0.852933,0.836723,0.721043,0.141706,0.811836,0.561187,0.806589,0.850352,0.710912,,0.848259,0.565234,0.798483,1.165369,0.732933,0.631353,0.463043,0.572158,0.799438,0.522558,0.841296,0.800358,0.489851,1.07583,0.545898,,0.77418,,,0.656721,0.642604,0.521878,0.80094,0.453382,0.957161,0.743837,,,,,0.847793,0.588412,0.820082,,0.588459,0.739888,0.795298,0.433053,1.799209,0.158905,,0.83026,0.390569,0.80867,0.807295,0.678011,1.01166,0.606728,0.5354,1.029596,0.120542,0.379247,0.760896,0.466103
2003Q1,,0.911088,0.619287,0.796046,0.814304,0.580366,,0.692938,,2.552398,1.979057,0.329391,0.81101,0.938432,0.488589,0.543728,0.744057,0.569263,0.348807,0.813663,0.836688,0.857172,0.836905,0.767372,0.141383,0.819757,0.567663,0.808478,0.852285,0.713631,,0.847984,0.575306,0.782929,1.161989,0.744988,0.637431,0.475306,0.580089,0.808279,0.526477,0.837318,0.810889,0.490269,1.068736,0.669566,,0.789166,,,0.66279,0.660451,0.530124,0.806267,0.458501,0.994888,0.747243,,,,,0.853431,0.598432,0.827892,,0.595782,0.747062,0.797837,0.438131,1.900389,0.162471,,0.837955,0.400317,0.818215,0.820599,0.684094,1.018591,0.617589,0.573201,1.022376,0.119725,0.385729,0.764609,0.472008
2003Q2,,0.947939,0.622749,0.796431,0.819716,0.586916,,0.699026,,2.568181,2.042037,0.330975,0.804172,0.94352,0.493591,0.545889,0.808404,0.571571,0.355021,0.832411,0.840863,0.857199,0.840441,0.77778,0.142774,0.831732,0.571132,0.805544,0.858235,0.720045,,0.850607,0.578927,0.766963,1.192881,0.75128,0.645005,0.470934,0.58432,0.812615,0.520606,0.819166,0.818447,0.491503,1.067901,0.679592,,0.797572,,,0.653873,0.657014,0.538758,0.795201,0.456848,0.983126,0.747718,,,,,0.857061,0.592414,0.837056,,0.597658,0.746148,0.811403,0.44606,2.021359,0.166072,,0.816454,0.415851,0.832667,0.834697,0.682718,1.01378,0.61305,0.597188,1.034415,0.121361,0.391749,0.767302,0.477886
2003Q3,,0.869084,0.626541,0.797849,0.823041,0.594613,,0.700497,,2.620441,2.099823,0.336856,0.814497,0.942692,0.495982,0.549183,0.869164,0.583803,0.363734,0.830703,0.836443,0.861426,0.846276,0.77601,0.149507,0.837551,0.57294,0.803481,0.862934,0.723692,,0.865881,0.587045,0.757298,1.217754,0.762606,0.66049,0.474147,0.584611,0.82564,0.530733,0.819794,0.829011,0.49786,1.064553,0.731964,,0.793829,,,0.648864,0.66262,0.546091,0.80817,0.460591,0.941312,0.752052,,,,,0.861934,0.603014,0.843344,,0.600983,0.744104,0.810564,0.445189,2.133411,0.172568,,0.808107,0.422109,0.8524,0.840368,0.687029,1.0215,0.616205,0.613039,1.022458,0.125221,0.39198,0.771696,0.482962
2003Q4,,0.901653,0.631783,0.800922,0.827463,0.59954,,0.707422,,2.613821,2.148081,0.342861,0.818294,0.944137,0.507194,0.556164,0.754842,0.58865,0.378134,0.84649,0.839576,0.862291,0.845956,0.770699,0.153759,0.845173,0.575858,0.808762,0.866167,0.724347,,0.864284,0.591453,0.752216,1.232577,0.764693,0.683977,0.481557,0.59139,0.821895,0.520351,0.808184,0.82447,0.495839,1.057085,0.746429,,0.800989,,,0.65186,0.66007,0.549884,0.813081,0.469008,0.914465,0.755933,,,,,0.865487,0.607106,0.84908,,0.608357,0.755411,0.818095,0.46462,2.216639,0.177908,,0.814722,0.428364,0.860038,0.848049,0.68821,1.032524,0.622956,0.623773,1.008959,0.126777,0.414047,0.7764,0.490541
2004Q1,,0.982624,0.638961,0.806803,0.83234,0.618119,,0.696078,,2.775284,2.163564,0.366778,0.827335,0.942653,0.517473,0.56954,0.771766,0.601863,0.389705,0.848067,0.864546,0.865759,0.855429,0.797849,0.162138,0.854789,0.599146,0.810549,0.869322,0.727245,,0.883698,0.600906,0.747683,1.231301,0.767988,0.694893,0.494257,0.601869,0.820784,0.538412,0.832203,0.832131,0.509026,1.05529,0.802134,,0.810855,,,0.652775,0.671083,0.560634,0.819975,0.481213,0.961858,0.766104,,,,,0.86308,0.610083,0.850766,,0.623251,0.766557,0.816811,0.492643,2.239528,0.186875,,0.840664,0.426907,0.885673,0.854372,0.685715,1.02855,0.627872,0.64627,1.013023,0.13392,0.428691,0.781937,0.500833
2004Q2,,1.016417,0.644277,0.806087,0.833156,0.620195,,0.704046,,2.775862,2.212254,0.363396,0.837765,0.94528,0.52837,0.582439,0.826014,0.615085,0.403281,0.849439,0.862454,0.870134,0.854551,0.801379,0.166276,0.859347,0.583556,0.811464,0.871111,0.738423,,0.899405,0.612275,0.739545,1.272014,0.782391,0.69827,0.511758,0.611936,0.817873,0.532107,0.817374,0.843471,0.515224,1.051702,0.81442,,0.818943,,,0.664487,0.676495,0.567831,0.813425,0.494759,0.937057,0.758866,,,,,0.868551,0.625068,0.864334,,0.633733,0.77189,0.825593,0.500441,2.356849,0.196847,,0.837146,0.442366,0.881508,0.854928,0.688112,1.051848,0.636005,0.663048,1.024395,0.13857,0.442826,0.788245,0.507113
2004Q3,,0.988829,0.648782,0.811638,0.838377,0.625289,,0.716766,,2.775483,2.2654,0.365029,0.842537,0.942239,0.53757,0.592454,0.814862,0.630429,0.416347,0.862345,0.87393,0.87017,0.8616,0.80744,0.163963,0.86794,0.607942,0.810921,0.874817,0.739736,,0.906199,0.620413,0.732978,1.304543,0.789831,0.688788,0.522165,0.62303,0.827323,0.53793,0.830638,0.843506,0.502979,1.050988,0.8634,,0.824965,,,0.676965,0.692503,0.591158,0.814307,0.505377,0.925814,0.769686,,,,,0.873035,0.647512,0.877012,,0.639049,0.789134,0.829748,0.507231,2.450522,0.205858,,0.861957,0.459596,0.889431,0.864417,0.692369,1.065348,0.641013,0.690618,1.021846,0.144752,0.438853,0.793229,0.510967
2004Q4,,1.013358,0.655005,0.82019,0.84351,0.626161,,0.739491,,2.84842,2.291975,0.380459,0.846183,0.95001,0.545835,0.600593,0.776254,0.634168,0.429104,0.853771,0.88771,0.870141,0.868513,0.816317,0.166213,0.881394,0.608676,0.812702,0.879871,0.751791,,0.89194,0.639282,0.729139,1.308034,0.793292,0.68659,0.535753,0.628949,0.828709,0.545395,0.822561,0.851409,0.504629,1.051771,0.904412,,0.826369,,,0.68926,0.680819,0.597329,0.807894,0.514552,0.9817,0.772182,,,,,0.878553,0.659991,0.8811,,0.648266,0.808753,0.843429,0.507056,2.542534,0.226003,,0.864345,0.47036,0.901714,0.870059,0.688495,1.086374,0.647508,0.713225,0.997552,0.149616,0.437107,0.799398,0.520441
2005Q1,,1.049215,0.661912,0.82715,0.84573,0.649597,,0.734354,,2.83688,2.304576,0.420365,0.851434,0.949998,0.555609,0.600729,0.778603,0.645206,0.440395,0.870154,0.877218,0.871962,0.878897,0.837442,0.169322,0.886512,0.624271,0.814914,0.883784,0.75232,,0.901925,0.640466,0.733904,1.370335,0.797281,0.69099,0.550301,0.635287,0.844058,0.561186,0.811855,0.853161,0.503413,1.046402,0.955832,,0.827404,,,0.693484,0.685654,0.614466,0.828404,0.517608,0.929147,0.771356,,0.761596,,,0.881913,0.662105,0.881247,,0.656237,0.800204,0.842289,0.541363,2.598852,0.224491,,0.865637,0.495909,0.909014,0.872362,0.688454,1.092004,0.652035,0.700866,1.004507,0.166798,0.433498,0.805766,0.526573
2005Q2,,1.080389,0.672743,0.830545,0.850869,0.661732,,0.755457,,2.874111,2.364318,0.417463,0.85711,0.950505,0.559859,0.607618,0.842889,0.653112,0.456635,0.870947,0.871926,0.872199,0.879069,0.85629,0.171569,0.89672,0.629303,0.819089,0.889363,0.761942,,0.907598,0.648609,0.73671,1.34934,0.802754,0.705796,0.574077,0.637688,0.838863,0.543752,0.823975,0.855481,0.519517,1.041164,0.966244,,0.825239,,,0.714757,0.702815,0.631871,0.826822,0.523613,0.982318,0.781021,,0.770751,,,0.887096,0.682682,0.888139,,0.670363,0.814085,0.852462,0.559312,2.593257,0.237279,,0.861657,0.505989,0.901646,0.875615,0.690478,1.093362,0.660299,0.721401,0.993253,0.171833,0.43758,0.811591,0.533819
2005Q3,,1.117251,0.68133,0.833962,0.856321,0.665317,,0.76602,,2.992339,2.424138,0.446017,0.869471,0.954587,0.572455,0.612688,0.875099,0.660887,0.472141,0.877435,0.868073,0.87242,0.88796,0.890733,0.172661,0.905418,0.639327,0.817448,0.891949,0.763204,,0.909802,0.657011,0.737994,1.370433,0.811489,0.717446,0.590156,0.646965,0.858096,0.562626,0.835292,0.858701,0.516367,1.037064,0.988696,,0.829649,,,0.723964,0.725441,0.649337,0.825481,0.533156,1.020782,0.783382,,0.795276,,,0.888689,0.700556,0.897872,,0.678316,0.810287,0.860389,0.575569,2.749119,0.247652,,0.867529,0.524162,0.90942,0.877292,0.695257,1.12197,0.668892,0.741816,0.998357,0.177059,0.441663,0.818989,0.540565
2005Q4,,1.162389,0.690443,0.835266,0.864153,0.67862,,0.777352,,3.132397,2.467431,0.423828,0.880397,0.959495,0.590035,0.617642,0.74308,0.666052,0.482778,0.864306,0.875559,0.874048,0.894139,0.887457,0.174419,0.916762,0.649133,0.824396,0.897394,0.766538,,0.915066,0.667093,0.733934,1.39888,0.820177,0.723746,0.644663,0.656367,0.849333,0.553125,0.843369,0.870847,0.540689,1.03543,1.094514,,0.833028,,,0.735884,0.736639,0.679162,0.822592,0.537322,1.048669,0.789457,,0.799206,,,0.894831,0.72019,0.894855,,0.689982,0.796785,0.870994,0.588569,2.81377,0.263435,,0.873836,0.539045,0.9305,0.881914,0.699024,1.140126,0.677548,0.742755,0.999469,0.1884,0.44478,0.825715,0.552469
2006Q1,,1.223596,0.698524,0.840669,0.868706,0.680189,,0.804861,,3.230613,2.477625,0.428312,0.877216,0.965991,0.616385,0.621994,0.786877,0.671083,0.503506,0.891113,0.870413,0.872682,0.901398,0.921362,0.182532,0.92312,0.671137,0.81839,0.901722,0.772204,0.314795,0.93501,0.671937,0.730545,1.41597,0.829921,0.718948,0.649276,0.663932,0.868507,0.583906,0.844144,0.868817,0.558747,1.033382,1.120057,,0.82393,,,0.738298,0.748329,0.686254,0.834482,0.54558,0.980651,0.790394,,0.806553,,0.968722,0.905616,0.743671,0.89652,,0.692706,0.803367,0.871678,0.591403,2.884111,0.272191,,0.870475,0.558745,0.918346,0.888714,0.701153,1.173745,0.686248,0.751251,0.988248,0.192015,0.455484,0.831552,0.55117
2006Q2,,1.221136,0.705475,0.844833,0.87062,0.700891,,0.814885,,3.320583,2.504796,0.46064,0.885505,0.971378,0.642752,0.629071,0.827414,0.688745,0.515339,0.895705,0.872598,0.876122,0.902592,0.942168,0.191321,0.934493,0.679001,0.823105,0.905832,0.78151,0.335724,0.93729,0.682803,0.732759,1.443675,0.836815,0.731928,0.662701,0.674611,0.87017,0.582069,0.846504,0.876269,0.576576,1.030933,1.143642,,0.823056,,,0.749955,0.753461,0.706273,0.827954,0.558986,1.051903,0.798463,,0.81233,,0.987103,0.905244,0.756976,0.914278,,0.706601,0.801965,0.878588,0.609592,2.911452,0.274644,,0.884451,0.576029,0.929817,0.894698,0.704296,1.167861,0.690253,0.785062,0.990679,0.198421,0.459651,0.838818,0.565841
2006Q3,,1.269455,0.715409,0.85092,0.875405,0.717914,,0.817595,,3.430343,2.578897,0.477088,0.891462,0.977369,0.652649,0.635932,0.879747,0.705248,0.529297,0.906349,0.883561,0.876086,0.907438,0.948284,0.195572,0.942192,0.70202,0.82942,0.912408,0.787574,0.354644,0.940713,0.689512,0.729315,1.434352,0.841111,0.749366,0.680287,0.69062,0.876391,0.61524,0.839569,0.881682,0.585909,1.029589,1.162454,,0.828784,,,0.786732,0.761491,0.736398,0.836743,0.566434,1.045136,0.801412,,0.82437,,1.007892,0.910945,0.757225,0.908419,,0.713432,0.814986,0.887436,0.617091,3.008352,0.285672,,0.889154,0.588783,0.941892,0.902755,0.70493,1.169225,0.695402,0.817925,0.983937,0.204586,0.471424,0.844685,0.580395
2006Q4,,1.303088,0.72494,0.852397,0.879761,0.730819,,0.834874,,3.471039,2.645609,0.487133,0.893721,0.98138,0.641297,0.64672,0.831814,0.711915,0.543224,0.896931,0.888397,0.879448,0.902255,0.9384,0.201702,0.949355,0.714088,0.834871,0.91935,0.787641,0.355531,0.927786,0.698797,0.733823,1.487284,0.850261,0.740639,0.699282,0.698894,0.877207,0.629294,0.842014,0.884318,0.582985,1.0303,1.400252,,0.832121,,,0.786255,0.772691,0.763398,0.854158,0.57001,1.042563,0.803181,,0.809392,,1.034896,0.918725,0.748243,0.930549,,0.71984,0.849136,0.897331,0.646714,3.113606,0.290393,,0.888144,0.59915,0.964701,0.911704,0.710139,1.165473,0.689332,0.819684,0.983063,0.212388,0.484451,0.8477,0.586342
2007Q1,,1.348956,0.73386,0.858582,0.887525,0.77769,,0.830514,,3.51567,2.686645,0.460113,0.907102,0.991814,0.657106,0.664106,0.811711,0.723084,0.561964,0.922281,0.906894,0.887172,0.918133,0.954052,0.20458,0.962591,0.748338,0.842083,0.923599,0.789098,0.33782,0.950634,0.715093,0.740912,1.513145,0.85841,0.76877,0.720994,0.706835,0.886381,0.635703,0.840815,0.888644,0.586625,1.027345,1.227703,,0.839188,,,0.804374,0.76828,0.814299,0.936014,0.579028,1.082179,0.808943,,0.814997,,1.057162,0.927068,0.754204,0.934075,0.983706,0.719223,0.834267,0.903738,0.656115,3.260665,0.294699,,0.916152,0.611648,0.96022,0.921705,0.718613,1.177228,0.687405,0.83022,0.980534,0.227895,0.503949,0.855763,0.607284
2007Q2,,1.386731,0.739306,0.862587,0.889868,0.763884,,0.85666,,3.513583,2.710713,0.480596,0.91543,0.99645,0.667823,0.673367,0.836906,0.721879,0.567629,0.932139,0.905973,0.889964,0.921343,0.987475,0.210473,0.966832,0.76492,0.846712,0.929369,0.802622,0.369954,0.938395,0.726102,0.748179,1.517912,0.86942,0.766762,0.735557,0.719763,0.890228,0.607615,0.842418,0.893204,0.590122,1.027542,1.426986,,0.844103,,,0.820211,0.777796,0.852039,0.91579,0.588563,1.07919,0.814763,,0.835,,1.083846,0.927039,0.768822,0.944635,0.9989,0.727633,0.844115,0.9069,0.675146,3.378544,0.307466,,0.937672,0.623297,0.948005,0.933839,0.723633,1.182355,0.693273,0.834714,0.983508,0.23869,0.511137,0.861714,0.612137
2007Q3,,1.467819,0.742643,0.86718,0.890289,0.79092,,0.877964,,3.672821,2.725279,0.512873,0.914862,0.999317,0.676074,0.688385,0.890025,0.731973,0.584662,0.945132,0.914923,0.892892,0.92425,1.007919,0.215636,0.966792,0.788233,0.850147,0.93683,0.803287,0.410119,0.957157,0.741253,0.757193,1.545081,0.878463,0.781217,0.755862,0.727859,0.890133,0.638748,0.850495,0.900835,0.609449,1.022491,1.415886,,0.849044,,,0.842517,0.774556,0.881013,0.906927,0.597183,1.074471,0.819175,,0.858978,,1.099339,0.929544,0.771231,0.96245,1.008719,0.732628,0.845334,0.911098,0.709901,3.48027,0.324132,,0.941146,0.637182,0.951615,0.940857,0.722812,1.193857,0.714131,0.845562,0.985393,0.256202,0.519243,0.86641,0.619425
2007Q4,,1.556491,0.754135,0.874193,0.894403,0.806152,,0.908017,,3.740006,2.76234,0.510221,0.92668,1.00116,0.678027,0.702385,0.782832,0.745101,0.597124,0.938955,0.912015,0.896202,0.937699,1.048736,0.22599,0.981171,0.818753,0.857749,0.94276,0.804343,0.457851,0.993813,0.755957,0.76944,1.589312,0.895438,0.78434,0.782577,0.732234,0.872231,0.634351,0.868721,0.915657,0.630699,1.018269,1.394754,,0.855323,,,0.85586,0.773655,0.92079,0.908321,0.613691,1.079209,0.824005,,0.898372,,1.143638,0.932314,0.804733,0.9696,1.007537,0.744354,0.865478,0.918218,0.733963,3.660883,0.348605,,0.94697,0.653203,0.942218,0.956127,0.734042,1.236936,0.724647,0.86477,0.975935,0.268385,0.513949,0.869939,0.633611
2008Q1,1.001546,1.667359,0.766099,0.876077,0.900889,0.83463,1.049447,0.901221,,3.913704,2.868107,0.506683,0.944892,1.008359,0.683479,0.723066,0.833324,0.766291,0.609828,0.967818,0.919886,0.895895,0.949358,1.098631,0.233499,0.988086,0.809619,0.865228,0.950406,0.811682,0.435663,0.996851,0.77088,0.75864,1.600623,0.90342,0.825954,0.819153,0.750557,0.878481,0.650754,0.858316,0.911482,0.687044,1.016195,1.585088,,0.854655,,,0.896392,0.811836,0.92758,0.950075,0.619216,1.123238,0.829759,,0.916556,,1.194348,0.945656,0.836373,0.98262,1.00315,0.752573,0.868915,0.920448,0.761208,3.744987,0.352856,,0.916331,0.671087,0.997913,0.961216,0.739535,1.236167,0.73048,0.897647,0.952768,0.289402,0.5306,0.873136,0.653946
2008Q2,1.005012,1.760763,0.783162,0.879922,0.906641,0.845234,1.106304,0.927326,,4.102914,2.933747,0.517744,0.964576,1.0085,0.678083,0.738193,0.855803,0.772521,0.642835,0.976568,0.928406,0.898435,0.956578,1.17495,0.236947,0.991665,0.833462,0.874571,0.955979,0.822512,0.432471,1.003203,0.795663,0.766655,1.648249,0.916923,0.81084,0.868013,0.788421,0.879911,0.671011,0.852509,0.923071,0.705476,1.015061,1.811021,,0.870631,,,0.918051,0.821328,0.960348,0.955116,0.635184,1.099036,0.834637,,0.956454,,1.256795,0.944846,0.863216,0.995554,1.009911,0.784194,0.87276,0.926141,0.771354,3.903802,0.373873,,0.926702,0.684409,0.985547,0.963686,0.740948,1.273825,0.754686,0.955998,0.969594,0.318548,0.549828,0.877379,0.658116
2008Q3,0.990707,1.800716,0.802711,0.88494,0.911682,0.86462,1.140991,0.949991,,4.220494,3.006062,0.538623,0.966462,1.01078,0.667022,0.745678,0.907917,0.799547,0.654103,0.991671,0.937088,0.900391,0.974602,1.184395,0.252044,0.98813,0.809595,0.881151,0.955869,0.833493,0.509227,1.010102,0.816944,0.771469,1.641154,0.935043,0.798032,0.907488,0.812887,0.878467,0.739973,0.863906,0.924051,0.736211,1.007767,1.825479,,0.874679,,,0.926027,0.830419,0.995031,0.965112,0.639456,1.128228,0.848728,,0.979562,,1.319423,0.95467,0.880642,0.982972,1.019196,0.799841,0.88394,0.924713,0.788547,4.099745,0.396959,,0.944546,0.692941,0.968291,0.976145,0.75015,1.286592,0.756495,0.942499,0.940729,0.338835,0.556067,0.883995,0.675441
2008Q4,1.001314,1.874637,0.807664,0.888505,0.91105,0.855788,0.982762,0.951167,,3.699938,3.07079,0.58767,0.934174,1.020402,0.667763,0.739172,0.867037,0.808555,0.669356,0.979688,0.928101,0.904197,0.974652,1.09589,0.243759,0.997144,0.869152,0.879314,0.958793,0.841401,0.524822,1.011058,0.832031,0.765263,1.758833,0.939192,0.825604,0.916244,0.798011,0.880984,0.759935,0.881803,0.926466,0.710773,1.020237,1.672541,,0.884098,,,0.906246,0.836628,0.987518,0.961713,0.637413,1.194955,0.859065,,0.914918,,1.32689,0.956085,0.84811,0.995264,1.011422,0.794861,0.895391,0.932159,0.796458,4.280737,0.383534,,0.905466,0.708175,0.957757,1.00803,0.763871,1.238541,0.756997,0.999976,0.957965,0.331073,0.57299,0.886131,0.679459
2009Q1,0.927478,1.929107,0.803172,0.892204,0.909134,0.886186,0.890191,0.942417,0.13135,3.913585,3.093474,0.680241,0.919359,1.020262,0.67371,0.724866,0.840072,0.804256,0.690062,0.976463,0.9612,0.910772,0.963157,1.094803,0.253032,1.000598,0.828197,0.895793,0.957344,0.840545,0.49213,1.043006,0.818368,0.760224,1.794122,0.945324,0.8505,0.902464,0.788159,0.849501,0.735179,0.895404,0.935835,0.690179,1.020786,1.528331,0.593436,0.89132,,,0.914343,0.829975,0.872533,0.98107,0.65358,1.127822,0.85207,,0.879683,,1.333656,0.964898,0.790997,1.002726,1.01799,0.788418,0.908641,0.930013,0.797551,3.923558,0.363606,,0.93549,0.730546,0.981254,1.009322,0.762403,1.245884,0.761956,0.997549,0.960486,0.356028,0.583793,0.885412,0.707825
2009Q2,0.948655,2.01229,0.786225,0.897231,0.909783,0.896585,0.903709,0.938502,0.138632,3.861684,3.122448,0.681533,0.924283,1.015408,0.687713,0.727324,0.891329,0.81474,0.697743,0.980786,0.953194,0.914002,0.960269,1.140894,0.264382,0.993038,0.82236,0.889355,0.955165,0.842924,0.544863,1.035166,0.829788,0.769104,1.787792,0.955515,0.845156,0.92391,0.808836,0.849627,0.75937,0.907693,0.936527,0.72509,1.013017,1.522267,0.607288,0.905567,,,0.897233,0.824108,0.888195,0.952396,0.667953,1.149254,0.860859,,0.866053,,1.334657,0.947486,0.812039,0.991026,1.022196,0.791417,0.913203,0.936435,0.803625,4.139056,0.378458,,0.936587,0.743016,0.963932,1.010488,0.764943,1.258327,0.763904,0.983821,0.960129,0.351219,0.58857,0.883952,0.718947
2009Q3,0.979169,2.066536,0.786209,0.901955,0.916132,0.862971,0.944847,0.927809,0.135987,3.802058,3.189176,0.582522,0.931692,1.0145,0.701954,0.734497,0.977909,0.826104,0.715031,0.982647,0.943671,0.918913,0.972104,1.162044,0.272675,0.989269,0.814991,0.886567,0.953881,0.846906,0.576872,1.016727,0.839712,0.755939,1.795575,0.950549,0.84323,0.937857,0.833678,0.834554,0.800737,0.903672,0.936267,0.762028,1.004766,1.863322,0.617861,0.90699,,,0.858394,0.833411,0.865237,0.947355,0.667343,1.149252,0.860036,,0.883057,,1.35789,0.949817,0.824025,1.00164,1.03012,0.806563,0.924775,0.935159,0.81303,4.169887,0.393744,,0.952543,0.74828,0.959538,1.00452,0.767067,1.255909,0.780119,0.995833,0.965555,0.361633,0.605363,0.884996,0.734757
2009Q4,0.961874,2.183897,0.797853,0.904371,0.914365,0.904112,0.985016,0.933633,0.139553,3.98172,3.293315,0.562601,0.94666,1.016041,0.724225,0.750485,0.892957,0.829441,0.726745,0.986196,0.951602,0.92126,0.979585,1.186528,0.273045,0.987849,0.829454,0.890517,0.956915,0.840598,0.634301,1.024989,0.842206,0.762418,1.778266,0.955422,0.856789,0.960955,0.85516,0.837346,0.83034,0.893867,0.937868,0.749414,0.997784,1.833497,0.624689,0.905301,,,0.857882,0.841084,0.869852,0.958027,0.672541,1.13884,0.8677,,0.910169,,1.37812,0.947403,0.825758,0.997254,1.056094,0.829797,0.911966,0.94235,0.817087,4.428284,0.40178,,0.975007,0.753322,0.958134,1.007309,0.769535,1.283254,0.783006,1.013779,0.941434,0.377791,0.604656,0.887801,0.736545
2010Q1,0.999145,2.306379,0.812857,0.903839,0.91845,0.862568,1.026282,0.946673,0.143075,4.022871,3.321326,0.636601,0.954146,1.017991,0.73023,0.764527,0.859998,0.840858,0.747876,0.997866,0.940255,0.922024,0.993505,1.220892,0.278238,0.994664,0.821274,0.887285,0.960261,0.852694,0.627622,1.032323,0.862939,0.761924,1.810608,0.953879,0.859393,0.976831,0.876949,0.821764,0.84888,0.902504,0.936221,0.768711,0.997459,1.91227,0.618727,0.919048,0.987093,0.684894,0.89627,0.853229,0.856904,0.974841,0.685275,1.142614,0.877484,0.731292,0.916645,0.977401,1.39172,0.954732,0.838843,1.009522,1.070991,0.827052,0.920508,0.941285,0.826385,4.23298,0.417515,1.006275,0.964203,0.752646,0.967612,0.997907,0.771842,1.297484,0.792782,1.045548,0.948638,0.39313,0.606613,0.890368,0.750498
2010Q2,0.999667,2.381989,0.836001,0.905317,0.929372,0.87988,0.988868,0.957614,0.150196,4.16517,3.376766,0.648947,0.954495,1.02028,0.741676,0.777702,0.937667,0.845675,0.750922,1.001155,0.943443,0.916616,0.999156,1.224041,0.291086,0.99067,0.827197,0.889898,0.965636,0.85457,0.575944,1.040323,0.868915,0.755737,1.835121,0.961541,0.865866,0.996909,0.893328,0.822548,0.818748,0.91612,0.939899,0.783723,0.992928,1.990299,0.614151,0.927637,0.993153,0.721187,0.892316,0.860462,0.862963,0.971931,0.692164,1.188619,0.885904,0.772045,0.900675,0.976358,1.394162,0.964531,0.85036,1.009632,1.081928,0.833766,0.92937,0.937185,0.841184,4.402777,0.426683,0.964697,0.939774,0.772503,0.966904,1.0017,0.768575,1.308424,0.798454,1.052262,0.950958,0.401675,0.618292,0.894715,0.772022
2010Q3,0.999533,2.525201,0.842329,0.90688,0.933431,0.890697,1.002125,0.935934,0.153758,4.254861,3.493276,0.679659,0.954733,1.019717,0.778157,0.787931,0.936032,0.851989,0.754345,1.003672,0.939983,0.923882,1.000243,1.229507,0.302955,0.993401,0.852358,0.893816,0.96938,0.855993,0.667284,1.048121,0.878667,0.768255,1.89755,0.960435,0.874878,1.003652,0.906783,0.821529,0.820924,0.91421,0.941644,0.794843,0.986621,1.9856,0.624636,0.928753,0.994444,0.716984,0.91439,0.885534,0.875772,0.96991,0.695808,1.151431,0.890767,0.809405,0.915049,1.01265,1.436546,0.965457,0.872082,1.030992,1.090586,0.844106,0.931853,0.944379,0.847044,4.492605,0.44211,0.997683,0.971995,0.798606,0.975762,0.996085,0.775084,1.315181,0.802831,1.077476,0.955565,0.420436,0.624415,0.897418,0.771614
2010Q4,1.00958,2.682411,0.850927,0.910716,0.937107,0.9313,0.988376,0.952718,0.158321,4.467126,3.582714,0.699302,0.964692,1.020753,0.784307,0.807895,0.876021,0.860572,0.763592,0.997332,0.931812,0.925842,1.006958,1.250425,0.299977,0.998014,0.860399,0.90244,0.969202,0.861023,0.678556,1.033424,0.890088,0.768516,1.944871,0.965821,0.880234,1.02161,0.928692,0.825013,0.837163,0.918354,0.945146,0.820304,0.983393,2.162976,0.626005,0.932643,1.022794,0.801064,0.915096,0.882369,0.88981,0.959064,0.70478,1.177035,0.895277,0.832408,0.939238,1.030263,1.509581,0.959615,0.885549,1.057077,1.11696,0.857588,0.936337,0.945209,0.866104,4.496424,0.469084,1.035351,0.968891,0.817823,0.970181,0.99554,0.779195,1.327568,0.812279,1.083685,0.922685,0.43051,0.649309,0.902646,0.781221
2011Q1,1.01298,2.816777,0.8666,0.919551,0.941764,0.96995,1.084288,0.976217,0.184482,4.694463,3.614592,0.707466,0.977944,1.019773,0.787373,0.828705,0.905827,0.885309,0.772898,1.012351,0.930089,0.926272,1.009128,1.279411,0.313522,0.994416,0.874747,0.906851,0.971781,0.875296,0.704488,1.049734,0.907426,0.77865,1.948861,0.972779,0.871875,1.048824,0.950447,0.835395,0.865067,0.919465,0.950717,0.824437,0.98086,2.241787,0.647845,0.928937,1.117271,0.755917,0.93795,0.902544,0.915108,0.96584,0.715847,1.194216,0.891208,0.894737,0.964691,1.056504,1.483776,0.959225,0.898872,1.04872,1.142368,0.864462,0.951723,0.943539,0.887489,4.582214,0.488181,1.124228,0.978924,0.839708,0.980306,1.010421,0.778769,1.355607,0.829626,1.124157,0.925146,0.445505,0.667402,0.907262,0.790619
2011Q2,1.02052,3.000788,0.877352,0.922827,0.944911,0.960118,1.110069,0.971089,0.220859,4.779996,3.712484,0.748518,0.988342,1.019969,0.781871,0.846694,0.878661,0.899859,0.7801,1.013105,0.93539,0.929638,1.001604,1.299891,0.328511,0.996736,0.883767,0.915163,0.974246,0.869301,0.725677,1.043647,0.929512,0.798151,2.015457,0.973955,0.881983,1.061414,0.979303,0.833622,0.845326,0.916939,0.952376,0.822648,0.974139,2.410065,0.670873,0.932341,1.183066,0.754509,0.952139,0.90418,0.922491,0.954572,0.727384,1.216607,0.895151,1.060163,0.968082,1.065538,1.583701,0.95939,0.922362,1.056731,1.168625,0.869849,0.95459,0.937962,0.888374,4.564892,0.504992,1.15609,0.972166,0.855641,0.98674,1.015018,0.781602,1.364841,0.836973,1.142968,0.909445,0.466792,0.678104,0.913262,0.804666
2011Q3,1.019994,3.140951,0.88164,0.925482,0.947371,0.953703,1.103879,0.967968,0.264404,4.970679,3.762847,0.740499,0.989238,1.019001,0.785419,0.85916,0.952891,0.904198,0.795679,1.021156,0.942514,0.933315,1.006016,1.295888,0.32597,0.994897,0.893524,0.920527,0.975981,0.874396,0.726804,1.045067,0.947276,0.79933,2.022323,0.977851,0.894602,1.088586,0.990242,0.839331,0.850033,0.925402,0.957484,0.846131,0.970871,2.421656,0.688457,0.940304,1.163526,0.757833,0.96118,0.898903,0.927546,0.964628,0.733684,1.204465,0.898942,0.997626,0.966147,1.106139,1.589547,0.964872,0.920712,1.062061,1.172046,0.876697,0.960978,0.940478,0.886962,4.594987,0.512794,1.158733,0.96982,0.862734,0.988389,1.008289,0.784397,1.375847,0.83782,1.164872,0.938897,0.482559,0.689407,0.918761,0.82013
2011Q4,1.041302,3.292275,0.873595,0.925108,0.951666,0.908581,1.09407,0.968288,0.353741,4.940872,3.821282,0.809181,0.996322,1.019229,0.785171,0.858907,0.937039,0.926429,0.80554,1.018201,0.946786,0.939177,1.008831,1.32853,0.338757,0.989858,0.900457,0.924956,0.979105,0.880297,0.741459,1.059439,0.95753,0.798087,2.086934,0.980867,0.900031,1.098318,1.007127,0.83083,0.867893,0.932986,0.963013,0.864304,0.970262,2.584942,0.725197,0.954129,1.219292,0.771077,0.959513,0.910009,0.94837,0.963521,0.757616,1.221801,0.904333,0.930474,0.971748,1.146573,1.660906,0.969239,0.934207,1.058678,1.171135,0.884011,0.969792,0.936004,0.890418,4.638757,0.529519,1.179761,0.969767,0.867486,0.990324,1.008802,0.783535,1.34598,0.848324,1.187466,0.922088,0.484858,0.690837,0.91985,0.830352
2012Q1,1.026964,3.470848,0.867307,0.935192,0.962966,0.938519,1.141979,0.956307,0.408675,5.00751,3.992076,0.745833,0.997013,1.021386,0.785535,0.8619,0.913562,0.929046,0.81416,1.024728,0.946805,0.939669,1.019787,1.368662,0.347252,0.995428,0.911212,0.936919,0.981412,0.883637,0.749265,1.043995,0.960681,0.809229,2.072879,0.979575,0.9026,1.109854,1.01938,0.85978,0.912303,0.946316,0.966546,0.859627,0.971059,2.522849,0.71686,0.95205,1.274536,0.808497,0.974856,0.916785,0.94228,0.976339,0.760534,1.205335,0.90926,1.061198,0.984047,1.163032,1.635125,0.97084,0.95564,1.056985,1.176371,0.88034,0.973783,0.932344,0.91515,4.639458,0.544358,1.21884,0.98111,0.871384,0.993799,1.007932,0.783969,1.360797,0.865256,1.211711,0.918493,0.492872,0.728883,0.925238,0.836272
2012Q2,1.037409,3.68956,0.873647,0.939609,0.964107,0.964604,1.116867,0.968338,0.455673,5.139265,3.997788,0.7901,0.995887,1.021525,0.783246,0.868989,0.9362,0.93438,0.818595,1.030598,0.951134,0.941903,1.029582,1.363097,0.356042,0.994991,0.921422,0.941394,0.986304,0.88547,0.781742,1.047834,0.963742,0.817353,2.100629,0.98892,0.907821,1.121675,1.058859,0.848906,0.870484,0.952857,0.96945,0.871893,0.966273,2.436967,0.745325,0.947907,1.230994,0.83817,0.974956,0.923692,0.960932,0.962195,0.766989,1.192775,0.915486,1.141631,0.985241,1.20222,1.661226,0.973604,0.946112,1.066109,1.173816,0.888516,0.986391,0.927706,0.925172,4.726812,0.555384,1.17557,0.983861,0.897457,0.996671,1.01738,0.791209,1.373938,0.870923,1.23965,0.92372,0.503907,0.727163,0.929078,0.846412
2012Q3,1.038656,3.829125,0.870403,0.944256,0.964274,0.966409,1.127033,0.986073,0.452379,5.21629,4.048026,0.796498,1.000903,1.016933,0.789395,0.870882,0.967451,0.935956,0.82747,1.036368,0.954321,0.948541,1.035187,1.364882,0.353138,0.994969,0.932548,0.947111,0.988763,0.889302,0.841617,1.04337,0.966541,0.826759,2.107916,0.991927,0.91612,1.112299,1.069509,0.852881,0.871251,0.965143,0.971412,0.884078,0.964539,2.546184,0.753882,0.948295,1.247478,0.847083,0.975044,0.928401,0.964956,0.967418,0.773057,1.252981,0.918651,1.094025,0.977228,1.202944,1.692716,0.975671,0.94751,1.050553,1.179631,0.896312,0.98605,0.93645,0.936247,4.822286,0.558712,1.194517,0.970496,0.924259,1.001158,1.010518,0.789584,1.39801,0.883032,1.249494,0.947222,0.515324,0.739849,0.934171,0.853139
2012Q4,1.03435,4.006169,0.869762,0.948702,0.968641,0.966273,1.13591,0.999719,0.499256,5.393159,4.108472,0.763633,1.006164,1.020686,0.798504,0.873647,0.934054,0.947991,0.844164,1.041668,0.956998,0.953832,1.036595,1.367729,0.364295,0.986029,0.930268,0.951281,0.989652,0.894694,0.931999,1.043821,0.976775,0.83086,2.082514,0.999802,0.925158,1.116036,1.08265,0.836459,0.89256,0.961778,0.975325,0.89891,0.964293,2.710435,0.777283,0.954664,1.278186,0.868298,0.984932,0.935883,0.977227,0.95725,0.771159,1.234006,0.923088,1.099511,0.963015,1.213319,1.725467,0.988121,0.950091,1.041244,1.1807,0.894704,0.985959,0.947345,0.946268,4.875922,0.56889,1.212884,0.973569,0.941836,1.003492,1.019745,0.792813,1.413523,0.889522,1.267491,0.930966,0.518316,0.762277,0.938845,0.862154
2013Q1,1.053615,4.218573,0.873456,0.949632,0.974223,0.968315,1.140715,0.984788,0.505869,5.456272,4.201206,0.763661,1.014946,1.01986,0.794131,0.881922,0.971213,0.944261,0.846043,1.008623,0.957299,0.959903,1.035607,1.398638,0.375273,0.999399,0.951597,0.961469,0.992741,0.902544,0.933062,1.042714,0.992798,0.827189,2.11733,1.005602,0.931858,1.14025,1.101095,0.856186,0.937695,0.956616,0.976729,0.918619,0.96253,2.714499,0.780941,0.957528,1.282226,0.880349,0.980994,0.946469,0.965888,0.983259,0.775614,1.219066,0.927002,1.004026,0.96934,1.243107,1.725193,0.986987,0.966308,1.056816,1.184009,0.894032,0.980173,0.950633,0.977399,4.758185,0.577238,1.198545,0.975191,0.951105,1.004235,1.027366,0.792796,1.399518,0.908715,1.290454,0.930382,0.518486,0.766528,0.94259,0.881142
2013Q2,1.034537,4.468872,0.880624,0.95548,0.976892,0.952438,1.119405,0.978638,0.544978,5.480562,4.3073,0.805723,1.014331,1.020223,0.803015,0.883448,0.948516,0.952647,0.866299,1.042847,0.960586,0.962666,1.036919,1.395131,0.390915,0.997596,0.957634,0.967087,0.994441,0.904594,1.042321,1.032476,0.997439,0.822701,2.111691,0.998788,0.944754,1.151185,1.107043,0.858926,0.890215,0.980824,0.981866,0.930872,0.962665,2.764288,0.7947,0.958521,1.213712,0.885343,0.993562,0.942623,0.976575,0.977914,0.774187,1.282777,0.936618,1.058805,0.964134,1.280962,1.762266,0.993566,0.963521,1.070991,1.177737,0.900844,0.982408,0.951533,0.963369,4.811297,0.581388,1.178065,0.971919,0.956302,1.005689,1.033203,0.794399,1.40525,0.91556,1.311351,0.941766,0.522742,0.791061,0.944618,0.893318
2013Q3,1.039938,4.729749,0.882738,0.960904,0.975901,0.946189,1.134899,0.978096,0.563404,5.53134,4.354717,0.791402,1.019909,1.018062,0.813517,0.888812,0.989316,0.964655,0.868459,1.028921,0.966067,0.967001,1.040532,1.414844,0.403268,0.996595,0.974391,0.969922,0.994779,0.910193,1.03745,1.015315,0.99758,0.844184,2.125203,0.992074,0.938532,1.181314,1.134798,0.852029,0.902335,0.973337,0.982945,0.939737,0.963313,2.871972,0.810353,0.962164,1.268395,0.904619,0.997531,0.947807,0.980997,0.980938,0.782294,1.272533,0.941869,1.105232,0.980829,1.266223,1.765493,0.991077,0.979132,1.096656,1.195494,0.915365,0.984007,0.964639,0.968355,4.873929,0.593953,1.182958,0.972056,0.956662,1.003629,1.037125,0.798354,1.416144,0.915842,1.325606,0.955204,0.539267,0.812916,0.949251,0.904433
2013Q4,1.027882,5.167782,0.889137,0.962629,0.982015,0.97669,1.142673,0.964683,0.592105,5.546877,4.459413,0.781118,1.020229,1.018414,0.821991,0.895844,0.941195,0.957027,0.876112,1.014059,0.976993,0.968521,1.044652,1.424193,0.40825,0.993646,0.965137,0.974656,0.994931,0.910934,1.085941,1.002988,1.010177,0.849582,2.12468,0.996008,0.938184,1.206838,1.161607,0.852379,0.892283,0.975,0.985666,0.943258,0.963466,2.91242,0.828961,0.963358,1.280332,0.8959,0.993487,0.958238,0.990834,0.971343,0.788981,1.330001,0.943892,1.197318,0.998339,1.270333,1.756014,0.987236,0.987252,1.128692,1.202459,0.922722,0.998209,0.960783,0.975281,4.90908,0.595063,1.182548,0.973065,0.962036,1.002234,1.030122,0.801773,1.425495,0.926826,1.343433,0.949403,0.537528,0.828223,0.954263,0.917573
2014Q1,1.049219,5.790273,0.888909,0.965686,0.984005,0.940346,1.123969,0.987733,0.606737,5.584605,4.548012,0.849837,1.034544,1.016891,0.836305,0.893228,0.938821,0.969992,0.895869,1.009278,0.982849,0.977174,1.047268,1.452347,0.413285,0.997095,0.986513,0.979838,0.998059,0.914974,1.039611,1.005306,1.007999,0.847001,2.193805,0.997744,0.966352,1.216076,1.17539,0.856066,0.920703,0.970302,0.989551,0.953419,0.964043,3.15981,0.83972,0.969542,1.259822,0.914183,1.003049,0.967656,0.99468,0.993847,0.802783,1.294684,0.948652,1.110376,1.004365,1.296325,1.845528,0.997207,0.975293,1.120625,1.203473,0.927127,0.994274,0.963111,0.999887,4.873221,0.607747,1.202152,0.966385,0.974369,0.999477,1.038166,0.804648,1.425689,0.941014,1.394754,0.939337,0.544215,0.85708,0.95787,0.93495
2014Q2,1.045842,6.368489,0.884947,0.974931,0.982336,0.95136,1.127761,0.979151,0.631602,5.649008,4.63099,0.875575,1.038209,1.014257,0.848933,0.895071,0.953958,0.973233,0.912257,1.009117,0.989076,0.982161,1.051343,1.459975,0.424859,0.995154,0.995343,0.982537,0.998526,0.914202,1.228542,1.000272,1.023638,0.85797,2.238939,0.997034,0.971164,1.226876,1.165356,0.862999,0.916108,0.967657,0.988471,0.962976,0.983847,3.050563,0.849755,0.964139,1.230528,0.924502,0.998001,0.97641,0.994956,0.995643,0.812462,1.291226,0.954997,1.05088,1.006654,1.316826,1.863303,0.98715,0.977761,1.11777,1.219424,0.928611,0.991327,0.961201,1.003422,4.959796,0.627251,1.190893,0.969378,0.976403,1.001997,1.040607,0.80951,1.440761,0.949327,1.411598,0.959607,0.590947,0.86894,0.96329,0.940401
2014Q3,1.062385,6.69826,0.880549,0.982282,0.989949,0.993753,1.125535,0.978602,0.673492,5.64934,4.733052,0.834425,1.041476,1.011986,0.863566,0.901187,1.004724,0.98046,0.927058,1.015246,0.992847,0.98455,1.044968,1.462583,0.44435,0.992876,0.988185,0.985412,0.999328,0.924742,1.403663,1.001773,1.040885,0.862515,2.27658,0.999838,0.978944,1.241849,1.186927,0.857891,0.966231,0.97225,0.989687,0.968921,0.983696,3.158981,0.874123,0.965943,1.192083,0.932611,1.0024,0.989147,0.997105,0.998862,0.817819,1.283646,0.961942,1.12967,1.001785,1.334913,1.938044,0.990478,0.973329,1.11063,1.225629,0.940866,0.995557,0.968049,0.992008,4.93688,0.638761,1.187228,0.972473,0.985801,1.003551,1.038207,0.812459,1.43191,0.968575,1.421459,0.966124,0.632863,0.871785,0.967273,0.953931
2014Q4,1.052789,7.219388,0.882582,0.988305,0.991099,0.989972,1.087468,0.999758,0.694804,5.590608,4.774144,0.885796,1.034397,1.007883,0.874719,0.900069,1.020702,0.980541,0.934751,1.005749,0.995674,0.986456,1.057044,1.429514,0.450381,0.993162,0.997182,0.98861,1.003906,0.922156,1.354633,1.005034,1.040086,0.873415,2.34964,1.00103,0.979639,1.249921,1.193409,0.867205,0.967012,0.985792,0.995378,0.975826,0.986198,2.906504,0.89834,0.976836,1.022418,0.90217,0.994968,0.981147,1.005315,1.01161,0.82397,1.315345,0.971589,1.056506,0.998284,1.345081,1.946638,0.993677,0.957408,1.105272,1.228035,0.947197,0.988433,0.962276,1.001054,4.949155,0.654216,1.053797,0.971961,0.988552,1.002776,1.029007,0.815162,1.429934,0.978955,1.439346,0.974448,0.683593,0.90322,0.968216,0.960311
2015Q1,1.047163,7.472619,0.88013,0.987448,0.994432,0.986943,1.027489,0.98381,0.731128,5.520265,4.85595,0.897219,1.024803,1.005632,0.89079,0.895317,0.98196,0.98147,0.955775,1.004898,0.997703,0.995872,1.055727,1.406189,0.459151,1.001657,0.990816,0.997547,1.007819,0.923884,1.299482,0.999256,1.038538,0.884436,2.424645,1.002496,0.979937,1.263154,1.191146,0.920753,1.044635,0.99755,0.995951,0.980749,0.995128,2.873657,0.917884,0.99886,0.902376,0.947038,0.996147,1.000416,0.996619,1.029662,0.825474,1.327542,0.992483,1.006074,0.993288,1.305566,1.98612,0.988942,0.947085,1.110608,1.228884,0.92971,0.995142,0.976099,0.98466,5.064307,0.655496,1.015017,0.997721,0.988854,0.996352,1.046932,0.824133,1.434675,0.992958,1.473453,0.984795,0.763267,0.911364,0.967686,0.975121
2015Q2,1.064852,7.804965,0.878239,0.997763,0.99541,1.016668,1.025845,0.997342,0.748304,5.401104,4.956446,0.884436,1.027921,0.999933,0.892181,0.899627,0.972942,0.983775,0.952751,1.00306,0.999503,0.999934,1.053106,1.43041,0.462344,0.999907,0.995767,0.999283,1.009586,0.922043,1.396682,0.994629,1.054794,0.891288,2.4037,1.000263,0.990788,1.282725,1.203386,0.950213,0.991182,0.999831,0.998022,0.982643,0.999739,2.991491,0.94168,1.000776,0.947579,0.985888,1.000015,1.00628,1.000537,1.028362,0.838545,1.319803,0.994998,0.989505,0.997403,1.362501,2.041568,1.000104,0.955147,1.124575,1.257646,0.925242,0.996783,0.981123,1.01743,5.020781,0.664191,0.992969,0.99951,0.998874,1.000121,1.041743,0.827862,1.439738,0.993036,1.517142,0.987531,0.831672,0.943785,0.973252,0.997575
2015Q3,1.062537,8.519233,0.878894,1.004948,1.003239,0.991194,1.008802,1.004755,0.762905,5.2846,5.100311,0.92974,1.032525,0.998138,0.903308,0.899347,0.985188,1.011707,0.950755,1.001738,1.001118,1.002813,1.055208,1.416614,0.464463,0.99986,0.99929,1.001189,1.012946,0.924785,1.394951,1.001264,1.056738,0.894006,2.412651,0.991808,1.00416,1.291367,1.207464,0.956682,0.978789,0.992897,1.002733,0.987269,1.002195,3.150918,0.954832,0.999242,0.848035,0.998337,0.997638,1.003646,1.000468,1.033899,0.845147,1.316219,1.002075,1.009538,1.003059,1.372534,2.05561,1.006823,0.945955,1.120931,1.254415,0.930127,0.995773,0.986962,1.022131,5.122672,0.686311,0.955686,1.001482,1.002196,1.000354,1.044968,0.828984,1.447907,1.00405,1.545979,0.996064,0.879057,0.967671,0.975819,1.006143
2015Q4,1.060961,9.193119,0.873913,1.010454,1.006824,1.006385,0.986418,1.011979,0.78802,5.247744,5.192613,0.864213,1.027017,0.996378,0.907024,0.897469,0.994143,1.02264,0.953165,0.999323,1.001604,1.004706,1.054825,1.406442,0.478099,0.998621,1.005593,1.001934,1.015034,0.929733,1.499994,0.997628,1.054838,0.899442,2.44637,1.006354,1.030846,1.294042,1.214433,0.980274,0.987902,1.005129,1.003251,0.994532,1.002513,3.182791,0.967227,1.001104,0.789217,1.056218,1.006126,1.000729,1.000324,1.0349,0.852916,1.326743,1.009465,1.007076,1.003856,1.403072,2.08677,1.004318,0.926631,1.112548,1.266784,0.934923,1.012032,0.988254,1.037557,5.138955,0.691418,0.900828,1.000026,1.007986,1.002281,1.052077,0.831208,1.447377,1.009879,1.572762,1.001959,0.916921,0.994827,0.9758,1.021157
2016Q1,1.050682,10.24529,0.871615,1.016643,1.004903,1.028724,0.989992,1.008422,0.803789,5.170992,5.318613,0.955567,1.024871,0.997041,0.930931,0.89848,0.974861,1.031704,0.943137,0.989893,1.0119,1.009816,1.057615,1.448074,0.487304,0.999244,1.018951,0.999481,1.01701,0.934933,1.58597,0.995504,1.074282,0.903206,2.448035,0.995087,1.000596,1.292292,1.221716,0.951864,1.055367,1.015973,1.009362,0.995192,1.006473,3.345292,0.985167,1.018886,0.733496,1.014637,1.013004,0.977871,0.996761,1.039503,0.866356,1.37088,1.011428,1.011959,0.999286,1.392016,2.11521,1.001971,0.917651,1.127118,1.280699,0.933652,1.001212,0.996888,1.039584,5.114799,0.675143,0.898243,0.994458,1.00582,0.991841,1.048928,0.832577,1.460218,1.035689,1.596942,1.010586,0.916427,1.001484,0.974971,1.047011
2016Q2,1.037215,11.49338,0.877074,1.021862,1.021165,1.017256,1.014628,1.008369,0.810712,5.228435,5.414998,0.997477,1.031859,0.996289,0.93103,0.90616,0.996578,1.0454,0.963785,0.993804,1.010925,1.013064,1.055804,1.438484,0.506546,1.001986,1.015479,0.999778,1.015824,0.937714,1.647492,0.998126,1.075701,0.90241,2.48003,0.997146,1.019703,1.306802,1.237751,0.938019,1.019274,0.998216,1.010628,0.9993,1.004266,3.46504,0.983128,1.019469,0.813744,1.043503,1.011253,0.975401,1.003571,1.041676,0.88202,1.352353,1.017842,1.000919,1.010328,1.432887,2.125054,1.004555,0.930325,1.131295,1.274804,0.935923,1.002742,0.998708,1.035339,5.23551,0.688242,0.933621,1.000559,1.010835,0.995066,1.047356,0.838047,1.480773,1.044449,1.609565,0.996336,0.965712,0.999087,0.981577,1.067843
2016Q3,1.052868,12.07441,0.888077,1.020047,1.024205,1.037035,1.004497,1.020939,0.830114,5.326152,5.475577,1.035822,1.038297,0.99382,0.944781,0.912077,0.979421,1.055623,0.975825,1.004188,1.011091,1.014643,1.053303,1.43902,0.526894,1.005431,1.017188,1.001886,1.016669,0.946924,1.644234,0.99362,1.085427,0.905776,2.549118,1.002167,1.019104,1.319068,1.232181,0.963964,1.016161,1.012767,1.012313,0.999487,1.002845,3.524203,1.006799,1.014784,0.819413,1.063037,1.017039,0.997577,1.008934,1.042714,0.90132,1.373001,1.021263,1.038814,1.020949,1.527641,2.14962,1.004849,0.940306,1.138568,1.296646,0.945058,1.005581,1.001726,1.083593,5.219908,0.699659,0.944841,1.004626,1.015877,0.993095,1.054656,0.842381,1.487114,1.058852,1.660221,0.986565,1.016014,1.001619,0.984103,1.078071
2016Q4,1.067186,12.72958,0.907376,1.015638,1.026409,1.05034,1.042527,1.018172,0.838382,5.410857,5.556021,1.009404,1.048087,0.988712,0.953118,0.922951,1.011935,1.072921,1.006343,0.99777,1.011775,1.019063,1.06284,1.441704,0.565827,1.006153,1.030502,1.002318,1.017245,0.95347,1.766543,0.991846,1.083433,0.915551,2.564552,1.001552,1.023881,1.337891,1.245746,0.944078,1.002882,0.993096,1.01304,1.005433,1.00282,3.575284,1.027002,1.026246,0.87794,1.087626,1.019251,1.006103,1.02281,1.042994,0.918979,1.373006,1.027943,1.071385,1.031584,1.606596,2.156711,1.007174,0.949856,1.150951,1.31124,0.9503,1.00681,1.002594,1.071361,5.291195,0.711149,0.97956,1.015882,1.027475,0.999787,1.06484,0.85142,1.494017,1.058234,1.742419,1.006669,1.074105,1.00047,0.988873,1.08513
2017Q1,1.058973,13.4701,0.920999,1.016078,1.03367,1.060952,1.067872,1.017288,0.857518,5.498643,5.580495,0.983053,1.057782,0.988125,0.970499,0.938426,1.041767,1.089376,0.996864,1.007071,1.015282,1.021794,1.067889,1.485905,0.62756,1.012099,1.045812,1.00627,1.019765,0.957806,1.739555,0.993203,1.091686,0.923145,2.586239,0.996703,1.0365,1.356541,1.288334,0.951258,1.023105,1.003686,1.01319,1.009019,1.000689,3.68711,1.050448,1.035897,0.959858,1.070972,1.039418,1.010912,1.020786,1.046182,0.935796,1.38673,1.034233,1.116734,1.05498,1.642355,2.200681,1.009434,0.968675,1.165348,1.319496,0.956476,1.015869,1.006009,1.079457,5.319333,0.727466,0.998295,1.035133,1.039358,1.000888,1.060391,0.855021,1.500877,1.076515,1.745687,1.000356,1.155695,1.043917,0.993896,1.105898
2017Q2,1.067739,14.05641,0.915021,1.024834,1.038389,1.074807,1.052054,1.020054,0.872808,5.525888,5.604274,0.968918,1.058047,0.986714,0.980131,0.942547,0.973531,1.097879,0.997683,1.003639,1.021556,1.027353,1.072927,1.469727,0.66057,1.014887,1.062248,1.006155,1.021432,0.958418,1.838487,0.995032,1.091654,0.930659,2.600488,1.011703,1.051274,1.362881,1.278746,0.962806,1.014274,1.010413,1.016978,1.013511,1.002521,3.733937,1.080555,1.036099,0.907649,1.109442,1.053493,1.016297,1.033222,1.040155,0.945214,1.393596,1.039985,1.185762,1.054473,1.638231,2.207431,1.017349,0.966372,1.160508,1.330067,0.958613,1.021868,1.014327,1.080164,5.371058,0.725978,0.976517,1.028796,1.043057,1.003741,1.063079,0.85992,1.498472,1.092095,1.784057,0.979588,1.176365,1.041432,0.996514,1.11808
2017Q3,1.069247,15.18648,0.917701,1.031299,1.039544,1.08665,1.065346,1.040901,0.898079,5.715038,5.609225,0.959334,1.05941,0.993075,0.989312,0.951921,0.967612,1.110634,1.007761,1.01076,1.027554,1.032013,1.069206,1.45689,0.697542,1.014408,1.055488,1.008603,1.022473,0.959089,1.920536,0.997965,1.101432,0.936046,2.642704,1.015228,1.059657,1.374036,1.296711,0.949199,1.053523,0.999453,1.020354,1.022992,1.005986,3.840207,1.082723,1.052112,0.916381,1.144037,1.065718,1.009144,1.043358,1.037949,0.95523,1.42278,1.043595,1.088344,1.056575,1.664795,2.209448,1.01889,0.967616,1.177843,1.344081,0.966223,1.028363,1.019213,1.084327,5.525448,0.730056,1.009705,1.017576,1.043726,1.010152,1.074416,0.854257,1.509949,1.108367,1.855433,0.987718,1.233486,1.060907,1.001628,1.138289
2017Q4,1.073629,15.88824,0.919026,1.035828,1.039823,1.106927,1.09964,1.04627,0.933589,5.678796,5.704197,0.983449,1.074169,0.992856,0.991657,0.961471,1.017678,1.123698,1.003686,1.0057,1.033454,1.036399,1.069669,1.467278,0.71286,1.023469,1.0745,1.015118,1.023946,0.967838,1.880124,0.999594,1.109885,0.941202,2.666668,1.018332,1.06979,1.389523,1.303551,0.959423,1.037264,0.994772,1.024067,1.024471,1.00392,4.170112,1.090846,1.045792,0.990413,1.122269,1.073217,1.015439,1.052256,1.040215,0.964744,1.416847,1.047871,1.174706,1.051983,1.695481,2.279901,1.024854,0.985521,1.188279,1.355985,0.967961,1.024975,1.020765,1.079694,5.547847,0.744468,1.049829,1.050233,1.054826,1.013189,1.090606,0.865005,1.524829,1.117881,1.93987,0.998518,1.292906,1.08191,1.007786,1.149709
2018Q1,1.081287,17.63289,0.92801,1.040666,1.044228,1.086878,1.116764,1.052843,0.961567,5.789321,5.78936,0.97621,1.076649,0.992293,0.997856,0.975018,1.020583,1.144183,1.028708,1.013178,1.041257,1.040921,1.067844,1.492499,0.715656,1.02206,1.08933,1.019902,1.028059,0.970016,1.980765,0.993034,1.106555,0.957128,2.640624,1.023168,1.080404,1.403741,1.326975,0.970149,1.062305,1.000195,1.026322,1.033346,1.00602,4.032117,1.101793,1.043841,1.036661,1.155219,1.081849,1.024518,1.057505,1.052307,0.978726,1.446051,1.048103,1.242072,1.054115,1.752597,2.254605,1.035944,1.002476,1.182067,1.363359,0.982991,1.02754,1.028232,1.085626,5.617534,0.772614,1.122906,1.039198,1.05851,1.019883,1.088704,0.874124,1.514201,1.160233,1.978605,0.99396,1.32894,1.111546,1.014209,1.148428
2018Q2,1.080282,19.77144,0.933101,1.037023,1.053342,1.134336,1.111838,1.059884,0.992435,5.796034,5.885019,0.95674,1.084256,0.997858,1.000533,0.97635,1.024987,1.149001,1.020777,1.018252,1.047544,1.046075,1.07237,1.491475,0.74666,1.027146,1.105483,1.024793,1.029732,0.976318,1.974423,0.993915,1.104688,0.96549,2.659913,1.029003,1.102107,1.416662,1.345174,0.965287,1.036367,1.008902,1.030635,1.040363,1.003945,4.182774,1.125367,1.046164,1.051432,1.146898,1.089037,1.037931,1.073902,1.051393,0.992019,1.466583,1.055952,1.230079,1.059968,1.838024,2.28266,1.034752,1.024692,1.186223,1.369163,0.996075,1.031103,1.031017,1.099739,5.745533,0.807462,1.176733,1.064426,1.061772,1.025025,1.080694,0.877504,1.526883,1.174274,2.064391,0.986575,1.38147,1.118304,1.021359,1.168258
2018Q3,1.085408,21.85573,0.942856,1.045233,1.054454,1.150985,1.130181,1.058786,1.004414,5.775033,5.894316,0.981178,1.085902,0.999849,0.998149,0.984742,0.984805,1.163171,1.015223,1.020495,1.053681,1.052705,1.083231,1.497631,0.797208,1.030196,1.109397,1.032494,1.033737,0.981284,2.076927,0.99386,1.11495,0.971277,2.671967,1.037583,1.113726,1.434051,1.366879,0.967743,1.073654,1.003352,1.029746,1.044418,1.002782,4.338108,1.130889,1.054693,1.085172,1.153511,1.103468,1.028676,1.08413,1.05107,1.006176,1.453209,1.063745,1.199585,1.072567,1.8516,2.297951,1.045932,1.052814,1.199401,1.365287,1.010241,1.039326,1.036742,1.095309,5.875709,0.820313,1.176239,1.081469,1.069655,1.032284,1.097922,0.878255,1.541328,1.197991,2.227237,0.967987,1.432881,1.145031,1.025764,1.182423
2018Q4,1.086313,24.24551,0.950811,1.054183,1.063576,1.129429,1.109936,1.070117,1.03598,5.75582,5.97247,0.98293,1.071501,1.001498,0.996147,0.991999,1.042413,1.169901,1.023486,1.015669,1.060686,1.0604,1.088081,1.504715,0.813464,1.036127,1.134665,1.039909,1.036883,0.989438,2.065375,0.996822,1.124768,0.974752,2.727823,1.035078,1.11949,1.43705,1.37339,0.964433,1.065251,1.012569,1.031482,1.04492,1.000513,4.393073,1.127134,1.045517,1.026497,1.182232,1.113888,1.029381,1.094141,1.048788,1.021252,1.474062,1.069436,1.265737,1.058008,1.875055,2.301971,1.051437,1.048479,1.191662,1.373809,1.005147,1.044364,1.037997,1.129122,5.931085,0.826029,1.175443,1.093709,1.073147,1.032626,1.112551,0.88599,1.539936,1.210708,2.27959,0.994242,1.468063,1.161031,1.0302,1.192966
2019Q1,1.083646,26.34155,0.959237,1.053049,1.062153,1.181453,1.12106,1.078874,1.046321,5.734002,5.977902,1.000442,1.086213,1.000447,1.013854,0.987013,0.996683,1.179596,1.037362,1.028407,1.08105,1.061875,1.084452,1.497714,0.818308,1.041056,1.138791,1.038355,1.040821,0.989648,2.123372,1.00068,1.129036,0.977264,2.719857,1.03862,1.140132,1.441149,1.327264,0.982279,1.083035,1.029042,1.034825,1.045123,1.007723,4.327339,1.138567,1.039303,1.036087,1.188223,1.113691,1.032436,1.116439,1.057679,1.025799,1.465662,1.072935,1.351637,1.057094,1.90779,2.350541,1.069007,1.039122,1.19748,1.386741,1.001567,1.055313,1.048958,1.140034,5.967523,0.827246,1.1134,1.069106,1.08218,1.046956,1.109847,0.898078,1.537952,1.233193,2.351805,0.98443,1.496646,1.193456,1.03374,1.198178
2019Q2,1.09664,29.27653,0.969508,1.055465,1.068513,1.215104,1.128187,1.087361,1.083737,5.734119,6.098875,0.973272,1.096329,0.997903,1.019852,0.990817,1.018084,1.198592,1.044969,1.030922,1.088658,1.068189,1.085472,1.502476,0.831342,1.040677,1.152039,1.042334,1.043395,0.998233,2.254679,1.001648,1.145821,0.987331,2.760756,1.047904,1.161108,1.448341,1.373239,0.992984,1.092098,1.025949,1.034868,1.051904,1.008407,4.664157,1.161269,1.040362,1.073166,1.198805,1.128212,1.034947,1.119451,1.069497,1.038938,1.469881,1.080209,1.337147,1.05628,2.063062,2.416045,1.068554,1.024051,1.215463,1.393612,1.006729,1.076768,1.046813,1.136762,6.14927,0.843455,1.144804,1.06837,1.091136,1.050257,1.103574,0.899415,1.552068,1.261477,2.377547,0.983532,1.517091,1.205772,1.038884,1.22161
2019Q3,1.092575,32.19221,0.975931,1.065939,1.076374,1.166704,1.118072,1.084437,1.10017,5.753165,6.220991,0.979667,1.096868,0.995176,1.029599,0.997039,1.039493,1.208378,1.05302,1.034305,1.09468,1.076184,1.089651,1.496776,0.844412,1.041978,1.152652,1.045754,1.047082,1.003214,2.262574,0.990898,1.160039,0.993489,2.811482,1.058145,1.166265,1.444908,1.375043,0.994655,1.138867,1.03401,1.039349,1.051675,1.007495,4.52432,1.189911,1.039293,1.03979,1.203293,1.128564,1.03959,1.126468,1.056739,1.049179,1.479301,1.089398,1.359478,1.06276,2.044612,2.424734,1.075455,1.013124,1.228238,1.396026,1.014253,1.075559,1.055195,1.125956,6.243475,0.837563,1.152279,1.072697,1.093132,1.053325,1.12512,0.901107,1.545103,1.287295,2.46779,0.98273,1.543695,1.244686,1.042118,1.237473
2019Q4,1.115304,36.46736,0.969343,1.069672,1.083052,1.191285,1.107596,1.095173,1.106989,5.735449,6.238773,0.962901,1.106338,0.994398,1.03808,1.002877,1.046734,1.224775,1.052581,1.027748,1.102249,1.083534,1.097302,1.519297,0.858694,1.051504,1.162012,1.05224,1.049818,1.008786,2.185857,0.993007,1.174878,0.991745,2.849403,1.063036,1.16128,1.449578,1.398228,1.015742,1.111695,1.014585,1.04782,1.049767,1.014961,4.706758,1.187033,1.036175,1.037309,1.226862,1.140131,1.039469,1.134222,1.053891,1.056836,1.475469,1.092656,1.381846,1.073217,2.06093,2.43801,1.080257,1.025763,1.233365,1.397713,1.005468,1.078646,1.05537,1.140793,6.414711,0.833216,1.160702,1.063343,1.099425,1.061446,1.141735,0.906103,1.55066,1.299827,2.533722,0.985885,1.536254,1.271094,1.045401,1.251494
2020Q1,1.100817,39.6981,0.975323,1.077218,1.085847,1.209558,1.087754,1.086572,1.162891,5.629723,6.425716,1.011595,1.094606,0.991114,1.072873,1.003057,1.057009,1.225588,1.06049,1.034835,1.12345,1.090584,1.115592,1.491143,0.871852,1.052743,1.135037,1.061549,1.062693,1.019395,2.261448,0.995862,1.172007,0.999612,2.87018,1.070164,1.206201,1.453133,1.394078,0.995675,1.13108,1.044596,1.047232,1.050352,1.018298,4.814993,1.202491,1.035294,0.996727,1.232277,1.145096,1.051082,1.153896,1.059755,1.078329,1.509099,1.097941,1.370462,1.067214,2.083693,2.49472,1.088543,1.026292,1.241425,1.410531,1.012894,1.08498,1.06467,1.136329,6.269812,0.827849,1.080335,1.052308,1.118171,1.07965,1.121652,0.916878,1.540835,1.326366,2.603955,0.983332,1.584488,1.307597,1.050364,1.266462
2020Q2,1.080769,40.95332,0.967333,1.097662,1.080282,1.235149,0.993016,1.083135,1.201465,5.540814,6.530929,1.056136,1.082293,0.986526,1.134331,0.985675,1.017327,1.196162,1.030349,1.00423,1.134324,1.101811,1.117001,1.490541,0.8798,1.050253,1.11862,1.066914,1.101722,1.094381,2.281728,0.990875,1.185699,0.995519,2.898354,1.061331,1.244021,1.422856,1.390919,0.993317,1.121082,1.047564,1.057999,1.033522,1.022939,4.650615,1.224725,1.057049,0.743422,1.219787,1.150589,1.114691,1.140766,1.060015,1.084244,1.451,1.099695,1.450624,1.035845,2.151553,2.529361,1.08822,0.977257,1.241593,1.421373,1.027016,1.112764,1.084771,1.153616,6.111409,0.810086,0.934382,1.029873,1.114897,1.069839,1.123662,0.924885,1.506633,1.333442,2.634072,1.003446,1.605207,1.347829,1.046147,1.270504
2020Q3,1.107162,44.56268,0.973556,1.09893,1.090642,1.252084,1.038865,1.083533,1.216875,5.653088,6.571645,0.984791,1.108603,0.989526,1.144889,1.002984,1.055782,1.213988,1.051906,1.014109,1.141991,1.084701,1.125951,1.497713,0.881148,1.05398,1.146777,1.060215,1.062964,1.051266,2.385629,0.993831,1.195451,0.993253,2.917707,1.045544,1.238655,1.433881,1.421342,0.980772,1.180617,1.039307,1.055101,1.038702,1.019217,4.899032,1.222502,1.064394,0.92136,1.246519,1.141683,1.069154,1.143393,1.048828,1.104366,1.505045,1.103447,1.449149,1.050004,2.187308,2.552981,1.096667,0.98722,1.252485,1.457628,1.024392,1.12955,1.070605,1.159877,6.524608,0.834814,1.075753,1.034112,1.115197,1.076687,1.119483,0.91146,1.523632,1.369796,2.852245,1.008574,1.683334,1.358497,1.055363,1.295101
2020Q4,1.112153,48.91084,0.987372,1.098104,1.101285,1.256966,1.083938,1.094894,1.266409,5.632028,6.670118,1.046753,1.125462,0.991253,1.152035,1.007554,1.084961,1.243238,1.07724,1.010394,1.155679,1.093893,1.12568,1.512557,0.906149,1.065027,1.152349,1.058671,1.076382,1.046961,2.499894,0.980802,1.189493,0.985184,2.973135,1.066658,1.252199,1.449492,1.464732,1.003511,1.171598,1.027085,1.062366,1.045559,1.016904,4.960127,1.257807,1.063412,0.930616,1.274461,1.150834,1.107039,1.151959,1.075006,1.107913,1.499865,1.10926,1.404402,1.057071,2.276505,2.57136,1.102276,1.005655,1.243195,1.492341,1.027891,1.14606,1.07241,1.192542,6.796505,0.867026,1.093437,1.039814,1.127045,1.087019,1.154743,0.925054,1.535806,1.377541,3.029597,1.013974,1.811339,1.388586,1.062749,1.332807
2021Q1,1.118325,56.87659,1.007716,1.09795,1.108262,1.283817,1.120999,1.115337,1.305105,5.689883,7.171999,1.063243,1.159972,0.994773,1.160996,1.025207,1.073519,1.260963,1.070576,1.027863,1.160336,1.110453,1.137471,1.501101,0.918404,1.074505,1.154613,1.064581,1.086494,1.056456,2.556486,0.972302,1.200325,0.992628,2.91497,1.056333,1.261819,1.4834,1.513998,0.977957,1.191978,1.037854,1.066827,1.057672,1.018962,5.091594,1.245593,1.067153,,1.309321,1.172123,1.099297,1.159214,1.069251,1.119324,1.531317,1.116145,1.541074,1.082723,2.332004,2.588389,1.115626,1.083704,1.246483,1.515779,1.033312,1.158665,1.093607,1.215233,6.605005,0.921544,1.137844,1.07994,1.148647,1.084567,1.136069,0.939205,1.541216,1.374997,3.155215,1.014921,1.930893,1.445458,1.076702,1.343828
2021Q2,1.142136,65.39468,1.029527,1.101426,1.115874,1.308225,1.140413,1.131056,1.380417,5.84935,7.209558,1.0873,1.185989,1.003,1.206983,1.036114,1.059141,1.293377,1.074101,1.038152,1.177681,1.111191,1.140867,1.514959,0.922818,1.068748,1.171967,1.079467,1.091077,1.038984,2.626479,0.99776,1.211141,1.002044,2.987999,1.064891,1.301338,1.504673,1.500189,0.989943,1.174261,1.069751,1.066943,1.060922,1.019143,5.315886,1.269898,1.080295,,1.309831,1.218329,1.113176,1.171462,1.073437,1.131498,1.553165,1.116188,1.521853,1.100029,2.367515,2.582916,1.120609,1.119973,1.267819,1.558114,1.056606,1.168402,1.08938,1.240228,6.600449,0.982529,1.167337,1.132253,1.170203,1.090984,1.156509,0.934284,1.546149,1.399034,3.292879,1.021529,2.027381,1.531625,1.093047,1.379254
2021Q3,1.13917,69.16456,1.044903,1.110581,1.126366,1.348279,1.160944,1.147024,1.40659,5.889069,7.340666,1.102661,1.201392,1.003494,1.219061,1.050562,1.082912,1.328249,1.080382,1.047104,1.187847,1.132889,1.160187,1.544778,0.946344,1.081165,1.218994,1.090301,1.090592,1.045957,2.729199,1.002278,1.223852,0.999679,3.067404,1.085014,1.316707,1.535251,1.544245,1.001952,1.262486,1.055721,1.070523,1.064501,1.016387,5.717147,1.295062,1.093396,,1.330978,1.231254,1.144921,1.189603,1.088493,1.151024,1.550596,1.126016,1.627653,1.126111,2.42051,2.614336,1.130602,1.152728,1.306001,1.58765,1.051295,1.186033,1.093914,1.28846,6.766567,1.026977,1.223741,1.146301,1.188391,1.109047,1.163974,0.94261,1.550899,1.426813,3.575725,1.031801,2.107406,1.529405,1.109202,1.385125
2021Q4,1.160615,75.82934,1.038435,1.124171,1.145729,1.376619,1.225258,1.166692,1.494991,5.980914,7.372663,1.17372,1.224461,1.005843,1.214547,1.065775,1.104964,1.370165,1.09798,1.060174,1.18067,1.146726,1.172876,1.58447,0.965626,1.109293,1.267789,1.104184,1.093137,1.05717,2.859185,1.038682,1.234837,1.007205,3.126991,1.094343,1.356626,1.579923,1.594184,1.026476,1.273309,1.065313,1.071833,1.075581,1.013363,5.694336,1.309763,1.095484,,1.447892,1.268357,1.178337,1.237594,1.113368,1.163106,1.544898,1.137515,1.882252,1.145082,2.462969,2.718138,1.137041,1.29597,1.308693,1.617089,1.045992,1.195769,1.09479,1.293492,7.05444,1.070541,1.243893,1.164311,1.225091,1.12969,1.188882,0.957677,1.573396,1.437559,4.245171,1.040663,2.260388,1.57664,1.12849,1.394629
2022Q1,1.219877,87.35815,1.079486,1.144188,1.166955,1.434177,1.271273,1.206825,1.517192,6.128934,7.532295,1.211045,1.259843,1.018066,1.234901,1.064923,1.123514,1.433141,1.120628,1.080682,1.231664,1.161802,1.209413,1.611058,1.012125,1.116479,1.324082,1.1177,1.10314,1.073047,3.028967,1.061378,1.25892,1.001688,3.172023,1.12188,1.417303,1.603334,1.650015,1.039416,1.323627,1.08982,1.086924,1.078423,1.021819,6.099818,1.339792,1.09462,,1.597338,1.358066,1.180148,1.273313,1.088434,1.190825,1.553582,1.154532,1.700669,1.174992,2.552197,2.762025,1.165873,1.484717,1.324043,1.620023,1.076003,1.205642,1.113957,1.329309,7.338095,1.160211,1.354196,1.211687,1.233482,1.14596,1.183373,0.967158,1.600712,1.457774,5.317148,1.050264,2.432612,1.556712,1.151361,1.400047
2022Q2,1.246788,101.5915,1.118797,1.161278,1.183583,1.508752,1.294828,1.274883,1.573555,6.083931,7.876321,1.290683,1.298721,1.028287,1.268706,1.072353,1.14272,1.487982,1.154046,1.099441,1.257993,1.177373,1.248923,1.628498,1.087981,1.115112,1.385768,1.13086,1.114489,1.095325,3.221569,1.073239,1.281441,1.012948,3.262326,1.167562,1.468377,1.6734,1.686112,1.074402,1.294507,1.101741,1.098598,1.085741,1.019288,6.549135,1.374672,1.103609,,1.970815,1.423312,1.204583,1.325835,1.102036,1.21641,1.61577,1.177417,1.857083,1.197744,2.633872,2.832838,1.171314,1.492295,1.343357,1.634475,1.10987,1.287664,1.141236,1.356233,7.655629,1.162106,1.468851,1.266954,1.291607,1.178188,1.223072,0.992052,1.626743,1.493864,6.576613,1.039675,2.783731,1.561914,1.176706,1.451183
2022Q3,1.261124,121.1758,1.116621,1.186368,1.199717,1.563156,1.237346,1.283938,1.623721,6.126975,7.992075,1.249518,1.283262,1.02999,1.308087,1.072539,1.112884,1.533477,1.167645,1.125135,1.301814,1.184882,1.281471,1.608459,1.109685,1.122893,1.429418,1.155018,1.130033,1.111491,3.515778,1.088183,1.308287,1.032843,3.368657,1.187461,1.544951,1.699346,1.701547,1.07085,1.380402,1.117442,1.093961,1.101874,1.012282,6.715869,1.387727,1.094175,,2.241925,1.457338,1.210332,1.375583,1.132822,1.22742,1.694148,1.193275,2.030051,1.190356,2.739094,2.888444,1.199276,1.592368,1.36651,1.639142,1.112507,1.32001,1.15235,1.357502,7.817424,1.143711,1.407068,1.240605,1.332734,1.196826,1.266113,1.012925,1.63986,1.524476,7.626656,1.045715,2.905294,1.600092,1.189628,1.453367
2022Q4,1.281721,143.6908,1.132923,1.203241,1.211625,1.646917,1.205431,1.324771,1.635608,6.264041,8.057276,1.320428,1.274063,1.032579,1.311972,1.066863,1.166744,1.555665,1.153427,1.121735,1.317748,1.215442,1.244535,1.622186,1.162844,1.159435,1.456016,1.16919,1.142208,1.134718,3.911289,1.093511,1.324096,1.027771,3.404038,1.228102,1.573274,1.71026,1.704829,1.076041,1.351439,1.122263,1.123846,1.10271,1.026246,7.110148,1.373894,1.099556,,2.309752,1.463609,1.223546,1.388184,1.153501,1.235981,1.793438,1.206966,2.071767,1.177373,2.738075,2.95784,1.218679,1.417116,1.373725,1.665638,1.115026,1.385931,1.180633,1.372994,7.941851,1.158927,1.343904,1.214697,1.37419,1.222214,1.272961,1.026075,1.637209,1.584476,8.450176,1.050379,3.088928,1.639169,1.200928,1.460291
2023Q1,1.293561,170.2168,1.153626,1.240799,1.232693,1.679622,1.194203,1.306549,1.674532,6.142818,8.032495,1.307735,1.27571,1.036805,1.351265,1.068254,1.161776,1.583856,1.157851,1.138338,1.370996,1.237771,1.233022,1.637764,1.360949,1.186965,1.497167,1.187213,1.162337,1.155018,4.424298,1.11303,1.35234,1.020618,3.447197,1.263317,1.621542,1.717507,1.721521,1.088263,1.410611,1.140529,1.137631,1.101966,1.040054,7.018536,1.413193,1.10727,,2.38851,1.534099,1.252833,1.409735,1.144499,1.242382,1.775831,1.221118,2.291445,1.17028,2.826124,3.021471,1.250735,1.396157,1.398835,1.725521,1.146057,1.419682,1.209688,1.391357,8.370481,1.173181,1.340173,1.225441,1.413935,1.278924,1.314882,1.04212,1.644888,,9.520365,1.051201,,1.653021,1.212605,1.482336
2023Q2,1.311604,213.1294,1.135874,1.250954,1.227608,1.629825,1.146386,1.263051,1.734525,6.019845,8.172305,1.350305,1.284924,1.036749,1.369942,1.057761,,1.588799,1.145958,1.142732,1.386506,1.256503,1.208632,1.63866,1.394443,1.187605,1.501595,1.188673,1.181436,1.182238,4.467274,1.131237,1.37381,1.041548,3.521647,1.274767,1.702695,1.698425,1.683165,1.112683,1.411152,1.143205,1.142406,1.103717,1.054826,6.914199,1.426867,1.110029,,2.292895,1.528414,1.277848,1.412437,1.151268,1.254689,1.738407,1.24351,2.25232,1.149845,2.971298,3.048099,1.272977,1.321647,1.427096,1.737218,1.158755,1.464136,1.227807,1.389093,8.455372,1.208842,1.30163,1.249121,1.427154,1.292184,1.34023,1.04983,1.643859,,10.02922,1.062846,,1.639365,1.217659,1.497177
2023Q3,,,,,,,,,,,,,,,1.367982,1.057536,,1.593868,1.147957,,,1.266822,,,,1.191834,,,1.188486,1.199245,,,,1.055318,,,,1.691993,,,,1.161577,,,1.060116,,,,,,1.524784,,,,,,,2.206198,1.16724,,,1.288325,,,,1.153601,,,,,,,1.252889,,1.317866,1.360163,,1.655124,,,,,,1.228174,
2023Q4,,,,,,,,,,,,,,,,,,,,,,,,,,,,,,,,,,,,,,,,,,,,,,,,,,,,,,,,,,,,,,,,,,,,,,,,,,,,,,,,,,,,,
