Unnamed: 0,Albania,Argentina,Armenia,Australia,Austria,Belgium,Bulgaria,Bahrain,Bosnia and Herzegovina,Belarus,Bolivia,Brazil,Botswana,Canada,Switzerland,Chile,China,Cameroon,Colombia,Costa Rica,Cyprus,Czech Republic,Germany,Denmark,Ecuador,"Egypt, Arab Rep.",Spain,Estonia,Finland,France,United Kingdom,Georgia,Ghana,Greece,Guatemala,"Hong Kong SAR, China",Honduras,Croatia,Hungary,Indonesia,India,Ireland,Iceland,Israel,Italy,Jamaica,Jordan,Japan,Kazakhstan,Kenya,"Korea, Rep.",Kuwait,Sri Lanka,Lithuania,Luxembourg,Latvia,Morocco,"Moldova, Rep.",Mexico,North Macedonia,Malta,Mongolia,Mauritius,Malaysia,Nigeria,Nicaragua,Netherlands,Norway,New Zealand,Peru,Philippines,Poland,Portugal,Paraguay,Romania,Russian Federation,Saudi Arabia,Singapore,Serbia,Slovakia,Slovenia,Sweden,Thailand,Tunisia,Turkey,"Taiwan, China",Ukraine,Uruguay,United States,Uzbekistan,South Africa
,,,,,,,,,,,,,,,,,,,,,,,,,,,,,,,,,,,,,,,,,,,,,,,,,,,,,,,,,,,,,,,,,,,,,,,,,,,,,,,,,,,,,,,,,,,
1994.0,,287697.3,,482971.0,,197686.0,,,,,27640.61,342294.8,11419.92,791972.0,412011.6,24847290.0,4828239.0,,80724000.0,1648092.1,,,1828950.0,993287.0,,,426782.0,,90749.0,1179244.0,810794.0,,,,,1048704.0,,,,462000000.0,,,,247828.5,914302.0,,4434.179,510921000.0,434285.6,,372493300.0,,,,,,,,1869065.3,,,,,212608.9,,,315237.0,897243.0,89059.0,,1930277.0,,76549.7,14953439.0,,645861.7,,112469.3,,,,1764335.0,3688687.0,,5515.35,6779396.0,,,7287200.0,,545093.0
1995.0,,288670.8,,511221.0,176594.0,210494.0,1267.336,,,,32246.94,705334.0,13305.13,831621.0,417411.9,30235709.0,6098865.0,,100932000.0,2074568.9,7678.3,1594990.0,1895230.0,1036484.0,,,460588.0,2858.9,98549.0,1219350.0,851845.0,,,94922.0,,1118079.0,,15743.24,5823462.0,549000000.0,,54635.0,460840.0,317111.3,990174.0,,4789.552,521517700.0,1040907.0,,436988800.0,,,7758.6,15234.7,4054.0,,,2441076.2,,,,,242149.1,,,329653.0,963138.0,94782.0,,2173108.0,342519.3,89028.6,17768618.0,7563.0,1518508.0,,124380.3,59179.05,19752.37,10594.8,1906949.0,4216176.0,,11299.64,7391062.0,,,7639900.0,,622901.0
1996.0,,304189.9,,542429.0,182431.0,214284.0,2139.752,,,,37548.76,853985.1,16207.66,859834.0,420466.5,32365304.0,7152398.0,,120383000.0,2423823.4,7979.4,1827702.0,1922650.0,1088024.0,,,489203.0,3675.0,102083.0,1252695.0,909993.0,3964.702,,104763.0,,1233551.0,,17294.35,7107896.0,644000000.0,10151640.0,60073.0,493835.0,366493.9,1045631.0,274503.6,4996.426,535588100.0,1354491.0,,490850900.0,,,9704.0,16035.1,4673.5,,,3280283.5,,,,,276229.7,,,344622.0,1054672.0,100443.0,,2479313.0,429053.2,94351.6,20096970.0,11242.8,2150973.0,,135773.3,116432.3,22016.34,12164.5,1957160.0,4638218.0,,20412.03,8031305.0,,,8073200.0,,701804.0
1997.0,,327357.7,,573102.0,188840.0,224098.0,18534.32,,,,41653.77,952444.1,18293.85,906926.0,427807.8,35911398.0,7955284.0,,145481000.0,2926944.5,8373.5,1968914.0,1963880.0,1146130.0,,,519268.0,4567.8,110807.0,1293215.0,953405.0,4674.775,,116077.0,,1372441.0,,19627.12,8811102.0,759000000.0,14817270.0,69327.0,536722.0,411092.3,1093513.0,297474.6,5234.934,543803700.0,1605162.0,,542001800.0,,,11716.7,17346.6,5394.9,,,4145017.7,,,,,306718.3,,,369297.0,1141340.0,103850.0,,2769218.0,524265.0,102330.9,21678465.0,25073.7,2513940.0,,148640.0,151149.4,24427.09,13823.5,2050010.0,4709182.0,,40804.13,8705149.0,,251374.7,8577600.0,,778645.0
1998.0,,334260.9,,605953.0,196298.0,232623.0,26276.79,,,,46822.51,1003152.0,20206.53,940548.0,439543.0,37722255.0,8506448.0,,167926000.0,3511006.7,9059.8,2154429.0,2012730.0,1185988.0,,,555993.0,5102.1,120474.0,1352523.0,998501.0,5158.181,,126290.0,,1309454.0,,21723.89,10413880.0,1160000000.0,16974140.0,80568.0,603407.0,457223.8,1137867.0,321229.8,5778.294,536495800.0,1655144.0,,537215300.0,,,13017.3,18126.1,6020.2,412863.0,,5095056.1,,,,,308720.8,,,394487.0,1163684.0,105825.0,,3043804.0,612520.0,111353.4,25211701.0,36670.4,2817304.0,,143603.7,194440.4,26645.55,15294.7,2154345.0,4698553.0,,71513.04,9366337.0,,295599.6,9062800.0,,845734.0
1999.0,,317172.9,,638008.0,203476.0,242304.0,24853.64,,,,48138.99,1088021.0,25104.52,1007927.0,446880.1,38414897.0,9046440.0,7118400.0,181171000.0,4066911.9,9731.5,2247668.0,2055000.0,1241521.0,,,595723.0,5405.0,126916.0,1399907.0,1043248.0,5819.072,,135795.0,,1285760.0,,22309.89,11605024.0,1330000000.0,18940560.0,92740.0,649719.0,501512.1,1173404.0,347054.8,5958.389,528633700.0,2091255.0,,591452900.0,,,12707.4,20541.6,6264.2,418431.0,,6037540.7,,,,114862.3,327330.8,,,419434.0,1266462.0,111188.0,,3344373.0,678396.6,119603.3,27508220.0,54420.3,5148508.0,,146258.4,224308.2,28539.33,17078.7,2261971.0,4789365.0,,106190.7,9804503.0,,302816.2,9631300.0,,925690.0
2000.0,,317995.7,1135666.0,686880.0,213710.0,256391.0,28013.46,,11804.7,,51922.98,1199019.0,29053.64,1106071.0,471565.9,42183578.0,10017321.0,7504500.0,207268000.0,4626524.4,10595.0,2387507.0,2109360.0,1326911.0,18318.601,,647851.0,6168.9,136442.0,1480469.0,1100752.0,6213.565,,143800.0,,1337607.0,106655.0,23944.7,13294747.0,1510000000.0,20751220.0,108137.0,709561.0,555467.3,1243614.0,387174.0,6178.673,535704300.0,2582709.0,,651634400.0,,,13332.9,22978.9,6867.2,422526.0,,7009080.1,248404.6,4152.756,,128618.2,388053.2,,,452181.0,1509132.0,118316.0,,3695625.0,760001.6,128414.5,30859342.0,79942.9,7819940.0,,165647.5,429541.8,31587.72,18910.6,2408233.0,5069815.0,30914.3,170709.3,10328549.0,,307387.4,10251000.0,,1053139.0
2001.0,,300711.5,1289616.0,729841.0,220458.0,264334.0,30927.36,,12648.24,,53818.01,1315673.0,31942.51,1144543.0,483857.3,45395154.0,11082720.0,8022300.0,224483000.0,5253717.8,11416.8,2580198.0,2175410.0,1371527.0,24468.324,215500.0,700993.0,6984.3,144628.0,1539273.0,1146135.0,6862.124,,153400.0,144641.0,1321221.0,118416.0,25744.65,15375031.0,1790000000.0,22315000.0,121893.0,802276.0,566292.5,1303671.0,423124.7,6566.376,531937000.0,3151742.0,,707021200.0,,,14177.0,23870.8,7462.6,457991.0,,7437624.9,252295.5,4283.826,,141129.9,384081.0,,,482012.0,1566708.0,126264.0,,4022900.0,794505.3,135775.1,34898989.0,115994.4,9576724.0,,161006.7,862092.3,34293.41,21262.9,2505871.0,5345478.0,33343.8,245831.3,10119429.0,202906.8,310255.6,10582000.0,,1165942.0
2002.0,,348531.7,1473491.0,781947.0,226820.0,273253.0,34046.78,,13958.79,,56736.56,1487476.0,34142.35,1193694.0,482435.9,48419477.0,12159675.0,8614100.0,243837000.0,5966379.6,11877.0,2690315.0,2201860.0,1410272.0,28548.945,456700.0,749552.0,7821.1,148486.0,1589685.0,1191439.0,7662.025,,164388.0,159988.5,1297184.0,129166.0,28269.43,17409734.0,1980000000.0,24069540.0,135858.0,854140.0,592616.1,1349720.0,470753.2,7064.677,524576600.0,3522717.0,,784741300.0,,,15186.9,24997.5,8403.6,478427.0,,7825930.7,258195.4,4514.531,,152252.4,417109.7,,,501229.0,1564145.0,133701.0,,4347728.0,811794.5,142554.2,41111322.0,150616.3,11587912.0,,165726.4,1097686.0,37255.9,23610.8,2600846.0,5770711.0,34556.5,359858.5,10630911.0,224506.7,321452.0,10929200.0,,1360679.0
2003.0,,420187.4,1759515.0,830041.0,232031.0,281196.0,36569.27,,14716.75,,61944.69,1716243.0,36949.04,1254747.0,487746.6,52895483.0,13721410.0,9261200.0,270695000.0,6885355.0,12845.3,2822534.0,2215060.0,1436751.0,32432.858,509200.0,802266.0,8744.7,151749.0,1632898.0,1258334.0,8776.018,,178681.0,171399.3,1256293.0,142818.0,31124.77,19078655.0,2190000000.0,26698680.0,145530.0,876732.0,598056.5,1395582.0,544697.9,7494.64,524164800.0,4460498.0,,837365100.0,,,16644.5,26218.9,9583.4,512363.0,27553.46,8259762.6,268500.1,4785.886,,170522.5,455981.6,,,513058.0,1624095.0,141500.0,,4713022.0,846415.1,146067.8,49415713.0,189853.2,14147975.0,,170010.7,1291022.0,41405.05,25588.6,2709096.0,6318134.0,37152.8,470427.1,10924029.0,266179.1,377646.3,11456500.0,,1490400.0
2004.0,,485276.4,2069500.0,894090.0,241794.0,296813.0,41115.09,,15970.17,,69635.34,1955239.0,41261.6,1335731.0,501559.2,60396889.0,16150318.0,9927800.0,305896000.0,8148684.8,13856.4,3074198.0,2255360.0,1506001.0,36591.661,593900.0,859437.0,9779.2,158758.0,1701215.0,1322637.0,10054.89,,195575.0,187445.2,1316630.0,161507.0,33607.56,21091479.0,2500000000.0,30310950.0,156124.0,970422.0,626905.6,1449784.0,622556.7,8343.26,529363700.0,5851573.0,,908439300.0,,,18184.2,28187.1,11084.9,542430.0,31709.64,9235525.9,279534.2,4897.226,,190096.2,516020.6,,,528979.0,1788122.0,153027.0,,5317629.0,932638.6,152248.4,57532614.0,242241.1,18212871.0,,194285.2,1519157.0,46118.89,27381.6,2825709.0,6955770.0,40792.5,580804.4,11596241.0,343199.4,437305.1,12217200.0,,1652434.0
2005.0,,582457.8,2440135.0,963465.0,253927.0,310045.0,46888.5,,17632.51,,76990.2,2168239.0,50145.13,1421590.0,520545.8,68485609.0,18692317.0,10286700.0,337958000.0,9580138.4,14822.4,3282516.0,2285110.0,1585985.0,41507.085,655400.0,927357.0,11331.7,164687.0,1764322.0,1398749.0,11908.85,,200029.0,204524.0,1410899.0,183747.0,36127.61,22549264.0,3020000000.0,34523780.0,170364.0,1061428.0,659920.1,1494264.0,700106.0,9305.884,532640600.0,7598570.0,,957447700.0,,,20979.3,30283.1,13633.5,566772.0,37554.53,9997316.2,307274.9,5156.424,3012666.0,200999.3,568881.6,,,550610.0,1997036.0,160758.0,,5909317.0,990765.8,158552.7,66286918.0,285149.7,23107711.0,1231535.0,212511.1,1840546.0,50433.31,29028.8,2926021.0,7616335.0,43977.8,678509.5,12036675.0,439487.9,472823.0,13039300.0,,1837002.0
2006.0,,716108.6,2882953.0,1039083.0,267883.0,325163.0,53358.72,,20057.94,8123.123,91677.24,2406709.0,57749.86,1496604.0,553822.8,81615168.0,21884837.0,10924100.0,381603000.0,11616448.5,16000.1,3532735.0,2385950.0,1682260.0,46802.044,786600.0,1003823.0,13551.5,172897.0,1850237.0,1472038.0,14107.11,23914.1,217358.0,226135.6,1501860.0,206287.0,39443.42,24311406.0,3630000000.0,39981890.0,184602.0,1225717.0,707113.3,1554973.0,784058.6,11185.3,535170400.0,10146852.0,,1005601400.0,,,24061.8,34174.5,17165.1,620118.0,44605.32,11118020.2,334472.8,5401.769,4022786.0,225663.3,624688.6,,118780.8,584662.0,2224872.0,168881.0,,6541078.0,1068831.0,166260.4,75661217.0,340828.3,28826121.0,1410814.0,236006.7,2176399.0,56284.4,31609.6,3121852.0,8403861.0,48058.4,793126.8,12572587.0,540951.8,524241.5,13815700.0,20405419.0,2057593.0
2007.0,,896755.3,3411805.0,1132331.0,283834.0,343615.0,63280.95,,22556.49,9959.313,102892.7,2718297.0,64758.69,1577661.0,589217.0,90145475.0,26917968.0,11452800.0,428506000.0,13893813.0,17511.6,3861145.0,2503000.0,1738845.0,51007.777,937700.0,1075539.0,16377.3,187072.0,1942808.0,1544637.0,17368.7,29526.6,230206.0,257531.1,1648173.0,233567.0,43206.91,25711044.0,4300000000.0,46553370.0,196797.0,1386950.0,756066.3,1614493.0,885054.5,12716.62,539321800.0,12496630.0,,1089660200.0,,,29017.6,37642.4,22677.4,695503.0,53331.91,12043095.7,372351.9,5790.599,4995253.0,258503.2,696079.4,,136841.8,619254.0,2360173.0,183199.0,319611.1,7188173.0,1186261.0,175483.4,89855912.0,422384.1,35545744.0,1560935.0,272627.5,2519227.0,63119.58,35306.8,3323183.0,9082470.0,52373.4,886618.3,13363917.0,715682.7,611222.4,14474200.0,27670359.0,2346650.0
2008.0,1082332.0,1148786.0,3893708.0,1235263.0,293616.0,351733.0,72664.37,9672.03,25533.03,13283.33,120516.6,3107982.0,73206.34,1657041.0,614042.4,93794944.0,31867290.0,12361000.0,476553000.0,16207048.6,19009.6,4038878.0,2543140.0,1801470.0,61762.635,1120200.0,1109541.0,16609.4,194265.0,1991610.0,1593600.0,19596.27,38551.8,240483.0,291083.6,1708528.0,262417.0,46491.58,27242008.0,5410000000.0,53949580.0,187182.0,1589626.0,791295.5,1637350.0,996825.2,16028.65,527853700.0,16280353.0,,1154216500.0,,,32593.2,40006.2,24558.2,770075.0,62768.09,12907380.4,414277.2,6206.638,6618249.0,288225.8,806461.7,,164579.8,647239.0,2622123.0,189446.0,352677.3,8042567.0,1285349.0,179102.8,107000000.0,536335.6,44272322.0,1944661.0,274191.1,2907085.0,68613.05,37944.2,3410352.0,9715532.0,58054.2,1002614.0,13115096.0,944342.6,707119.7,14769900.0,36361833.0,2611631.0
2009.0,1144528.0,1247830.0,3450149.0,1264746.0,287878.0,346473.0,73215.51,8628.588,24838.74,14150.5,121588.3,3329974.0,72520.74,1571334.0,602570.2,96007057.0,34739176.0,13136700.0,501574000.0,17645368.9,18675.4,3955802.0,2443800.0,1722142.0,62519.686,1289100.0,1069323.0,14145.0,181747.0,1937360.0,1548802.0,18456.06,46836.0,235763.0,302901.8,1658807.0,275631.0,44474.87,26484571.0,6010000000.0,59210980.0,169660.0,1626391.0,835288.4,1576011.0,1064733.0,17348.26,495045600.0,16135501.0,3275594.0,1205347800.0,,,26903.5,39042.9,19037.0,803935.0,60707.02,12746773.4,414613.4,6259.367,6545072.0,295632.4,746234.1,,168719.7,624829.0,2439712.0,191869.0,363960.3,8381135.0,1371216.0,175416.4,111000000.0,527938.7,41588264.0,1611043.0,282410.7,3051813.0,64110.78,36061.0,3342265.0,9665466.0,61629.5,1004270.0,12919445.0,909979.8,794236.4,14478000.0,47709868.0,2794229.0
2010.0,1241255.0,1660785.0,3791129.0,1364300.0,295376.0,363140.0,74622.04,9677.923,25385.29,16945.64,137670.0,3883937.0,85903.04,1666048.0,623800.0,111000000.0,41082735.0,13610600.0,544060000.0,19818632.7,19461.1,3989001.0,2558940.0,1810927.0,69555.367,1499100.0,1072709.0,14732.5,188143.0,1993511.0,1608553.0,21718.95,58858.6,224878.0,327605.4,1775078.0,299287.0,44326.17,27439532.0,6860000000.0,72035050.0,167248.0,1680967.0,893078.3,1609288.0,1152238.0,19205.75,505672400.0,20634402.0,3596919.0,1322611200.0,33047.1,6863791.0,28028.1,42354.8,18052.2,842755.0,85936.33,13969101.2,437517.5,6816.318,9704126.0,311953.1,833051.3,55389355.0,186916.3,638747.0,2605351.0,201515.0,416567.4,9393493.0,1443855.0,179610.8,129000000.0,537631.2,49622324.0,1983254.0,327079.2,3245375.0,68740.42,36156.8,3567263.0,10808281.0,66139.7,1164182.0,14060345.0,1075385.0,898481.7,15049100.0,61269878.0,3055614.0
2011.0,1302170.0,2177782.0,4146842.0,1467792.0,310135.0,375968.0,81229.65,10826.9,26242.46,30295.64,166043.3,4376340.0,103423.2,1774063.0,635559.0,121000000.0,48673732.0,14434800.0,619023000.0,21638816.8,19858.2,4058499.0,2689850.0,1846854.0,79276.664,1658200.0,1063763.0,16670.4,197998.0,2057269.0,1662590.0,25390.08,76551.4,204125.0,364860.1,1933380.0,335028.0,45038.24,28509242.0,7830000000.0,84529990.0,171740.0,1765008.0,956603.8,1649467.0,1240375.0,20918.83,497660800.0,26614259.0,4161719.0,1388937200.0,42497.8,7724034.0,31326.2,44440.1,19694.9,880833.0,98383.39,15267372.4,464459.5,6927.241,13134978.0,335254.6,924668.1,63610860.0,219096.6,649975.0,2809929.0,210996.0,472659.3,10138716.0,1565165.0,176096.2,142000000.0,585481.7,59965469.0,2539493.0,351457.2,3611223.0,71759.59,37076.4,3723198.0,11302780.0,67747.4,1401361.0,14262201.0,1294397.0,1031052.0,15599800.0,77400137.0,3327047.0
2012.0,1333125.0,2638204.0,4397936.0,1515171.0,318757.0,386174.0,82561.81,11563.44,26194.94,54613.61,186917.5,4815462.0,106346.2,1827201.0,643610.7,130000000.0,53749865.0,15395900.0,666507000.0,23767304.4,19495.3,4087798.0,2746770.0,1895002.0,87924.544,1863800.0,1031104.0,17912.3,201037.0,2088548.0,1713715.0,27186.92,95822.7,188544.0,388322.2,2034575.0,361349.0,44632.56,29003494.0,8610000000.0,96337250.0,174591.0,1845160.0,1013531.0,1624443.0,1313795.0,22431.95,500621200.0,29549362.0,4767713.0,1440111400.0,48655.19,9337039.0,33360.6,46283.5,21879.2,910697.0,105077.8,16511313.0,466874.2,7366.668,16608409.0,355453.4,984913.6,72469508.0,247885.2,652530.0,2983082.0,215957.0,507634.4,11048027.0,1629800.0,168295.6,147000000.0,619082.8,67977567.0,2782587.0,368757.1,3805468.0,73627.8,36233.0,3747784.0,12349129.0,73895.4,1578584.0,14677765.0,1402756.0,1158570.0,16254000.0,96419653.0,3566385.0
2013.0,1352118.0,3347347.0,4559041.0,1568559.0,323808.0,392880.0,82253.79,12234.11,26778.93,66951.13,211670.8,5331327.0,119870.5,1902247.0,654816.2,137000000.0,59174459.0,16658500.0,714093000.0,25488568.5,18040.4,4141860.0,2816110.0,1929677.0,95129.659,2105200.0,1020677.0,18909.3,204321.0,2119521.0,1781361.0,28513.35,124309.8,179979.0,416242.0,2135651.0,376539.0,44816.13,30344269.0,9540000000.0,108914410.0,178813.0,1970146.0,1074413.0,1612457.0,1432061.0,24443.51,508959500.0,34493568.0,5315593.0,1500819100.0,49331.38,10255490.0,35071.3,48910.6,22732.1,964448.0,118880.9,16956416.9,501672.1,7944.78,19009011.0,377287.6,1032319.0,80794763.0,271547.5,660448.0,3090334.0,228001.0,542907.8,12034858.0,1656419.0,170492.3,166000000.0,629170.4,72849008.0,2826287.0,384741.3,4120268.0,74474.33,36569.5,3826737.0,12901799.0,79096.7,1820045.0,15270728.0,1461593.0,1311273.0,16880800.0,115000000.0,3868630.0
2014.0,1394625.0,4576943.0,4812901.0,1613638.0,333477.0,403003.0,83883.23,12558.66,27365.98,80393.51,227880.2,5779335.0,138796.4,1994898.0,665799.3,148000000.0,64258372.0,17966100.0,762904000.0,28016014.9,17482.8,4344649.0,2932030.0,1981165.0,101726.331,2425200.0,1032608.0,20036.2,206897.0,2152274.0,1862514.0,31084.32,158751.3,177380.0,447210.7,2258439.0,414633.0,44666.44,32785647.0,10600000000.0,122129570.0,195133.0,2086359.0,1123553.0,1628611.0,1541903.0,26138.7,518729300.0,39176741.0,6011132.0,1562928900.0,46281.39,11075587.0,36587.632,51772.2,23650.4,1001454.0,132574.8,18140967.3,527925.5,8753.336,22172145.0,400281.6,1121584.0,89840390.0,308321.7,671538.0,3161775.0,240933.0,569564.6,13185790.0,1721121.0,173053.7,180000000.0,667628.3,78844558.0,2871662.0,398712.7,4160947.0,76320.73,37671.7,3999818.0,13218970.0,85345.6,2052227.0,16258047.0,1580043.0,1481581.0,17608100.0,144000000.0,4133873.0
2015.0,1434111.0,5951548.0,5046616.0,1638433.0,344301.0,416701.0,89459.11,11711.55,28578.54,89871.26,227996.1,5995633.0,137004.1,1990441.0,667789.0,159000000.0,68812828.0,19043100.0,804692000.0,30167525.3,17944.0,4627364.0,3023560.0,2036356.0,99290.381,2711300.0,1078092.0,20620.5,211385.0,2199612.0,1916451.0,33888.56,183422.4,176125.0,475901.4,2398460.0,460405.0,45814.67,34911791.0,11500000000.0,133958230.0,263527.0,2310848.0,1176414.0,1654179.0,1659502.0,27373.49,538038200.0,39366902.0,6892779.0,1658020400.0,34471.4,11566535.0,37338.131,54259.1,24573.5,1078118.0,145244.4,19236293.4,558916.1,9997.22,22871975.0,420886.4,1176291.0,94878548.0,347572.0,690162.0,3130183.0,251695.0,603816.4,13922264.0,1799408.0,179713.2,188000000.0,710993.0,82943210.0,2506469.0,423181.4,4313210.0,80071.44,38760.5,4259648.0,13734209.0,89802.2,2345175.0,17055080.0,1971144.0,1621598.0,18295100.0,170000000.0,4420793.0
2016.0,1472098.0,8218431.0,5073565.0,1698534.0,357583.0,430084.0,95245.02,12130.6,29897.28,94911.42,234327.0,6267854.0,164309.1,2025535.0,677575.9,169000000.0,74516347.0,20038500.0,863782000.0,32067763.0,19013.7,4794935.0,3129370.0,2107809.0,99937.696,3154300.0,1114420.0,21738.6,217518.0,2232961.0,1991645.0,35802.41,219731.8,174685.0,501806.5,2490395.0,495922.0,47424.56,36158870.0,12400000000.0,149690280.0,268863.0,2512054.0,1232176.0,1696828.0,1760827.0,28308.53,544211400.0,45293119.0,7602651.0,1740779500.0,33002.27,12816341.0,38881.466,56203.4,25324.2,1094249.0,160387.8,20735303.9,594134.1,10537.06,23881122.0,447356.5,1248618.0,102000000.0,380180.9,708177.0,3121742.0,266763.0,647042.7,15107076.0,1861948.0,186489.8,205000000.0,750207.4,85466305.0,2493839.0,440385.5,4525795.0,81254.15,40296.8,4406192.0,14581993.0,95287.0,2621378.0,17555268.0,2365251.0,1735117.0,18805000.0,254000000.0,4759555.0
2017.0,1550540.0,10650346.0,5537612.0,1801910.0,369578.0,445050.0,102527.4,13315.28,31371.11,105545.2,258858.3,6584794.0,166613.9,2140641.0,684715.7,179000000.0,83045751.0,20960800.0,920470000.0,34399037.1,20312.4,5116866.0,3271310.0,2192960.0,104295.862,4283300.0,1162492.0,23803.1,226301.0,2299665.0,2082482.0,40707.53,263125.6,176833.0,526248.3,2659155.0,543403.0,49565.89,39191852.0,13600000000.0,166241520.0,297614.0,2641960.0,1284974.0,1738977.0,1894509.0,29525.77,553043600.0,52244906.0,8489911.0,1835698100.0,36577.3,14397002.0,42248.921,58306.2,26923.1,1148895.0,178094.9,22544282.5,617295.1,11931.71,27939394.0,472373.4,1371652.0,115000000.0,414077.7,738889.0,3341858.0,286342.0,686880.8,16528832.0,1988177.0,195947.1,219000000.0,848077.8,91754727.0,2676572.0,473770.3,4757732.0,84630.87,43158.9,4624383.0,15478840.0,102011.5,3123242.0,17983347.0,2961809.0,1864245.0,19612200.0,314000000.0,5078190.0
2018.0,1636814.0,14730230.0,6022256.0,1894108.0,385246.0,460050.0,109662.4,14203.11,33949.18,122111.8,278186.5,7004334.0,173750.7,2235675.0,709732.2,189000000.0,91752958.0,22203400.0,987791000.0,36019849.2,21675.2,5416428.0,3370330.0,2253316.0,107562.008,5140700.0,1203859.0,25892.4,233462.0,2364852.0,2152304.0,44559.92,308744.9,179218.0,551137.7,2835493.0,575286.0,51986.98,43276250.0,14800000000.0,186797000.0,327034.0,2844054.0,1345653.0,1771242.0,2026879.0,30784.11,556559500.0,59721798.0,9344549.0,1898192500.0,41705.2,15369996.0,45558.667,60033.6,29130.0,1195237.0,189605.0,24177768.0,659661.1,13033.4,32502414.0,499391.4,1447227.0,129000000.0,410897.3,774114.0,3591059.0,302497.0,730118.5,18231270.0,2119869.0,205184.2,231000000.0,954616.2,104000000.0,3170992.0,508313.6,5069648.0,89812.56,46082.0,4830616.0,16364944.0,112985.5,3751383.0,18375022.0,3540241.0,2002080.0,20656600.0,424000000.0,5363191.0
2019.0,1692220.0,21531177.0,6546638.0,1992284.0,397070.0,478676.0,120352.7,14527.65,35792.99,134473.3,282648.6,7389742.0,179989.9,2313563.0,717293.4,196000000.0,98493515.0,23243700.0,1060067000.0,37774006.5,23177.8,5793939.0,3480300.0,2310954.0,108108.009,5921100.0,1245513.0,27919.2,239858.0,2440222.0,2233921.0,49090.58,356733.5,182770.0,593818.2,2846281.0,614917.0,54850.33,47570693.0,15800000000.0,197584390.0,355849.0,3023929.0,1423314.0,1796443.0,2110918.0,31587.35,557844400.0,67103464.0,10242321.0,1924498000.0,41335.16,15933171.0,48988.736,62179.0,30565.4,1239836.0,209589.9,25152128.8,691795.5,14279.11,37785166.0,511994.4,1512719.0,146000000.0,420408.8,812507.0,3607281.0,319716.0,760980.8,19492761.0,2287488.0,214374.7,237000000.0,1059604.0,110000000.0,3143054.0,514407.1,5414201.0,94373.56,48750.2,5052751.0,16887629.0,122969.3,4309243.0,18908632.0,3969280.0,2185738.0,21521400.0,530000000.0,5625207.0
2020.0,1644037.0,27239850.0,6188894.0,1971038.0,380347.0,460748.0,120346.2,13028.12,34758.63,149284.6,252296.6,7609251.0,171561.6,2209681.0,695828.1,201000000.0,101000000.0,23468600.0,997742000.0,36429499.4,22086.7,5710773.0,3396720.0,2320912.0,99291.124,6340700.0,1119010.0,27416.8,238038.0,2316885.0,2104288.0,49262.93,391319.3,165905.0,599611.2,2676172.0,585734.0,50760.42,48373384.0,15400000000.0,192209270.0,375272.0,2918754.0,1415777.0,1659824.0,1966925.0,31029.32,539019600.0,69353757.0,10715325.0,1940726100.0,32429.17,15642588.0,49868.344,64505.6,30112.1,1152478.0,199904.0,24057872.2,668214.8,13355.93,37667074.0,447634.7,1417796.0,154000000.0,435002.1,795976.0,3449316.0,322862.0,704636.8,17951491.0,2336133.0,200518.9,240000000.0,1064630.0,107000000.0,2753617.0,480910.8,5503428.0,93422.35,46708.2,5034849.0,15648208.0,119633.4,5023300.0,19914806.0,4185263.0,2252195.0,21322900.0,604000000.0,5567974.0
2021.0,1851407.0,46294115.0,6953766.0,2188546.0,405096.0,507929.0,138471.5,14770.53,39120.78,176346.9,279292.3,8900213.0,207840.0,2509618.0,742392.9,240000000.0,115000000.0,24919500.0,1192586000.0,40298096.0,24927.6,6106983.0,3608290.0,2550607.0,106165.866,7206600.0,1222290.0,31123.4,250919.0,2499535.0,2284079.0,59711.56,460688.1,181726.0,665505.6,2868614.0,684205.0,58308.74,54977258.0,17000000000.0,227270690.0,433258.0,3244900.0,1579716.0,1820384.0,2211250.0,32845.03,550259900.0,81488910.0,12034724.0,2080198400.0,,17603026.0,56464.494,72258.8,33220.1,1274726.0,241356.3,26619756.6,719707.3,15284.94,44543664.0,476976.2,1548238.0,176000000.0,497198.2,870074.0,4181374.0,352747.0,868050.9,19386347.0,2628117.0,216053.3,271000000.0,1185184.0,135000000.0,3277983.0,569679.6,6256949.0,100193.8,52071.9,5473807.0,16163470.0,130466.1,7206722.0,21738982.0,5392911.0,2670972.0,23594200.0,734000000.0,6208786.0
2022.0,2133942.0,82358087.0,8421642.0,2449875.0,447110.0,554045.0,166995.3,16686.51,45463.23,191066.0,304247.5,9914538.0,251819.9,2782645.0,781502.3,263000000.0,121000000.0,27223400.0,1462522000.0,44790325.7,27777.1,6784272.0,3870180.0,2831643.0,115049.476,8755600.0,1346377.0,35983.2,268641.0,2638298.0,2506170.0,71976.59,608301.0,207097.0,736039.4,2819615.0,776636.0,67864.06,65888973.0,19600000000.0,265716000.0,506025.0,3766415.0,1762518.0,1947378.0,2623955.0,34513.49,556875500.0,102000000.0,13489714.0,2161773900.0,,24206985.0,67434.044,77815.9,38719.1,1330158.0,272312.5,29511584.6,792224.9,17206.38,54332166.0,570713.3,1791650.0,202000000.0,562013.0,958895.0,5544903.0,380658.0,931106.7,21994406.0,3062739.0,242340.9,291000000.0,1404616.0,154000000.0,4159231.0,643876.1,7075184.0,109590.0,57015.8,5967959.0,17373204.0,143893.5,14860198.0,22666522.0,5153428.0,2928748.0,25744200.0,885000000.0,6628551.0
2023.0,1132129.0,68577533.0,7000364.0,1280596.0,237261.0,289371.0,135605.8,7905.642,23237.86,105000.7,154369.0,5252197.0,136692.3,1408043.0,396970.9,209000000.0,94303022.0,7011900.0,1173240000.0,35171716.1,14602.1,3650939.0,3067660.0,1404472.0,58649.347,5611800.0,1087219.0,18822.0,139801.0,2092495.0,2018063.0,38928.61,404871.4,109601.0,400404.1,2226953.0,417065.0,37267.44,36093572.0,15600000000.0,141058470.0,257744.0,2097244.0,1412485.0,1015840.0,1478613.0,17802.8,437819200.0,55963848.0,7281014.0,1099141900.0,,13542125.0,53999.584,40418.0,20295.2,691891.0,148312.4,15518640.2,426711.5,9279.999,50330590.0,316713.5,1365739.0,112000000.0,306664.8,770047.0,2547282.0,201119.0,491040.1,17986016.0,1685894.0,131579.9,156000000.0,784591.5,79987403.0,1994883.0,489164.7,3896211.0,90731.15,46884.8,3116209.0,13465452.0,,10694703.0,11384103.0,,1520724.0,20375100.0,769000000.0,3444807.0
