Unnamed: 0,Albania,United Arab Emirates,Argentina,Australia,Austria,Belgium,Bulgaria,Bahrain,Bosnia and Herzegovina,Belarus,Belize,Bolivia,Brazil,Botswana,Canada,Switzerland,Chile,China,Cameroon,Colombia,Costa Rica,Cyprus,Czech Republic,Germany,Denmark,Ecuador,"Egypt, Arab Rep.",Spain,Estonia,Finland,France,United Kingdom,Ghana,Greece,Guatemala,"Hong Kong SAR, China",Honduras,Croatia,Hungary,Indonesia,India,Ireland,Iceland,Israel,Italy,Jordan,Japan,Kazakhstan,Kenya,"Korea, Rep.",Kuwait,Sri Lanka,Lithuania,Luxembourg,Latvia,Morocco,Maldives,Mexico,North Macedonia,Malta,Mongolia,Mozambique,Malaysia,Namibia,Nigeria,Nicaragua,Netherlands,Norway,New Zealand,Peru,Philippines,Poland,Portugal,Paraguay,Romania,Russian Federation,Saudi Arabia,Singapore,Serbia,Slovakia,Slovenia,Sweden,Thailand,Tunisia,Turkey,"Taiwan, China",Ukraine,Uruguay,United States,"Venezuela, RB",Viet Nam,South Africa
,,,,,,,,,,,,,,,,,,,,,,,,,,,,,,,,,,,,,,,,,,,,,,,,,,,,,,,,,,,,,,,,,,,,,,,,,,,,,,,,,,,,,,,,,,,,
1994.0,,,452601.6,955427.0,,,,,,,2030.3,18045.68,677329.0,72230.18,1157480.5,453460.4,,11429821.0,,,13209795.5,,,2290180.0,1403340.0,34539.182,,,,132208.0,1545747.0,1323443.0,,,,1338471.0,,,,3610000000.0,,,,,1456094.0,10490.35,446534400.0,,,623950200.0,,,,,,,,14514641.0,,,,,,,,,456847.0,2074784.0,122775.0,,5670336.0,,,97467021.0,,,,137297.7,,,,2989885.0,4686203.0,,570497.2,6955940.0,,,11114800.0,,953000000.0,2389241.0
1995.0,,,439763.9,983664.0,241170.0,286245.0,57913.57,,,,2043.3,18883.21,705993.0,78326.49,1188662.75,456016.9,,12687480.0,,,13744376.7,11387.0,,2326850.0,1445828.0,35143.065,,716150.0,9245.5,137790.0,1579949.0,1355023.0,,151838.0,,1370243.0,,,22155200.0,3910000000.0,,99549.0,1206302.0,558774.0,1499211.0,11114.65,458235800.0,,,683940300.0,,,16139.5,27583.6,11128.7,,,13657261.0,,,,,,,,,471710.0,2164121.0,127853.0,,5932273.0,605102.9,145127.4,104000000.0,81297.2,65331549.0,,147140.0,2311413.0,36450.49,22782.2,3114187.0,5066573.0,,614029.2,7407974.0,,,11413000.0,,1040000000.0,2463307.0
1996.0,,,463831.7,1023245.0,246727.0,290015.0,61790.84,,,,2064.9,19700.5,719394.0,80198.22,1207909.25,458103.5,81591000.0,13947971.0,,,13929489.7,11529.1,2969498.0,2346730.0,1487758.0,35987.213,,735204.0,9692.1,142847.0,1600961.0,1390010.0,,156229.0,,1428595.0,,,22171707.0,4220000000.0,23734810.0,106556.0,1261396.0,588781.0,1517992.0,11315.73,472689800.0,,,737908000.0,,,16947.0,27978.7,11417.0,,,14474363.0,,,,,,,,,485797.0,2272572.0,132655.0,,6278728.0,869753.1,150213.1,106000000.0,84531.2,63014389.0,,158236.9,2449187.0,38844.76,23503.1,3163689.0,5354752.0,,659132.4,7865538.0,,,11843600.0,,1140000000.0,2569231.0
1997.0,,,501436.8,1070559.0,252190.0,301018.0,52854.04,,,,2139.2,20669.97,746200.0,85938.3,1259608.25,468366.5,87738000.0,15246416.0,,,14699818.3,11833.6,2953543.0,2390340.0,1536273.0,37445.031,,762399.0,10957.9,151826.0,1638631.0,1458467.0,,163400.0,,1501450.0,,,22868390.0,4420000000.0,32783550.0,117696.0,1334199.0,613679.0,1547785.0,11741.07,477476000.0,,,783441000.0,,,18352.3,29485.4,12447.8,,,15551016.0,,,,,,,,,507690.0,2392614.0,136703.0,,6603846.0,923721.8,156823.6,110000000.0,81229.9,63799494.0,,171377.9,2622810.0,41117.12,24652.7,3267038.0,5209186.0,,707975.1,8341508.0,,1061317.0,12370400.0,41913.68,1240000000.0,2636030.0
1998.0,,,520557.0,1120337.0,260911.0,306926.0,55187.94,,,,2222.3,21707.13,748858.0,84565.24,1308684.5,482074.5,91407000.0,16436776.0,,,15746630.8,12556.8,2943258.0,2433430.0,1570350.0,38237.219,,795901.0,11461.1,160107.0,1697632.0,1508263.0,,169747.0,,1413126.0,,,23748830.0,3840000000.0,34757750.0,128240.0,1432434.0,635713.0,1572767.0,12118.26,471179300.0,,,743254800.0,,,19736.6,31447.9,13244.3,527088.0,,16516086.0,,,,,,,,,530834.0,2456325.0,137760.0,,6575625.0,965668.1,164363.7,111000000.0,79556.1,60534324.0,,167686.3,2718177.0,42789.58,25415.9,3405015.0,4809143.0,,711105.3,8692254.0,,1109404.0,12924800.0,42063.97,1320000000.0,2649210.0
1999.0,,,503158.3,1169135.0,269730.0,317799.0,50643.35,,,,2421.8,21792.93,752362.0,91491.2,1376250.75,489927.0,90989000.0,17713369.0,9899900.0,,16419231.1,13184.4,2979978.0,2475980.0,1616643.0,35828.481,,831640.0,11402.3,167121.0,1753360.0,1554509.0,,174781.0,,1448548.0,,,24451148.0,3870000000.0,37166710.0,141165.0,1490231.0,661007.0,1597337.0,12499.69,470022100.0,4222273.0,,828483400.0,,,19512.2,34019.2,13553.0,529879.0,,16969058.0,,,,,,,,,556987.0,2508596.0,144170.0,,6778279.0,1009469.0,170784.7,109000000.0,79121.3,64128410.0,,177210.5,2460272.0,42741.22,26734.0,3541110.0,5032057.0,,687737.3,9277419.0,,1088238.0,13543800.0,39511.1,1390000000.0,2712791.0
2000.0,,,499309.4,1205286.0,279654.0,329634.0,53558.37,,18816.94,,2737.1,22336.59,784803.0,95150.69,1447508.0,510069.3,95864000.0,19222524.0,10251900.0,432079000.0,17055341.6,13970.9,3108071.0,2553610.0,1677218.0,37726.41,,875275.0,12527.5,176742.0,1825920.0,1621644.0,,181850.0,,1559557.0,106654.1,35749.58,25602196.0,4060000000.0,39273830.0,153085.0,1564519.0,716376.0,1663121.0,13032.08,482795600.0,4634765.0,,903550900.0,,,20239.5,36375.4,14341.7,538319.0,,17778600.0,280127.6,6042.123,,,,72767.53,,,580832.0,2590358.0,149967.0,,6989755.0,1056531.0,177302.1,106000000.0,81160.4,70577452.0,,193221.0,2617827.0,43217.37,27855.2,3715560.0,5256169.0,54640.89,735869.6,9863229.0,,1067209.0,14096000.0,40928.12,1470000000.0,2826729.0
2001.0,,,477201.8,1237289.0,283087.0,333236.0,55658.55,,19272.37,,2874.3,22721.13,796430.0,97468.08,1473418.0,518374.3,98932000.0,20831018.0,10699500.0,439329000.0,17649506.5,14522.8,3202307.0,2599870.0,1691023.0,39241.363,1627200.0,909694.0,13275.7,181354.0,1861072.0,1663462.0,,189472.0,275856.4,1568303.0,109558.9,36856.12,26655985.0,4210000000.0,40801580.0,161749.0,1627312.0,718380.0,1692110.0,13689.41,484720900.0,5258751.0,,947394800.0,,,21571.5,37490.1,15215.7,578972.0,,17735394.0,271159.4,5972.771,,,,74186.41,,,594376.0,2643387.0,153559.0,,7202199.0,1071801.0,180748.2,106000000.0,84927.6,74137934.0,,191183.4,2789271.0,44628.64,28782.1,3773949.0,5436821.0,56715.2,692794.4,9724993.0,1869624.0,1026186.0,14230700.0,42341.92,1570000000.0,2903050.0
2002.0,,,425595.6,1288817.0,287987.0,338922.0,58846.81,,20232.93,,3021.6,23296.51,820512.0,104613.4,1517886.5,518046.0,101886000.0,22723599.0,11153000.0,450330000.0,18256842.3,15063.6,3250333.0,2595640.0,1698910.0,40848.994,3343700.0,934517.0,14182.6,184448.0,1883018.0,1693271.0,,196995.0,286517.6,1594285.0,113671.8,38985.84,27921824.0,4400000000.0,42682840.0,170946.0,1636417.0,717130.0,1696326.0,14587.81,484747200.0,5772781.0,,1020582300.0,,,23024.2,38702.9,16297.2,598171.0,,17692491.0,274521.3,6126.081,,,,77353.05,,,595672.0,2680592.0,161422.0,,7461242.0,1092572.0,182141.7,106000000.0,89685.8,77649187.0,,198596.7,2966208.0,46636.0,29761.5,3857833.0,5770899.0,57465.34,737165.3,10258057.0,1968204.0,947266.6,14472700.0,38680.78,1680000000.0,3010474.0
2003.0,,,463573.3,1327728.0,290833.0,342440.0,61932.68,,21022.73,,3303.5,23927.61,830102.0,110274.5,1545231.5,517664.8,106560000.0,24999192.0,11662100.0,467975000.0,19043114.6,15458.8,3366582.0,2577050.0,1705536.0,41961.262,3466000.0,962386.0,15289.0,188144.0,1898874.0,1746551.0,,208425.0,293885.1,1643011.0,118840.5,41171.43,29041755.0,4600000000.0,45619690.0,178082.0,1671480.0,728370.0,1700461.0,15173.87,492388200.0,6305884.0,,1052703100.0,,,25440.6,39723.0,17701.8,635955.0,35199.39,17907087.0,280429.8,6374.676,,,,82069.25,,,596938.0,2705591.0,168566.0,,7844676.0,1131267.0,180446.8,110000000.0,91727.4,83303560.0,,207552.5,3097609.0,49231.46,30607.6,3951826.0,6183916.0,60167.63,781151.4,10691422.0,2157902.0,953280.3,14877300.0,35534.71,1800000000.0,3099254.0
2004.0,,,485115.2,1382319.0,298064.0,354666.0,66047.46,,22353.02,,3456.9,24925.08,875159.0,111773.0,1592932.5,530720.6,113409000.0,27534934.0,12453000.0,492932000.0,19886169.0,16235.8,3524171.0,2595190.0,1751044.0,45406.71,3606800.0,992465.0,16299.5,195655.0,1946909.0,1788931.0,,218437.0,303122.4,1785954.0,126247.1,42896.2,30474805.0,4840000000.0,49149730.0,189538.0,1801895.0,759269.0,1720518.0,16427.73,502989700.0,6909357.0,,1107416300.0,,,27096.1,41433.3,19130.2,666489.0,37325.19,18505427.0,293666.8,6386.66,,,,89646.86,,,607448.0,2813144.0,176234.0,,8358378.0,1189353.0,183674.5,115000000.0,100921.1,89271932.0,,228251.7,3373643.0,51835.03,31802.3,4103065.0,6571920.0,63919.56,855700.9,11434651.0,2419703.0,1001049.0,15449800.0,42118.69,1940000000.0,3240413.0
2005.0,,,528055.9,1423765.0,305288.0,362918.0,70617.07,,23242.69,,3538.7,26012.27,907045.0,117427.3,1643973.25,545822.4,120203000.0,30650056.0,12704700.0,514853000.0,20681042.6,17023.7,3759268.0,2618550.0,1791959.0,47809.319,3809800.0,1028715.0,17822.8,201091.0,1980936.0,1837927.0,,220142.0,313034.0,1917903.0,133886.1,44707.03,31774591.0,5110000000.0,53585910.0,200999.0,1912252.0,796242.0,1738364.0,17886.12,512163500.0,7577619.0,,1155129600.0,,,29244.6,42461.9,21146.4,686346.0,32495.01,18934115.0,308622.5,6598.733,,,727575.0,90859.67,,,619932.0,2887909.0,180507.0,,8769337.0,1230329.0,185110.6,117000000.0,105991.0,94928953.0,,245034.3,3561711.0,55255.34,33105.8,4220162.0,6848009.0,66148.13,933330.0,12050225.0,2495551.0,1075875.0,15988000.0,46437.61,2090000000.0,3411410.0
2006.0,,,570549.4,1461016.0,316179.0,372184.0,75382.94,,24512.67,,3693.4,27252.11,942848.0,124697.0,1687280.5,568555.0,127832000.0,34533967.0,13144000.0,549435000.0,22200449.0,17826.2,4019687.0,2723320.0,1862078.0,49914.615,4077400.0,1070868.0,19583.3,209193.0,2033522.0,1881785.0,70297.0,232431.0,329680.8,2052782.0,142678.3,46976.7,33062425.0,5390000000.0,58592460.0,211432.0,2033049.0,838750.0,1771398.0,19410.49,519054400.0,8388692.0,,1215939500.0,,,31421.1,45021.5,23694.8,739605.0,40952.05,19842866.0,324766.0,6765.557,,,768207.0,97439.18,,118796.0,642358.0,2960487.0,185070.0,,9235245.0,1307513.0,188118.6,123000000.0,114335.6,103000000.0,,267220.2,3746355.0,59939.01,35135.1,4427102.0,7188744.0,69617.0,999093.9,12745595.0,2677015.0,1120614.0,16433300.0,50977.93,2240000000.0,3602579.0
2007.0,,,621942.5,1524932.0,327872.0,385852.0,80623.25,,25981.51,,3815.2,28483.94,998765.0,131901.6,1722238.0,590854.9,134578000.0,39439082.0,13788400.0,586456000.0,24033177.0,18734.9,4243070.0,2807370.0,1879009.0,51007.777,4375000.0,1109492.0,20995.0,220278.0,2081933.0,1931094.0,75084.0,239804.0,350531.4,2185491.0,151507.8,49353.26,33162857.0,5730000000.0,64485430.0,222452.0,2204940.0,888637.0,1794707.0,21040.06,526725300.0,9137205.0,,1286458400.0,,,34908.1,48658.8,26142.3,758842.0,44093.51,20251617.0,345187.9,7089.979,,,816594.0,103002.7,,124790.9,666570.0,3045724.0,192266.0,319632.7,9832232.0,1399777.0,192834.0,129000000.0,122486.5,111000000.0,,291356.0,3988870.0,66419.09,37628.0,4584812.0,7582190.0,74287.95,1050459.0,13618739.0,2885757.0,1193486.0,16762400.0,55472.99,2400000000.0,3795694.0
2008.0,1082801.0,,647176.2,1563700.0,332774.0,387569.0,85469.39,9037.816,27387.27,,3756.5,30241.56,1046549.0,136327.5,1739534.25,606782.2,139136000.0,43260076.0,14269400.0,605713000.0,25165864.2,19418.4,4350401.0,2826650.0,1869389.0,54250.408,4636500.0,1119356.0,20027.4,222009.0,2084932.0,1926735.0,81134.0,239223.0,362088.9,2231995.0,157919.0,50345.92,33425521.0,6160000000.0,68500730.0,212843.0,2253658.0,915727.0,1777443.0,22575.82,520160900.0,9442685.0,,1325219300.0,,,35750.4,48499.8,25405.7,803791.0,48267.28,20396481.0,364537.6,7361.614,,,856054.0,105855.3,,129209.9,681084.0,3059388.0,191538.0,348841.5,10270340.0,1460206.0,193449.6,138000000.0,133837.0,118000000.0,,296964.4,4218550.0,70207.72,38837.3,4556440.0,7717135.0,77436.09,1057574.0,13727568.0,2960773.0,1279404.0,16781600.0,58464.53,2530000000.0,3916817.0
2009.0,1199589.0,,608872.9,1594177.0,320241.0,379748.0,82512.72,9267.287,26548.49,103749.5,3739.6,31259.29,1048324.0,116767.0,1688636.25,592767.0,137734000.0,47289119.0,14583100.0,612615000.0,24936143.8,19026.9,4153450.0,2667150.0,1777666.0,54557.732,4848800.0,1077203.0,17170.2,204083.0,2026891.0,1837817.0,83393.0,228915.0,363774.2,2177109.0,154079.3,46732.19,31198098.0,6450000000.0,72007820.0,201304.0,2080942.0,927946.0,1682648.0,23702.12,490630600.0,9543435.0,5361021.0,1335724300.0,,,30499.8,46914.4,21779.2,837902.0,44689.83,19155791.0,363310.2,7276.429,,,843095.0,106113.6,,124862.0,656067.0,3000283.0,192225.0,352748.7,10421113.0,1499185.0,187410.0,137000000.0,126761.2,108000000.0,,297145.8,4103094.0,66393.37,35778.0,4363323.0,7663549.0,79792.82,1006372.0,13506148.0,2515309.0,1332949.0,16349200.0,56710.5,2660000000.0,3856573.0
2010.0,1238789.0,,670523.7,1632651.0,325764.0,390625.0,83712.99,9668.528,26770.43,111809.3,3785.9,32542.94,1127482.0,128899.7,1740813.75,611753.6,145781000.0,52338941.0,15082100.0,640151000.0,26275715.1,19461.0,4248815.0,2775090.0,1810925.0,56481.055,5114300.0,1078981.0,17526.4,210583.0,2063374.0,1878960.0,92306.0,216549.0,374294.3,2324449.0,159827.7,46154.07,31534573.0,6860000000.0,79867490.0,203288.0,2021994.0,978310.0,1710647.0,24246.8,510756400.0,10243247.0,5792684.0,1426618000.0,33061.62,9369888.0,30983.0,48663.0,20717.3,869873.0,47941.11,20111572.0,375707.7,7681.163,12330340.0,,907499.0,112649.7,55411833.0,130364.7,664607.0,3023861.0,196289.0,382015.8,11172910.0,1553202.0,190666.6,153000000.0,121997.3,113000000.0,1979671.0,340312.0,4131462.0,70857.07,36236.5,4610498.0,8236802.0,82509.33,1092843.0,14889912.0,2613066.0,1438004.0,16789800.0,55808.5,2740000000.0,3973803.0
2011.0,1271920.0,,710781.6,1677787.0,335916.0,397245.0,85681.97,9859.877,27028.94,118247.8,3774.7,34249.02,1173844.0,137756.1,1795581.5,623406.9,154711000.0,57356100.0,15705100.0,684628000.0,27435371.1,19542.1,4323540.0,2885750.0,1835134.0,60925.064,5072900.0,1070196.0,18767.5,215949.0,2109402.0,1900476.0,105640.0,194529.0,389970.4,2436365.0,165958.2,46128.74,32135554.0,7290000000.0,86078750.0,205729.0,2059316.0,1035535.0,1725619.0,24916.93,510941300.0,11011990.0,6089548.0,1479198400.0,36270.91,10162976.0,32878.1,49164.6,21209.9,915504.0,52130.85,20805866.0,384072.5,7718.927,13576504.0,,955540.0,118411.7,58146257.0,138639.9,674828.0,3057306.0,199695.0,406171.1,11602699.0,1631475.0,187432.5,159000000.0,127407.6,118000000.0,2198307.0,361346.7,4216797.0,72743.85,36686.3,4760601.0,8306062.0,80820.66,1212815.0,15436975.0,2753611.0,1512893.0,17052500.0,58118.3,2910000000.0,4099714.0
2012.0,1288817.0,1193091.0,703486.0,1741007.0,338408.0,400181.0,86098.42,10228.42,26794.68,120289.5,3912.9,36003.38,1192788.0,137490.8,1827201.0,630913.2,164659000.0,61856568.0,16418400.0,711415000.0,28767115.0,18868.4,4292555.0,2903600.0,1839290.0,64362.433,5246800.0,1038499.0,19387.0,212930.0,2117057.0,1929229.0,116096.0,180466.0,401578.9,2477791.0,172810.3,45082.57,31770730.0,7730000000.0,91070100.0,205528.0,2081219.0,1059524.0,1673543.0,25527.93,517943300.0,11566479.0,6368699.0,1514736600.0,38677.57,11106735.0,34129.0,49967.8,22757.7,943061.0,53443.2,21500303.0,382282.8,8036.267,15111489.0,,1007841.0,124464.3,60616195.0,147635.6,667871.0,3140606.0,204959.0,431052.9,12412545.0,1657911.0,179827.9,158000000.0,129892.8,122000000.0,2318015.0,377340.8,4187761.0,73717.47,35738.2,4747704.0,8903869.0,84228.61,1270530.0,15779909.0,2764099.0,1566279.0,17442800.0,61380.04,3070000000.0,4197954.0
2013.0,1301503.0,1252467.0,720407.1,1779360.0,338293.0,402019.0,85599.09,10783.82,27422.9,121448.8,4086.6,38455.42,1230873.0,152586.8,1869758.75,642521.8,169915000.0,66666643.0,17305900.0,747939000.0,29490142.1,17625.5,4290783.0,2919620.0,1856457.0,67546.128,5336600.0,1023945.0,19652.7,211011.0,2131829.0,1963807.0,121226.0,175875.0,416431.4,2554641.0,177634.3,44900.65,32338031.0,8150000000.0,96676890.0,209177.0,2175966.0,1105900.0,1642342.0,26193.85,528516600.0,12245826.0,6611922.0,1562673600.0,39121.5,11503038.0,35374.0,51551.1,23228.1,985833.0,57311.95,21730874.0,393183.1,8474.811,17401030.0,,1055145.0,132044.1,63854991.0,154956.3,667315.0,3172482.0,209477.0,456214.8,13248905.0,1679532.0,178168.6,171000000.0,130025.8,124000000.0,2384192.0,395399.1,4307437.0,74181.89,35437.4,4802360.0,9139746.0,86275.3,1380871.0,16171821.0,2760508.0,1639038.0,17812100.0,62075.24,3240000000.0,4302292.0
2014.0,1324983.0,1303947.0,702306.0,1824899.0,341041.0,408366.0,86567.21,11252.62,27743.48,123368.7,4250.2,40559.03,1237224.0,161149.0,1923421.5,657430.4,172847000.0,71601290.0,18324000.0,781589000.0,30531752.5,17312.4,4387787.0,2983950.0,1886521.0,70105.362,5596200.0,1038256.0,20201.1,210239.0,2152362.0,2026566.0,126166.0,176833.0,434905.5,2625210.0,183066.5,44714.99,33658069.0,8560000000.0,103462830.0,226613.0,2212678.0,1153463.0,1643784.0,27077.04,529647400.0,12769215.0,6943842.0,1612717500.0,39322.49,12063321.0,36602.533,52902.6,23697.0,1001454.0,63739.89,22277400.0,407293.6,9122.972,20406103.0,,1118524.0,140033.3,67879401.0,162374.1,676869.0,3256585.0,216374.0,467173.0,14086683.0,1734328.0,179580.1,180000000.0,135423.3,125000000.0,2479371.0,411011.9,4240389.0,76171.6,36345.7,4935136.0,9230658.0,88941.5,1448351.0,16935007.0,2589274.0,1692383.0,18261700.0,59674.71,3450000000.0,4363119.0
2015.0,1354313.0,1393299.0,721487.1,1866563.0,344239.0,416702.0,89430.24,11572.82,28592.22,118654.4,4387.2,42520.5,1193399.0,153287.0,1936100.25,667789.0,176559000.0,76632977.0,19359700.0,804692000.0,31652329.4,17904.2,4627364.0,3020990.0,1930715.0,70174.677,5817100.0,1078092.0,20663.6,211385.0,2174921.0,2071561.0,131233.0,176446.0,452688.4,2687896.0,190096.2,45805.75,34857150.0,8980000000.0,111234410.0,276802.0,2310848.0,1177745.0,1654179.0,27752.52,538094300.0,12906078.0,7289128.0,1658020400.0,39545.12,11605263.0,37338.131,54109.2,24585.8,1044963.0,66233.77,22884135.0,422600.0,9998.219,22799616.0,,1176940.0,146030.8,69710011.0,170118.3,690117.0,3316945.0,225298.0,482250.9,14969645.0,1799410.0,182798.2,186000000.0,139761.1,123000000.0,2595120.0,423309.5,4315288.0,80087.79,37040.5,5144029.0,9521262.0,89802.19,1534909.0,17183235.0,2324767.0,1699153.0,18799800.0,56140.09,3690000000.0,4420793.0
2016.0,1399280.0,1471023.0,706477.8,1916824.0,351075.0,421980.0,92165.51,11975.6,29483.71,115649.9,4386.9,44338.84,1151929.0,164355.6,1955488.25,681701.4,179470000.0,81878579.0,20220400.0,821489000.0,32974592.3,19081.3,4740780.0,3085680.0,1993384.0,69314.066,6043000.0,1110840.0,21300.3,217328.0,2196308.0,2111357.0,132217.0,175604.0,464739.0,2746369.0,197496.8,47471.96,35592994.0,9430000000.0,121256030.0,283212.0,2456516.0,1226185.0,1677799.0,28311.98,541989200.0,13021091.0,7596715.0,1706880300.0,40698.01,12179448.0,38300.379,56808.9,25122.2,1050409.0,70610.19,23236781.0,434517.5,10333.11,23153170.0,,1229312.0,146084.8,68616599.0,177912.7,704898.0,3340305.0,234610.0,501224.2,16048693.0,1854319.0,186489.8,193000000.0,143827.7,123000000.0,2655279.0,438633.5,4458726.0,81665.7,38231.8,5238365.0,9848418.0,90805.66,1585842.0,17555268.0,2379910.0,1733981.0,19141700.0,46638.35,3940000000.0,4450171.0
2017.0,1452606.0,1481980.0,726389.9,1962471.0,359845.0,428814.0,94717.27,12430.91,30420.99,118485.4,4307.3,46177.35,1170672.0,171132.5,2014932.75,691486.4,182319000.0,87532198.0,20978700.0,832656000.0,34346426.8,20175.3,4994202.0,3177760.0,2049632.0,70955.691,6344700.0,1143910.0,22463.4,224269.0,2250343.0,2167415.0,142549.0,177462.0,478974.3,2850624.0,207061.3,49048.33,37167609.0,9910000000.0,128670020.0,311414.0,2559567.0,1282394.0,1707109.0,29017.01,551230800.0,13537238.0,7888285.0,1760811500.0,38768.66,12949640.0,39929.167,57560.7,25950.6,1103538.0,75624.96,23724076.0,439357.8,11456.32,24481231.0,639114.2,1300769.0,144552.4,69145770.0,186143.6,726054.0,3437947.0,244086.0,513569.8,17174817.0,1943829.0,193028.8,203000000.0,155836.7,125000000.0,2653819.0,458638.3,4551620.0,84039.6,40249.1,5386136.0,10260366.0,92837.74,1704128.0,18136589.0,2437558.0,1763799.0,19612100.0,39365.96,4210000000.0,4501702.0
2018.0,1510917.0,1502356.0,707377.4,2017716.0,368901.0,436503.0,97427.94,12713.99,32013.39,122276.0,4352.7,48136.94,1190109.0,178342.7,2070888.25,711235.2,189657000.0,93423041.0,21817500.0,854007000.0,35243219.7,21314.9,5154338.0,3209730.0,2090410.0,71870.517,6687000.0,1170027.0,23328.8,226823.0,2291255.0,2197841.0,152471.0,180225.0,495292.4,2931779.0,215022.9,50410.44,39195338.0,10400000000.0,138022870.0,338237.0,2684707.0,1337251.0,1720407.0,29577.89,554718900.0,14092990.0,8332865.0,1812005300.0,39714.42,13258215.0,41523.016,58278.7,27032.5,1137369.0,82115.51,24188555.0,451811.6,12301.81,26328485.0,660758.4,1363767.0,146110.9,70480309.0,179920.0,742882.0,3479044.0,254228.0,533745.0,18254133.0,2046859.0,198528.7,209000000.0,164753.7,129000000.0,2726526.0,475149.9,4756698.0,87408.98,42080.9,5495625.0,10691635.0,95274.57,1756573.0,18642014.0,2523226.0,1765658.0,20193900.0,31637.45,4520000000.0,4571783.0
2019.0,1542672.0,1519169.0,693223.8,2057019.0,374233.0,446285.0,101251.2,12985.31,32943.54,124005.7,4537.1,49248.33,1204603.0,183851.5,2109991.25,719475.3,190919000.0,99037868.0,22659900.0,881224000.0,36077359.8,22495.2,5307192.0,3245180.0,2121631.0,71879.217,7062700.0,1193232.0,24247.7,229599.0,2334508.0,2233921.0,161631.0,183401.0,515225.8,2882747.0,220727.6,52141.55,41106276.0,10900000000.0,144362660.0,357062.0,2733170.0,1387430.0,1728668.0,30093.81,552532900.0,14725127.0,8758251.0,1852666400.0,39494.88,13230994.0,43439.445,59981.4,27189.9,1170249.0,88243.18,24123256.0,469777.7,13173.62,27836608.0,675934.4,1423953.0,144851.1,72045622.0,174605.7,756992.0,3517688.0,262338.0,546082.1,19356237.0,2134572.0,203854.9,208000000.0,171044.0,131000000.0,2750285.0,481485.0,4959998.0,89624.4,43521.2,5606764.0,10920257.0,96787.55,1770853.0,19213196.0,2605576.0,1779151.0,20692100.0,6378.18,4860000000.0,4583668.0
2020.0,1493468.0,1443134.0,624591.3,2019373.0,348061.0,422805.0,97175.08,12387.54,31973.56,123161.5,3914.1,44914.92,1161621.0,167731.7,2002922.75,703099.6,178717000.0,101000000.0,22270800.0,817315000.0,34519617.3,21732.4,5014339.0,3108970.0,2070192.0,66281.546,7166200.0,1060007.0,24081.6,224190.0,2155235.0,2002489.0,166032.0,167518.0,505711.9,2694077.0,200939.9,47833.38,39176205.0,10700000000.0,135398120.0,377858.0,2535238.0,1362127.0,1572393.0,29775.55,528827800.0,14351650.0,8732843.0,1839523300.0,35997.66,12573311.0,43476.952,59451.3,26238.3,1086246.0,58336.95,21992367.0,447710.6,12113.23,26537306.0,667900.8,1346249.0,133124.8,70741645.0,171452.6,727589.0,3451245.0,259370.0,486956.3,17551111.0,2089241.0,186933.9,206000000.0,165599.5,129000000.0,2630729.0,462694.4,4918555.0,86625.32,41336.9,5475767.0,10246566.0,88471.67,1801739.0,19863877.0,2504429.0,1667930.0,20234100.0,,5000000000.0,4310328.0
2021.0,1623635.0,1506833.0,691535.0,2124510.0,365351.0,451772.0,104122.4,12704.77,34306.57,126249.3,4613.3,47720.89,1223544.0,187773.5,2103305.25,741019.4,200052000.0,110000000.0,23070400.0,907352000.0,37279312.5,23886.2,5189633.0,3206100.0,2211886.0,69088.736,7677500.0,1127846.0,25856.6,231302.0,2292395.0,2176203.0,170972.0,181150.0,546529.6,2867622.0,226126.0,54217.35,41971764.0,11100000000.0,147624260.0,433594.0,2645100.0,1493876.0,1702757.0,30848.5,541085600.0,14927582.0,9397531.0,1918709900.0,,13043382.0,46165.495,63703.2,27916.2,1173375.0,81420.68,23323943.0,465832.6,13596.48,27136530.0,683770.7,1390347.0,137805.8,73297323.0,189295.0,772612.0,3590788.0,275150.0,552994.8,18518885.0,2231836.0,197679.8,215000000.0,175365.1,135000000.0,2744224.0,503727.3,5286948.0,90781.54,44824.1,5800973.0,10407962.0,92545.95,2014287.0,21160524.0,2588605.0,1754879.0,21407700.0,,5130000000.0,4513044.0
2022.0,1703690.0,1624192.0,725810.1,2202942.0,380887.0,465370.0,108521.1,13328.08,35719.29,120404.4,5016.2,49466.78,1260470.0,198580.7,2175616.5,760766.9,205038000.0,113000000.0,23952000.0,973195000.0,38979902.0,25094.8,5311641.0,3266350.0,2272296.0,71125.243,8003600.0,1192936.0,25734.3,234999.0,2350333.0,2270793.0,177746.0,191906.0,569092.0,2767934.0,235166.3,57688.68,43904362.0,11700000000.0,157605770.0,474968.0,2815565.0,1590774.0,1768924.0,31598.52,546008500.0,15421301.0,9852547.0,1968839600.0,,12005404.0,47304.019,64602.3,28880.4,1188141.0,92998.35,24232732.0,476114.6,14540.96,28308889.0,712268.8,1511640.0,148238.4,75696796.0,196440.8,806507.0,3704689.0,281525.0,567845.2,19929535.0,2357192.0,211256.1,215000000.0,182652.6,133000000.0,2984452.0,522010.4,5409120.0,92416.44,46111.5,5970314.0,10683157.0,94955.82,2121217.0,21658693.0,1849743.0,1842909.0,21822100.0,,5540000000.0,4599262.0
2023.0,869155.0,832312.2,358360.8,1118684.0,190440.0,353634.0,55147.47,6756.419,18087.57,61592.34,2572.9,25385.08,648202.0,102851.2,1099762.0,382889.4,153579000.0,88868785.0,6035500.0,738431000.0,30569842.0,12802.9,3967873.0,2446880.0,1722887.0,35800.708,4073400.0,914546.0,12553.2,176180.0,1777139.0,1711896.0,91067.0,97667.0,293733.1,2143194.0,119686.1,29364.58,32670822.0,9180000000.0,82873500.0,349515.0,1486475.0,1229864.0,1335956.0,16142.62,416299800.0,8033724.0,5127251.0,1491630000.0,,5787132.0,35315.535,31942.6,21607.2,911166.0,47087.88,18725953.0,242854.6,7529.689,22377827.0,557766.0,1174873.0,77189.34,38468166.0,101043.4,606031.0,1874524.0,142329.0,283607.0,15602064.0,1169336.0,161863.2,112000000.0,93258.2,102000000.0,2234206.0,393683.1,2742634.0,69988.34,35028.1,4462733.0,8170895.0,71552.55,1093625.0,16327753.0,979550.2,923754.1,16707400.0,,4300000000.0,2312294.0
