Unnamed: 0,Advanced Economies,Argentina,Australia,Austria,Belgium,Bulgaria,Brazil,Chile,China,Czech Republic,Germany,Denmark,Algeria,EMDE East Asia & Pacific,EMDE Europe & Central Asia,Emerging Market and Developing Economies (EMDEs),Spain,Estonia,Finland,France,High Income Countries,"Hong Kong SAR, China",Hungary,Indonesia,Ireland,Iceland,Israel,Italy,Jordan,Japan,Kazakhstan,"Korea, Rep.",EMDE Latin America & Caribbean,Low-Income Countries (LIC),Mexico,Middle-Income Countries (MIC),EMDE Middle East & N. Africa,Malaysia,Netherlands,Norway,New Zealand,Peru,Philippines,Poland,Russian Federation,EMDE South Asia,Singapore,EMDE Sub-Saharan Africa,Slovakia,Thailand,Turkey,United States,Viet Nam,World (WBG members)
,,,,,,,,,,,,,,,,,,,,,,,,,,,,,,,,,,,,,,,,,,,,,,,,,,,,,,
1994Q1,894457.2,,13991.15,,,,8572.512,,,,124898.2,,,,,,27883.87,,,,918124.0,34909.07,,,7411.867,,,,,97365.46,,36488.05,43601.85,,26266.62,,,,,8113.266,3090.358,2099.348,7029.951,,,,25737.44,,,23042.87,129.0738,198398.2,1101.131,
1994Q2,961490.1,,14889.06,,,,10110.66,,,,129461.5,,,,,,32976.93,,,,986930.5,42925.08,,,7293.483,,,,,101262.9,,39033.25,48008.75,,28310.01,,,,,8181.166,3369.039,2251.24,7792.052,,,,29247.68,,,23973.76,178.8983,212985.2,1228.171,
1994Q3,981819.0,,17082.54,,,,10685.54,,,,127765.7,,,,,,29351.35,,,,1007797.0,44157.7,,,6968.184,,,,,104592.7,,38849.14,49007.9,,28415.89,,,,,8511.98,3880.913,2416.934,7315.788,,,,29854.83,,,23851.92,178.8871,223753.3,1304.746,
1994Q4,1034726.0,,17336.56,,,,16367.21,,,,138532.5,,,,,,34246.83,,,,1062104.0,45209.01,,,8126.76,,,,,107490.4,,43073.05,58899.07,,30786.24,,,,,8840.579,4298.672,2744.473,8085.629,,,,30121.86,,,25160.89,252.3439,231697.5,1347.076,
1995Q1,1003809.0,,17020.44,,75219.75,,16720.66,,,,137016.5,,,,,,33555.51,,8526.187,,1030369.0,42295.3,,,8304.118,,6040.473,,,107114.9,,43093.34,52787.58,,25044.6,,,,,8852.014,3539.568,2955.15,7715.282,,,,28566.93,,,26859.61,268.4612,223151.7,1459.251,
1995Q2,1051410.0,,16846.21,,76255.99,,18334.19,,,,138782.1,,,,,,35672.89,,9027.55,,1079229.0,48874.23,,,8121.947,,5586.458,,,114072.6,,47337.49,52372.24,,23077.68,,,,,9056.698,3856.559,2956.679,8647.399,,,,31662.43,,,27787.03,334.5391,232343.3,1739.341,1355403.0
1995Q3,1055088.0,,17702.58,,76041.25,,16353.8,,,,134085.7,,,,,,32693.76,,8547.258,,1083005.0,49871.36,,,8114.328,,5746.86,,,115832.4,,48159.83,51558.7,,24157.03,,,,,8528.867,4069.284,3168.513,8791.995,,,,34084.47,,,28080.45,385.5843,236738.5,1702.348,1359314.0
1995Q4,1099360.0,,17962.01,,76544.87,,16228.52,,,,144244.6,,,,,,36300.58,,9720.21,,1128448.0,48906.01,,,9603.752,,6440.216,,,124995.0,,50355.83,53904.58,,26269.12,,,,,9751.049,4128.86,3169.069,9129.853,,,,35539.25,,,27260.86,545.2798,238462.7,1791.426,1413653.0
1996Q1,1079660.0,,17405.47,,76969.85,,14229.59,,,,142316.3,,,,,,34751.9,,9645.786,,1108227.0,44346.71,,,9660.108,,6747.357,88014.04,,122079.0,,51349.16,51980.6,,27048.69,,,,55764.25,9596.78,3689.125,2758.482,9330.79,,,,34734.32,,,24837.58,607.62,231052.2,2069.136,1384962.0
1996Q2,1108377.0,,18024.78,,78174.43,,16609.95,,,,141320.6,,,,,,39627.76,,9845.596,,1137704.0,49887.09,,,9359.518,,6614.105,83357.47,,127453.0,,53733.19,57534.19,,29057.58,,,,54699.28,9580.698,3861.037,3074.102,9986.719,,,,35165.92,,,24547.57,824.6398,242370.8,2195.495,1426235.0
1996Q3,1105471.0,,19081.77,,78491.38,,19370.1,,,,139139.2,,,,,,35290.26,,9183.214,,1134721.0,52018.68,,,8581.309,,6483.059,73225.64,,128119.6,,54143.99,62880.34,,30791.48,,,,53663.87,9670.202,4412.556,3109.19,10376.32,,,,34813.78,,,23782.52,925.1423,254231.6,2171.071,1428551.0
1996Q4,1162987.0,,19902.89,,78196.24,,21831.65,,,,150270.8,,,,,,38870.82,,10906.29,,1193759.0,52007.54,,,9977.584,,6992.041,87868.0,,129401.0,,58572.76,70007.93,,34335.94,,,,57020.3,11305.83,4169.601,3141.506,9342.904,,,,37154.24,,,22594.26,1178.598,257910.3,2218.546,1502072.0
1997Q1,1135395.0,,17904.31,,78279.41,,16238.24,,,,146840.1,,,,,,37206.41,,10313.37,,1165437.0,47497.21,,,10006.16,,7192.881,86774.31,1842.287,127782.7,,54752.8,60233.01,,31789.76,,,,59494.46,10478.13,3747.027,3000.012,9231.62,,,,35539.39,,,22604.63,1302.671,252742.3,2234.679,1458551.0
1997Q2,1203721.0,,19531.74,,78966.91,,22006.36,,,,154587.2,,,,,,43703.46,,11307.21,,1235571.0,53468.42,,,10860.81,,7203.228,94827.26,2060.014,125559.0,,56547.45,72588.42,,36070.44,,,,62145.37,11618.42,4054.004,3418.436,9836.077,,,,38618.51,,,23039.59,1730.386,272921.1,2296.63,1555693.0
1997Q3,1207420.0,,20686.0,,79907.54,,24152.68,,,,153051.1,,,,,,39262.54,,10804.47,,1239368.0,55964.14,,,10239.7,,7433.03,84073.38,1971.475,128700.0,,54732.51,78171.08,,38360.75,,,,60437.67,10851.73,4554.403,3711.296,10835.4,,,,41302.53,,,21078.82,2275.064,287133.3,2283.3,1565769.0
1997Q4,1265555.0,,21004.74,,80489.09,,23307.3,,,,164678.6,,,,,,45911.1,,12153.12,,1299040.0,56538.47,,,12032.62,,7596.067,101887.8,2136.912,126778.6,,57804.79,80918.35,,41682.96,,,,62997.15,11924.56,4368.425,3561.891,10990.86,,,,40425.01,,,18234.6,2782.932,293057.2,2500.465,1635036.0
1998Q1,1227470.0,,20056.8,,80938.11,,20430.02,,,11528.64,166054.9,,,,,,44226.1,1458.464,12326.94,,1259948.0,46884.04,,21757.03,12674.03,,7736.652,102518.3,1771.851,123044.7,,42307.3,75846.42,,40369.05,,,,67724.21,12761.43,3977.728,3456.252,10000.04,,,,35150.69,,,15913.08,2779.294,287319.0,2380.384,1572948.0
1998Q2,1259388.0,,20891.51,,81560.51,,21468.91,,,12084.43,171733.8,,,,,,48716.7,1641.067,12296.3,,1292710.0,52709.93,,18184.52,12641.22,,7772.96,103403.6,1862.212,116159.3,,42172.12,79330.66,,42042.38,,,,68590.42,12145.65,3977.601,3695.813,9790.296,,,,33239.18,,,15391.81,3349.843,305000.6,2672.767,1609266.0
1998Q3,1246297.0,,21911.64,,82987.18,,23678.13,,,11617.25,167631.8,,,,,,45060.6,1565.358,12100.89,,1279273.0,50267.4,,20171.92,11819.19,,7899.36,90604.28,1893.109,119628.9,,39295.02,81726.58,,42025.65,,,,66939.41,12134.07,4349.152,3533.083,9869.721,,,,34169.55,,,16093.29,3597.504,315252.0,2515.013,1600617.0
1998Q4,1312015.0,,21902.8,,83149.92,,22282.29,,,12708.64,180215.5,,,,,,50879.5,1530.341,12925.91,,1346730.0,48831.47,,15744.32,13870.31,,8989.614,106511.7,2030.998,119615.7,,44103.36,84098.98,,45635.83,,,,69579.58,13717.87,4834.451,3328.594,6979.717,,,,33275.86,,,16436.33,3703.527,326343.0,2715.997,1670537.0
1999Q1,1287291.0,,20326.34,,82905.55,,16612.23,,,11469.07,173290.4,,,,,,48977.61,1254.688,12480.42,109627.2,1321352.0,41929.83,,13001.01,12900.52,,9586.063,104893.3,1396.313,122807.9,,47374.69,73388.23,,42855.4,,,,72548.81,12140.11,4147.389,2705.19,8740.42,,,,32680.51,,,17812.02,3348.361,316589.6,2521.797,1628767.0
1999Q2,1353169.0,,21404.31,,82728.83,,18760.38,,,12701.04,182535.9,,,,,,56188.47,1367.095,12428.74,114960.0,1388973.0,48385.82,,12860.5,13409.63,,10053.33,107500.2,1977.911,122839.7,,51534.06,81560.85,,47584.96,,,,72968.78,11897.84,4320.525,2751.122,9974.409,,,,36496.19,,,18754.92,4988.197,337561.6,3016.778,1719495.0
1999Q3,1356225.0,,23590.16,,83809.52,,19605.27,,,11820.15,178662.5,,,,,,50224.95,1381.636,12096.24,108786.0,1393583.0,53208.4,,12536.21,13333.63,,10398.4,95847.67,2062.435,127076.2,,51166.47,84956.84,,49497.82,,,,72215.86,12294.72,5116.093,2870.379,10203.04,20107.7,,,38930.09,,,19172.02,5465.178,354262.0,3211.695,1729496.0
1999Q4,1457522.0,,25612.55,,84377.69,,20357.64,,,13931.66,188663.3,,,,,,59710.15,1628.463,13322.66,124928.9,1498227.0,54102.29,,12218.3,15567.14,,11150.01,117155.6,2057.715,134950.4,,57064.11,91786.04,,54251.21,,,,76707.2,13531.0,5823.82,3150.165,7819.408,22138.47,,,39678.24,,,21657.59,6699.873,363728.9,3728.518,1856927.0
2000Q1,1440960.0,,23071.98,,83943.6,,18415.81,,,13054.85,189122.4,,,,,,55717.79,1637.752,13031.3,127692.1,1479412.0,51223.34,,12710.76,16760.85,,10854.19,114690.2,1698.076,131618.2,3797.893,59888.62,87340.53,,52664.72,,,,80668.2,13735.12,4254.499,2912.348,10507.41,20185.5,,,36606.12,,,20930.07,7244.871,358135.8,3420.572,1832389.0
2000Q2,1506617.0,,23883.82,,84930.18,,20393.85,,,14115.09,195020.3,,,,,,60482.6,1849.646,14293.11,127728.3,1547589.0,57291.03,,14812.55,17897.6,,10993.03,118533.0,2245.443,136816.2,5416.059,61284.88,94264.68,,56440.14,,,,83117.7,13385.59,4629.512,3024.867,10144.69,21835.23,,,40862.31,,,22180.89,9821.243,381732.4,3923.453,1926245.0
2000Q3,1509401.0,,24840.3,,87165.94,,23517.86,,,13699.27,193869.1,,,,,,54359.12,1795.088,13187.39,120950.2,1550088.0,63071.47,,19632.76,16200.19,,11391.37,108644.2,2554.489,141722.3,4775.66,61224.64,101490.2,,59575.24,,,,80919.67,13353.93,5001.784,2887.053,11558.77,21532.64,,,44550.87,,,23722.75,10277.38,395576.6,4216.935,1946102.0
2000Q4,1603625.0,,24056.86,,85816.18,,22905.25,,,16068.95,215839.2,,,,,,62328.12,2312.932,15352.15,136727.6,1647440.0,61929.96,,22263.43,19774.57,,12031.53,123587.0,2556.286,152191.6,5170.125,63549.28,105317.5,,63177.46,,,,88508.0,14256.04,4992.389,3139.844,11601.19,23435.95,,,45524.56,,,24829.49,11310.36,397287.7,4740.618,2066845.0
2001Q1,1536914.0,,21755.91,,86732.08,3514.686,22308.76,,,15827.98,200511.9,,3480.005,,,,59058.2,2084.607,14331.95,135484.5,1577497.0,53940.01,,20424.89,20865.37,1002.087,11779.23,122952.4,2047.572,146489.2,4330.557,61674.27,94961.97,,55132.25,,,27332.93,90539.09,13734.66,4408.664,3008.572,11935.16,21121.97,,,39864.78,,,24104.93,9185.721,375711.1,3963.188,1970856.0
2001Q2,1513342.0,,22015.39,,87259.85,-12322.58,22712.28,,,15996.03,200546.8,,3759.231,,,,64282.31,2062.814,13831.77,129765.7,1554365.0,56808.65,,20466.28,17952.63,842.1393,10982.09,121553.7,2451.085,141357.3,5482.707,56606.15,96219.8,,55870.91,,6210.316,25681.01,87375.74,13383.28,4603.789,2931.992,12311.84,21808.13,,,37410.17,,,22227.88,13074.76,371431.9,4569.6,1931750.0
2001Q3,1463636.0,,23359.33,,88745.41,-27209.42,22237.94,,,15203.7,192584.8,,4026.445,,,,56172.91,1735.662,13202.23,119903.1,1504796.0,61102.43,,14720.42,17515.48,897.3147,10547.1,105872.4,2377.16,137883.3,4710.973,57987.96,93468.72,,53846.86,,6403.604,24348.3,82347.9,12813.33,5012.088,3099.729,11689.79,22502.98,,,37058.33,,,23257.74,16646.95,368298.3,4529.847,1852404.0
2001Q4,1530884.0,,24227.03,,90162.0,1015.806,20139.65,,,17659.26,202960.4,,4280.598,,,,63938.64,1978.686,14765.28,128531.5,1574179.0,56360.25,,13997.22,19874.6,800.8967,10593.07,122592.3,2522.26,143030.0,4787.415,62505.01,95581.62,,57792.38,,6802.858,25779.91,82773.86,14186.93,5222.481,3042.501,10028.24,23768.98,,,37206.25,,,21551.29,18890.72,373577.6,4914.314,1964815.0
2002Q1,1473745.0,,22959.16,,91992.81,2948.169,18339.94,,,16017.37,184231.5,,4579.202,,,,59258.18,1861.498,13908.75,131613.3,1514368.0,51553.71,,14910.43,21362.75,828.5657,11628.4,118354.5,2053.161,136946.5,4345.872,62023.57,85332.33,,51094.19,,6632.363,25574.3,84355.11,12555.99,4641.353,2857.448,12684.56,21877.03,,,36144.71,,,21684.02,17047.37,355732.3,4334.47,1891189.0
2002Q2,1550141.0,,24483.22,,91321.32,1054.842,19375.6,,,16866.85,196009.6,,4782.543,,,,62533.19,2129.888,14535.52,132523.4,1594024.0,59825.64,,15172.01,20697.25,876.0515,13009.6,118865.7,2255.251,138832.5,5120.419,64828.95,94267.68,,57332.9,,7037.794,28573.07,86038.55,14611.52,4888.649,3152.905,14304.32,24109.01,,,40006.71,,,23397.17,20301.36,388590.5,5590.348,2000415.0
2002Q3,1550072.0,,27404.06,,94083.04,992.6403,21159.81,,,16316.77,191925.3,,4941.571,,,,60340.36,2072.613,13932.21,124614.0,1593941.0,67453.92,,16905.63,18337.04,880.4357,11637.17,107630.4,2750.898,146407.0,4918.827,66359.22,95727.41,,56647.81,,7692.47,29961.66,82454.59,12922.15,5583.05,3290.426,14284.31,24096.86,,,40289.34,,,25147.86,25310.0,400765.0,5848.429,2014018.0
2002Q4,1634264.0,,29084.53,,93515.6,1510.465,18269.57,,,18406.15,205957.5,,5053.799,,,,70471.14,2287.259,14990.67,132809.8,1680839.0,66301.07,,18470.5,19407.09,843.5329,13097.48,127227.4,2567.02,152520.5,4667.125,72047.73,94769.66,,58720.72,,7620.819,28872.28,85267.49,14262.02,5868.901,3296.377,13313.83,25712.84,,,39995.37,,,24571.67,27051.03,408052.3,6800.251,2111505.0
2003Q1,1565791.0,,26513.59,,89314.18,-1156.745,17212.45,5642.608,,17106.32,200960.0,,4900.186,,,,63427.81,2192.018,14924.48,132284.6,1607926.0,60808.08,,16401.08,18518.99,782.2774,11755.26,120164.6,2324.712,147539.5,4281.231,71445.57,83238.93,,51050.0,,7224.898,25710.01,88384.27,13841.05,5095.687,3249.466,13702.84,23337.44,,,41273.53,,,24868.44,25025.48,380200.3,6218.791,2008003.0
2003Q2,1609910.0,,28038.4,,91421.62,824.799,17703.19,5742.904,,18166.13,205196.3,,5008.002,,97140.25,,70004.67,2375.088,14858.24,128592.3,1654251.0,65834.86,14372.8,14842.34,17589.53,965.0965,11156.29,120101.3,2340.998,149827.8,4837.264,70396.31,87400.77,,54408.24,,7349.0,26677.87,85363.38,13768.46,5558.742,3157.823,14225.29,24828.44,,,42652.09,,,25323.48,25328.7,407114.6,7529.917,2069115.0
2003Q3,1597990.0,,29826.93,,92740.57,930.0323,19133.9,5673.639,,17911.9,197778.1,,5151.227,,102061.4,,66130.48,2395.081,14145.45,120297.0,1644506.0,72280.68,14606.97,15387.49,17150.82,1014.741,11420.79,107550.2,2556.984,152677.3,4582.077,71038.1,90550.22,,55819.08,,7708.211,28689.11,83746.74,13315.21,6150.844,3304.764,13751.72,26742.92,,,44845.05,,,27389.13,26885.91,415096.2,7121.41,2068084.0
2003Q4,1721049.0,,30889.42,,91395.6,1704.7,20357.74,5801.56,,20452.34,217056.7,,5324.43,,111949.9,,73335.04,2632.905,15640.5,133656.6,1771374.0,75616.32,16066.77,16022.12,20645.13,919.8337,11899.56,130736.8,2611.619,159364.3,5186.325,79211.01,96219.03,,59688.23,,7936.049,31722.63,90760.16,14626.58,6555.182,3338.297,14049.65,28995.52,,,48320.68,,,29779.89,28939.94,432199.5,7488.003,2226773.0
2004Q1,1683560.0,5856.348,29935.09,,92026.04,3083.657,19516.58,6428.463,,18971.32,209158.7,,5656.367,,105114.4,,70490.54,2445.711,15260.14,133041.1,1731930.0,69914.39,15379.33,18685.35,17909.28,939.8626,12498.1,126227.9,2778.718,158412.9,4564.602,79396.37,89922.43,,54981.85,,8435.085,30090.81,92908.63,14469.48,6147.503,3139.19,13943.91,27120.08,,,49543.82,,,30368.51,25806.3,420147.3,6774.911,2174411.0
2004Q2,1763873.0,6640.115,31933.3,,93102.39,-1512.45,21045.99,6490.329,,23579.23,214996.4,,5812.382,,118273.2,,77343.27,2917.591,15675.5,138824.1,1819143.0,78478.44,17559.99,19959.03,17400.25,1102.674,12649.33,129313.7,2822.92,157225.8,5622.405,80278.49,97273.12,,59521.1,,8635.302,33457.89,93582.52,15128.74,6554.221,3575.583,14999.34,31637.18,,,53790.91,,,31975.76,32155.2,453240.3,8193.13,2292721.0
2004Q3,1748642.0,7117.654,34403.72,,92777.26,-833.215,23103.77,7109.763,,21640.45,216041.9,,5942.247,,118299.5,,72073.64,2715.887,15431.91,129546.5,1803201.0,82162.44,16575.38,22900.32,16678.38,1101.235,12617.76,116333.2,3141.865,162272.3,5590.043,76619.1,101581.5,,60660.05,,9084.112,35458.31,92901.1,15200.96,6919.287,3590.24,14135.45,31295.13,,,56065.81,,,32772.84,32853.97,458960.2,9048.435,2287959.0
2004Q4,1849385.0,7353.905,35785.42,,91819.43,-872.4631,23114.81,7328.61,,23751.7,233347.9,,6049.632,,120533.2,,79792.99,2998.25,17285.75,142004.0,1906140.0,80958.43,17797.49,23258.8,19193.58,1098.105,13115.4,130152.4,3314.876,170278.6,5366.204,83724.52,107590.4,,66071.98,,9364.509,35094.57,100134.8,16583.9,7260.782,3721.125,14261.94,32109.71,,,55629.71,,,32914.5,32694.42,474477.0,9196.218,2408783.0
2005Q1,1759491.0,6789.616,33313.83,,93925.88,-1292.841,21154.97,8002.224,210432.4,20893.78,212767.5,,6149.266,,106018.6,,76093.84,2838.328,16741.84,142032.9,1812058.0,72663.56,16058.24,23911.66,19420.73,1152.266,12624.71,126860.2,3283.332,160634.9,4714.332,76985.44,97331.81,,57856.22,,9432.598,31540.36,96367.12,15061.32,6544.142,3528.789,13166.06,29015.86,,,53990.07,,,37102.48,28111.74,451988.8,7728.818,2293981.0
2005Q2,1854731.0,8390.662,35714.73,,92725.59,-1556.799,22311.47,8202.868,255510.7,23363.12,231679.4,,6214.749,382151.5,123830.8,621860.4,83859.14,3228.331,17418.53,146345.7,1914314.0,83609.82,17992.49,25882.1,20364.47,1360.781,12900.1,131938.8,3700.286,162888.3,6534.975,78837.39,107043.7,,64192.11,562219.6,9915.035,35077.59,98861.62,17115.46,6993.706,3946.621,15996.61,33773.19,,,56621.49,,,40188.13,32734.34,478710.4,9496.346,2474328.0
2005Q3,1837518.0,8283.884,36824.97,,93722.29,-1093.081,24523.3,8673.396,280183.8,23020.18,227837.3,,6258.419,406108.7,125017.7,651563.3,75931.29,3348.689,16853.58,134700.7,1896968.0,89529.87,18068.06,27291.24,20715.54,1418.192,13733.0,117239.9,3539.411,167889.5,6253.21,80434.68,110459.8,,64994.39,592281.9,9797.83,37037.85,100549.5,16888.87,7458.39,3984.851,15403.36,33075.14,,,59004.91,,,37051.51,34032.46,480874.0,9140.928,2486373.0
2005Q4,1942875.0,8493.184,38194.85,,92188.48,-843.2129,23417.54,8955.478,289305.6,25172.38,249446.1,,6281.233,411125.1,133430.3,669842.9,82830.34,3665.961,18650.06,149861.2,2007021.0,88700.05,19165.79,23492.83,21749.19,1321.367,13081.8,129051.6,3482.591,171169.4,6191.257,87515.44,116700.2,,71797.14,605715.9,9763.824,36926.86,106492.9,18222.7,7625.124,4036.838,15578.94,36365.69,,,62522.6,,,36524.47,35535.09,501883.0,9296.377,2610105.0
2006Q1,1924700.0,7959.666,36203.4,,91768.56,-1205.33,24124.46,9305.303,256950.1,24592.66,249724.6,,6090.305,373000.0,126205.1,620714.5,84669.45,3800.309,18718.79,153877.3,1988224.0,81792.58,18932.93,19581.6,22374.6,1467.4,13661.55,133799.9,3630.63,172279.7,4970.942,87179.09,111788.4,,66173.18,556852.7,9720.935,35811.52,108947.8,17806.48,6772.031,4225.848,14107.24,35623.59,36027.67,,59920.22,,,37680.04,31855.25,482501.0,8869.526,2544383.0
2006Q2,1966351.0,8769.443,39018.81,,92534.29,-1257.868,24629.62,9228.217,290566.9,26062.37,252745.4,,6153.211,416243.1,143995.5,688808.6,87197.37,4239.977,18998.55,153645.8,2032598.0,88375.01,19838.5,21547.34,21442.57,1597.782,13057.75,132883.0,3529.993,169326.1,6559.307,87081.23,118886.8,,71909.91,622265.0,9683.203,38105.84,110555.4,18519.58,6821.848,4349.65,15964.62,37476.87,40813.0,,63892.37,,,39387.92,40565.64,503937.0,10670.46,2655693.0
2006Q3,1964758.0,9687.235,39074.63,,96120.87,-1007.033,28829.75,9724.773,313729.6,25737.47,253946.1,,6269.827,442217.2,149073.2,726412.3,81207.33,4079.232,19036.01,140614.5,2033359.0,96470.6,20362.42,22806.71,20501.06,1454.528,12147.44,121864.0,3469.63,170732.1,7045.821,89160.54,125382.5,,72829.06,657603.4,9739.457,39936.67,108895.2,17789.65,7362.322,4311.689,14722.81,38721.75,43651.22,,66890.07,,,39636.89,40299.0,517316.2,11384.54,2692812.0
2006Q4,2063811.0,9628.071,42357.45,,94788.08,-1366.59,28502.22,10010.24,307467.8,29767.48,276783.1,,6435.218,429936.7,164473.9,732428.6,91048.66,4255.706,20038.45,156240.0,2138848.0,98407.05,22394.45,20723.03,22375.9,1677.906,13323.97,136782.8,3454.923,176537.9,7828.754,90875.54,128127.8,,74978.52,657282.1,9890.141,38094.88,116630.9,19954.83,7782.294,5008.799,14730.6,42741.8,52565.72,,66866.4,,,37462.14,40309.79,519209.7,11458.28,2797075.0
2007Q1,2017352.0,9468.76,40623.74,,95231.34,-3129.841,29559.31,10259.37,279529.1,28907.69,268784.7,25218.21,6640.432,399338.2,151628.5,683229.9,89872.39,4122.064,20243.7,157797.7,2090447.0,86956.33,21793.74,20557.67,23342.41,1335.846,12608.72,141033.2,3313.696,172910.6,6985.733,93510.79,122309.1,,68031.23,609994.9,9954.128,36334.76,115804.2,19553.09,7013.14,4990.384,14069.16,41181.97,47793.49,,64408.08,,,37637.9,37003.42,496553.1,11209.65,2700396.0
2007Q2,2053369.0,10193.68,42127.14,,94143.6,-2569.515,30207.01,10828.73,308358.5,30014.33,266309.7,24260.44,6888.169,436332.8,164445.2,742014.3,93909.63,4472.24,20197.02,159522.3,2130056.0,98009.6,22457.42,21853.24,23764.78,1492.599,15195.48,137314.6,3678.119,169846.4,8514.366,94974.79,130670.0,,74329.56,665241.5,10566.29,37461.32,116278.4,19878.12,7469.202,5111.039,14726.9,43486.56,52944.53,,68047.1,,,40773.8,39611.83,513700.8,13159.02,2796097.0
2007Q3,2037712.0,12134.46,44361.4,,96175.29,-1718.823,35138.51,11191.32,338429.0,29824.78,265014.9,23657.47,7164.319,471293.3,170313.3,793389.7,87479.08,4068.801,19879.99,150277.0,2115900.0,103562.5,22838.95,24424.79,22072.47,1475.147,16604.71,125932.6,3728.94,172832.2,8925.464,91629.83,140889.9,,76709.13,715168.0,10893.26,38984.47,115939.7,19537.31,7927.357,5716.462,14596.91,44191.46,56509.08,,68828.53,,,40931.19,39567.18,518590.0,13926.94,2832915.0
2007Q4,2122810.0,12298.26,47004.59,,93790.97,-1441.347,36001.41,12356.18,335646.5,33060.54,276210.2,25545.29,7459.974,468939.9,180940.0,807186.7,97310.35,4260.24,21062.79,161152.4,2207578.0,105870.5,24306.41,22866.97,23890.98,1597.13,16128.0,136250.7,3969.904,179905.6,8449.496,100009.0,145876.9,,79490.44,722464.9,11429.88,39502.33,121893.9,22293.64,8624.342,5730.583,14436.5,48059.23,64398.09,,73038.78,,,41282.57,37168.17,519696.0,15205.05,2931511.0
2008Q1,2055604.0,12181.55,45397.81,40227.09,92050.6,-2078.876,34637.83,12190.88,284536.5,32357.02,269321.9,25459.31,7874.653,427352.8,171950.1,748224.9,95422.24,3818.746,21142.59,162080.2,2140095.0,93662.34,24686.4,31114.51,22840.87,1315.978,14448.9,135373.2,3604.849,176382.7,6185.941,99160.16,137442.5,,72303.92,663783.7,11479.5,36387.38,123101.0,20391.68,7538.227,6128.302,13744.74,47563.86,59541.08,,74660.76,,,45530.24,36051.67,485979.2,16039.45,2804520.0
2008Q2,2058062.0,12981.3,48055.13,41198.22,91624.79,-2681.555,38202.16,13337.39,306520.4,32904.65,266475.3,26189.04,8129.905,453866.5,183895.6,798955.6,95434.86,3974.536,21468.56,159424.0,2146032.0,102017.4,25070.65,32517.72,21647.81,1377.679,13363.1,132742.3,3777.267,165629.0,7994.122,96009.62,149286.3,,77972.33,711056.7,11907.17,38658.62,122469.9,21594.56,8245.217,6793.132,14227.19,49490.86,64921.17,,78096.14,,,44235.59,39100.34,494632.6,17706.98,2857962.0
2008Q3,2044591.0,13531.65,50229.85,39283.0,93516.37,-1896.844,42943.1,14072.5,319306.1,30689.29,267922.9,24818.71,8375.63,471794.6,186075.5,827735.2,84967.01,3791.644,20493.48,150217.4,2131212.0,104761.2,23597.79,33233.18,18706.52,1293.052,13850.85,117990.3,3795.52,170453.9,8082.005,103043.9,157693.9,,80055.31,741180.0,12171.15,41264.63,122671.7,20659.7,8311.825,7091.338,14214.37,48884.93,69879.81,,78777.7,,,48772.95,37527.84,504741.4,15003.38,2873437.0
2008Q4,2034060.0,11566.62,48216.32,39687.38,95368.41,-3221.354,37693.64,12019.46,278427.6,30747.61,273919.8,24985.61,8626.404,414047.6,173545.8,739243.1,80637.87,3642.631,19244.47,158450.8,2114819.0,97919.5,22145.34,32876.93,20031.96,810.375,13873.01,121643.5,3984.38,181282.7,7596.612,100305.8,139038.9,,70919.8,658515.1,12610.78,34858.23,121362.9,21217.54,8156.202,6839.355,13068.36,46563.12,63005.14,,72403.08,,,42098.49,37456.98,486822.2,12718.0,2773981.0
2009Q1,1742658.0,8270.592,40242.14,34229.21,96869.22,2165.698,27925.15,9525.756,224174.9,25467.89,246674.3,21724.88,9064.608,327557.3,139783.6,583233.6,71983.76,2647.943,15879.26,143722.7,1809395.0,71640.19,18564.4,24781.03,19913.03,824.1091,12658.04,109920.1,3056.748,146750.9,6022.51,85749.12,103771.4,,52649.35,516497.0,12121.36,26663.29,108042.1,17451.13,6394.91,5400.534,10604.67,38646.45,39366.02,,59204.19,,12324.1,29567.25,35018.49,392345.1,11766.14,2325892.0
2009Q2,1728907.0,8847.9,39334.2,34349.03,95982.52,1365.133,28533.87,9556.131,295195.5,26270.31,231747.9,20013.91,9324.848,414429.0,143475.2,677636.5,72057.69,2650.322,15069.04,142063.1,1796301.0,87532.79,19036.51,25990.12,18146.89,843.0555,12533.66,107966.9,3623.333,142112.1,7648.061,86263.23,106784.2,,54677.46,610241.9,12948.18,30636.29,104927.7,17645.07,6641.532,5168.839,12677.57,38801.97,37239.52,,62436.15,,13096.18,33296.36,39383.96,389223.5,16633.17,2406543.0
2009Q3,1814748.0,10384.71,43319.38,34780.56,96493.62,1031.359,34551.08,10553.89,342105.9,27706.03,243231.3,20293.46,9539.621,474628.8,151468.4,762988.5,74161.29,2660.657,15631.08,135810.0,1886835.0,95249.18,19930.98,29160.3,15704.24,923.4482,13270.41,104593.8,3820.719,154497.3,7241.84,92572.85,123530.9,,62507.18,690901.7,13360.34,34874.6,110640.1,17819.84,7085.805,5534.049,11852.92,41601.92,40338.67,,68396.97,,13877.72,37878.74,41323.63,426029.4,18756.35,2577737.0
2009Q4,1908217.0,10984.95,48242.68,36917.64,92397.48,1190.832,36865.41,11838.47,349535.3,29303.67,249829.1,21476.65,9700.515,490848.0,165269.1,803821.2,80357.04,2784.35,16542.51,150894.2,1986159.0,100544.0,21799.28,29415.24,17559.14,889.018,13533.73,116595.8,3950.278,160757.5,7606.931,95710.1,134053.3,,68285.44,725878.8,13650.79,37480.04,116340.9,19324.22,7534.831,6079.0,12309.25,44304.64,49361.42,,70374.63,,15682.36,40935.47,41006.04,444625.4,21172.74,2712038.0
2010Q1,1882920.0,10809.03,44078.46,35584.27,94447.25,-3143.345,38144.12,11885.62,317269.8,29080.52,255785.1,20531.22,9853.65,456656.5,150933.6,754167.5,78556.26,2780.459,15890.65,149083.1,1958867.0,92924.4,20789.03,30140.74,16214.75,822.3708,13852.02,119772.6,3626.86,158553.6,5246.382,98050.61,133096.9,,65932.71,678220.6,13480.51,35349.44,117129.1,18459.72,6600.049,6325.406,12816.64,43272.28,45396.24,,72058.41,,14705.44,43090.03,39372.98,427959.9,17989.9,2637088.0
2010Q2,2009595.0,12795.78,46595.25,38379.36,94518.23,-3569.761,41142.59,12836.92,356713.6,31755.05,271278.4,21625.37,9870.977,508746.6,169598.6,838161.0,83902.72,3045.022,17390.72,155182.2,2091205.0,106663.6,22114.11,32313.58,16855.42,851.9668,14484.81,122664.0,3389.607,162006.5,7118.684,102969.6,146555.2,,73227.37,756551.6,13260.58,39657.45,123424.8,20128.84,7148.572,6552.589,15326.82,46658.39,50666.75,,77564.17,,15722.55,43853.21,46610.43,475438.0,20881.93,2847756.0
2010Q3,2043775.0,15046.13,48117.83,39334.9,96793.72,-2278.102,49017.23,14598.99,388964.9,32960.57,273937.9,21212.04,9805.626,544897.9,181561.3,901215.9,77896.57,3168.412,18253.93,149277.9,2127938.0,110279.3,23315.66,33534.54,15050.52,937.5696,14394.15,117383.6,3068.31,172068.0,7972.539,102853.5,161882.7,,75494.73,817052.8,12873.94,40325.78,122051.5,19647.23,7823.641,7725.652,13981.6,46248.36,58057.63,,80472.32,,16370.8,46807.58,48245.19,503488.8,21283.55,2944991.0
2010Q4,2092322.0,15122.31,50328.23,41027.7,93438.51,-1991.719,46537.2,15067.21,402712.0,35176.05,285820.7,22189.02,9667.664,563177.5,194998.3,933768.9,84785.68,3526.417,19159.87,158385.9,2181344.0,106837.5,24726.66,35832.48,17359.67,934.2794,14965.74,130309.2,2836.246,173849.2,8364.095,106128.0,163089.2,,78748.96,844746.5,12503.91,40414.86,129393.6,20681.27,8459.247,7613.541,14862.61,49228.56,63523.86,,77751.19,,18394.73,45926.69,51146.87,493420.3,23428.82,3026091.0
2011Q1,2055560.0,13904.72,45825.79,42398.17,92966.61,-1702.06,42480.95,14988.03,354381.1,33729.27,285575.5,21807.81,8990.417,512019.9,190160.8,866929.1,84054.07,3727.795,19034.59,165387.7,2142611.0,102949.5,24003.28,34251.76,17963.03,918.2632,15266.35,126951.6,3056.18,169083.4,5594.196,105751.5,152701.8,,73965.6,779878.3,12046.6,38155.81,126114.1,21950.39,7484.748,7362.536,14841.44,48059.48,61187.5,,77954.0,,16987.64,49171.79,53018.42,471678.3,21218.01,2922489.0
2011Q2,2085832.0,15887.5,48131.22,42543.07,92539.84,-1905.018,47173.96,15527.33,363499.7,35189.94,290000.3,22286.19,8965.443,530650.9,202141.7,911383.6,83213.79,4024.78,19046.64,162340.0,2175708.0,108829.9,23822.1,37450.43,19175.03,990.8518,14591.99,125482.8,3294.465,166658.6,7964.453,108436.9,166331.1,,79584.73,821506.7,12259.91,39915.43,123341.2,19789.38,7761.16,8157.56,15816.0,50527.45,65074.37,,80839.35,,17672.18,50106.68,56658.33,492946.5,23862.59,2997215.0
2011Q3,2097609.0,18525.6,54095.38,43397.19,92760.26,-1767.184,50506.47,17289.41,399343.3,34074.22,290455.7,22357.5,9056.481,571486.8,205900.4,966583.1,78743.72,3879.591,18414.38,151479.4,2188372.0,110604.5,24084.59,38842.04,16841.31,1009.062,14834.75,115465.4,2969.726,177644.8,7879.909,110015.3,177169.7,,82598.67,875820.0,12026.21,40637.86,125868.5,19735.61,8453.536,8249.565,13505.14,49389.12,65369.86,,82688.7,,16625.42,54332.45,60944.12,508164.8,24825.95,3064192.0
2011Q4,2113973.0,16953.49,54454.59,43623.73,92919.57,-2005.55,49128.7,16619.37,415119.6,34888.99,291695.3,22661.39,9263.099,582436.3,213398.5,981657.4,82100.27,3856.353,19734.29,158217.6,2204733.0,109073.1,25154.32,40470.96,18298.31,1097.297,15235.86,115966.2,3278.133,181539.0,9474.856,110295.2,173281.5,,82315.97,890897.8,12541.23,41378.35,126281.2,21176.4,8631.417,8263.93,13938.07,48985.92,68676.37,,81102.36,,18231.06,46872.64,63112.54,502893.8,24656.67,3095631.0
2012Q1,2075076.0,14043.36,51189.21,42931.77,91823.51,-4533.929,43577.31,15407.65,352811.0,34115.32,284572.0,21708.57,9983.969,519378.2,205220.9,898288.9,77815.2,3933.954,18778.96,161645.6,2163256.0,98649.26,24310.35,38385.07,21007.57,1008.296,16850.23,114657.1,3313.077,179925.2,8188.756,109392.3,160392.7,,79202.93,810109.3,13297.05,39775.72,129677.9,19799.81,7868.835,8161.42,14135.48,48461.59,69668.86,,82615.91,,18174.78,51930.27,59125.31,486934.8,22340.62,2973365.0
2012Q2,2107000.0,13957.81,51385.13,42342.52,93502.32,-5907.513,47039.83,16181.97,377849.0,34233.77,281658.3,21793.8,10336.49,560773.0,209078.7,952656.3,77326.07,4085.182,18166.69,159004.4,2195966.0,106962.9,24135.23,43820.04,19736.02,1075.666,16550.94,112781.1,3132.291,177696.2,9861.86,111162.5,169335.8,,83543.04,863690.3,13468.78,42761.64,129274.7,20638.14,7941.203,8613.124,16497.62,48648.77,66810.3,,85442.14,,18702.73,53875.17,65530.09,515537.8,25969.45,3059656.0
2012Q3,2092301.0,16775.04,54372.97,42365.8,94723.8,-26618.59,46487.58,18008.64,413098.4,33073.15,279648.6,21446.26,10676.78,590195.4,193070.5,971129.7,74136.93,4234.464,17536.09,149784.6,2181748.0,113025.2,24002.7,39213.12,18497.44,1007.338,16636.14,104060.5,3469.526,185010.8,11432.68,108122.7,173717.5,,82897.01,881683.3,14146.31,43357.8,127863.4,20379.46,8602.87,9549.211,13879.2,47435.13,71976.99,,80666.04,,18697.46,53993.17,64841.62,518409.5,26653.68,3063431.0
2012Q4,2120496.0,16449.27,55874.59,42887.62,93943.3,-13951.24,49345.76,18622.84,434660.8,34784.3,283531.9,22617.36,10999.94,615817.2,209347.9,1021065.0,75326.85,4244.602,18426.72,157780.8,2213177.0,115417.2,24750.86,42548.79,19413.81,979.757,15957.07,107686.6,3829.214,179964.8,11965.05,112631.9,181071.1,,87578.62,928384.3,14829.15,41284.57,133013.4,21333.97,8662.918,9074.65,14848.57,49307.43,73950.5,,84488.51,,19634.26,55122.82,63325.31,511893.9,27351.63,3141562.0
2013Q1,2043227.0,14080.12,48441.89,41144.53,92647.65,4710.344,46629.65,16458.96,387432.6,32392.07,280449.0,22132.32,11266.29,565499.7,220501.9,967312.9,74912.26,4018.088,18021.31,156349.1,2131907.0,102305.1,24387.48,38768.44,20914.11,963.8588,14972.37,107603.5,3590.91,175747.3,9373.239,113081.0,166454.2,,80380.28,878633.2,14857.2,41915.71,130629.6,19457.15,7849.453,8905.196,13181.16,47833.31,72194.94,,80312.89,,18575.98,57793.4,62002.57,480306.3,26408.34,3010540.0
2013Q2,2122782.0,16120.92,50589.03,42356.83,92860.4,4427.494,50803.18,17437.93,403477.8,33991.72,289049.1,22594.68,11553.88,594142.8,232750.6,1023976.0,81988.62,4301.322,17642.99,159077.0,2213896.0,110543.4,25654.1,42490.26,19978.51,1129.354,15676.94,106588.4,4110.785,174376.1,12581.06,114373.3,181417.5,,87944.03,932860.9,15664.66,44464.86,131761.9,20979.99,8466.692,9111.393,15878.6,48022.65,68000.2,,88604.89,,19350.45,56458.47,74065.14,516500.0,31372.85,3146757.0
2013Q3,2133093.0,17277.41,54130.43,43691.15,93825.25,4233.553,52358.87,17890.93,441490.6,34826.66,286259.5,23534.18,11830.64,628543.8,238162.1,1067037.0,76768.55,4102.685,18526.72,151714.6,2226435.0,115254.8,25366.13,40757.8,19136.25,1104.683,15367.16,103343.9,3684.085,184487.5,12245.56,112959.0,184816.0,,87575.75,973694.8,15514.72,46221.63,128888.3,21033.74,9619.082,9713.027,15815.64,50084.74,71645.72,,89036.58,,19425.64,52821.03,74586.35,526056.4,31437.17,3200129.0
2013Q4,2180144.0,16000.24,54071.79,44324.71,93162.71,4016.781,51133.01,17213.95,460607.9,38102.23,291848.9,23800.09,12096.32,648990.0,242874.7,1088224.0,80297.49,4118.464,19010.12,159998.2,2277147.0,118684.9,26691.1,42357.89,20952.8,1051.07,15500.65,107108.2,3420.099,190410.7,12253.21,118672.5,180842.8,,87488.48,991220.2,15516.42,45557.89,134013.0,21310.23,9725.701,9007.158,15570.92,53098.74,68821.68,,87289.63,,21634.43,51600.55,77993.23,525055.1,33294.83,3268368.0
2014Q1,2135499.0,14156.95,50053.74,43460.54,93261.28,5302.139,47439.52,15663.44,402391.7,37006.36,298599.5,23362.09,12369.9,579583.4,237496.7,1001034.0,84360.35,3961.659,18064.75,161954.6,2229928.0,102247.9,26298.93,39222.09,21236.08,1036.759,15203.41,107357.6,3234.317,191877.4,8178.625,118534.9,168349.5,,82221.75,906604.8,15604.22,43786.13,131153.9,19788.35,8841.175,8867.881,15639.07,52466.66,68206.21,,86412.11,,20210.25,48599.78,77044.13,497514.6,29944.61,3136533.0
2014Q2,2181837.0,14459.32,51606.05,43139.6,93673.72,2953.717,48284.08,15579.06,407969.1,38391.42,296540.7,23588.55,12601.82,596839.9,240409.1,1030638.0,85258.59,4231.237,18724.29,163802.1,2280299.0,113314.2,28129.74,40876.22,20886.85,1165.09,14683.06,110263.7,3799.464,175127.6,10819.22,117237.2,176987.7,,89731.49,932175.4,16401.28,47119.72,132253.3,20462.01,9454.533,8933.71,16450.69,54753.76,64134.52,,87909.3,,20516.42,49789.13,79618.13,539607.1,34635.01,3212475.0
2014Q3,2205416.0,14936.42,54601.21,42894.9,94659.07,3708.468,52264.22,16070.79,453053.2,38578.51,297938.8,23494.85,12823.3,643656.7,245614.1,1089872.0,84242.63,4196.838,18128.2,160516.0,2304651.0,119027.6,27793.0,38897.33,20862.08,1275.615,15541.73,105145.8,3534.397,182102.3,11475.32,120997.9,184243.4,,91716.1,990637.1,16357.7,46964.12,133217.9,22276.0,10555.54,9255.832,15930.13,55370.92,67421.53,,85934.66,,20168.15,52544.86,79844.83,549060.3,36267.06,3295288.0
2014Q4,2279934.0,12713.44,54402.38,43878.08,94524.02,4129.856,47885.69,16722.94,480547.7,40937.3,305631.8,24312.45,13040.38,676884.8,251072.9,1125370.0,86030.42,4387.688,19077.02,170431.2,2382431.0,120995.9,28865.73,40789.52,22764.29,1090.374,17032.69,110189.0,3857.612,186665.6,11306.39,130621.4,180514.5,,94109.04,1022873.0,16897.99,47909.71,137329.5,21134.75,10679.34,9083.342,17341.66,56907.95,58951.26,,90003.78,,22386.37,51253.2,90911.69,565428.6,39042.95,3405304.0
2015Q1,2248104.0,12580.37,51813.19,45104.82,96938.45,-73242.47,45477.68,15245.03,370011.7,41379.45,315538.3,24994.57,13452.28,558655.9,158572.9,901108.7,87613.96,4039.45,18579.39,172204.0,2347073.0,102745.7,28258.45,36869.34,22668.8,1266.991,17210.48,115210.0,3318.308,190225.8,8081.341,125841.1,167109.4,,85002.69,802140.1,16770.59,44909.72,132328.1,20742.49,9507.5,8803.65,17005.88,55465.17,48280.98,,86145.46,,22275.94,50679.5,91729.4,543730.1,39179.7,3149213.0
2015Q2,2288357.0,14553.29,54236.3,43690.06,99259.96,209039.2,41907.26,14612.31,398206.9,41606.94,313991.4,24391.25,13615.92,591701.8,453395.7,1234636.0,91668.65,4126.585,17313.66,173923.6,2389653.0,109057.4,29712.55,37740.23,22084.64,1403.892,16505.65,119551.0,3524.828,180509.6,9320.4,124405.2,172398.2,,92368.21,1133340.0,17140.75,45441.94,134851.8,23376.77,9917.229,8957.167,17973.97,56971.44,42923.91,,86894.59,,22333.34,49060.76,105428.2,573257.1,43277.96,3522993.0
2015Q3,2324038.0,16433.75,57081.36,46032.19,100092.3,9186.382,41194.24,16765.55,449213.4,42357.93,323212.9,24527.42,13689.71,647003.4,265758.2,1108923.0,90157.9,4125.248,18261.5,167915.6,2428306.0,111880.8,29473.23,36308.12,22075.16,1322.715,16102.62,112569.2,3752.095,192539.9,10344.41,129505.3,178719.2,,95144.89,1004654.0,17441.8,48605.69,133105.6,20372.57,10937.46,9180.765,19138.3,58029.66,51546.31,,90967.83,,22475.6,48964.69,107178.2,586418.8,44773.3,3432960.0
2015Q4,2384745.0,14599.73,56986.47,47257.09,99281.68,3727.929,37615.24,16771.78,497321.6,46422.57,330926.3,26038.14,13662.05,698803.4,272985.3,1161069.0,92234.26,4270.334,19927.87,185174.2,2492594.0,114886.0,30628.32,36798.6,27511.0,1404.462,17698.17,118876.3,3658.276,193827.1,13171.03,133083.0,171960.0,,93697.07,1053220.0,17320.32,49091.37,138363.7,21820.93,10981.73,9276.164,20668.58,60448.94,48385.65,,90694.93,,25181.37,50184.13,116623.5,581897.5,44739.12,3545814.0
2016Q1,2310907.0,13737.33,51539.66,48886.4,97711.14,2491.765,34333.74,15323.21,382634.8,44666.03,334466.8,25313.31,13376.98,572787.8,262280.6,1007988.0,91609.92,4264.949,18806.57,186559.5,2416093.0,97174.25,29718.15,35527.12,26472.62,1450.443,18690.48,120596.2,3559.96,194432.6,11023.13,124197.7,155982.8,,84044.77,902802.6,16936.94,44108.23,135674.3,19823.24,9623.543,8543.806,20503.81,60144.13,43518.29,,86656.98,,23722.11,48750.13,115385.1,548568.7,41263.73,3318895.0
2016Q2,2352144.0,15582.98,53119.36,48216.29,90245.62,2955.93,37406.28,15204.47,408632.5,45634.47,333103.7,25732.44,13193.36,612738.4,273587.3,1069660.0,95983.27,4512.271,19642.77,186690.1,2460925.0,108373.0,31589.85,36824.97,26840.42,1653.51,18236.01,125511.0,3111.468,182866.7,11754.63,125606.0,167029.8,,90415.75,960879.1,16304.83,46777.98,140673.9,21274.79,10070.07,8420.304,24243.55,61986.94,41656.01,,88520.0,,25576.7,47694.27,123643.9,574061.2,48565.17,3421804.0
2016Q3,2348215.0,15758.52,55983.43,47657.94,90435.54,2589.933,38917.21,16905.12,464161.4,43218.15,328660.3,25397.5,12966.49,669137.9,274198.5,1133168.0,89207.89,4284.292,18781.96,177557.1,2457450.0,114778.9,30692.04,34737.99,25876.11,1495.235,18837.52,115023.5,3010.417,192061.2,12325.59,127837.2,173854.6,,93227.21,1023932.0,15976.9,48094.11,138027.1,24215.04,11448.07,9046.532,22205.31,61638.43,55624.68,,87451.48,,23686.12,49745.11,111327.8,586292.8,50193.99,3481382.0
2016Q4,2422334.0,14993.18,56321.29,49432.7,89587.56,8984.436,36467.44,16789.06,517509.6,46300.29,337454.4,27264.63,12702.03,738763.3,309103.3,1235044.0,94942.55,4421.57,19931.85,192149.4,2534200.0,121515.3,31735.67,39134.01,27857.76,1517.068,18086.2,122985.7,3209.413,193190.5,13650.85,133020.0,171266.3,,93924.61,1123178.0,15911.44,49955.67,144369.1,21843.96,11500.89,9092.036,25062.39,63341.63,53357.82,,93527.9,,26721.28,51442.11,138032.9,588391.8,55659.48,3657378.0
2017Q1,2404454.0,14379.72,53786.45,51592.4,90665.68,-3724.791,38029.26,16138.11,442854.5,46924.14,344274.9,26499.18,12261.18,661211.3,306307.1,1149213.0,98934.98,4645.789,20056.17,198834.0,2520377.0,105879.6,33300.54,38393.79,28649.8,1430.068,17311.41,125055.0,2964.881,194789.7,10511.31,134992.5,166468.4,,89379.14,1033289.0,15226.06,52368.23,147957.9,21429.75,10207.0,8542.162,23857.89,66484.84,54061.3,,90598.53,,25716.1,51493.73,145673.9,564222.8,52243.19,3553667.0
2017Q2,2462514.0,16982.91,59129.77,50425.46,90869.0,-3521.602,37972.59,16269.65,441691.1,48091.81,345077.0,26098.07,12007.71,668868.3,320828.7,1179723.0,98822.62,4621.989,20501.0,196102.5,2579413.0,115161.5,33436.51,36923.14,30607.74,1875.591,16486.63,126176.4,3862.394,190433.9,12830.6,137773.4,174156.3,,94128.09,1062825.0,15870.1,51227.66,151185.7,24304.31,10811.59,8803.072,26388.52,67192.52,51270.31,,92645.44,,25356.14,52666.38,159620.3,599957.0,59971.45,3642238.0
2017Q3,2464266.0,18882.34,70949.04,50423.08,92462.14,-3567.255,43145.32,17256.92,504763.1,47150.75,345016.8,26413.71,11785.51,740712.4,332872.2,1275682.0,94626.0,4398.602,20285.66,188166.6,2581429.0,121225.3,33003.77,41234.32,26259.81,1750.156,17227.16,117233.9,3582.16,195442.9,13008.82,140431.6,186730.2,,97888.38,1158520.0,15367.67,54426.08,149114.5,22082.34,11869.58,9557.218,25698.87,66901.91,62901.92,,94699.8,,25341.98,54813.02,160623.0,601694.9,59776.97,3739949.0
2017Q4,2555257.0,18646.23,61358.42,52431.75,90402.53,-2866.217,41643.74,17824.74,539328.6,51802.65,353685.4,27546.71,11592.92,790239.8,354935.0,1349929.0,99715.5,4627.479,20972.54,205072.9,2679454.0,129020.3,34300.09,44870.59,30544.29,1714.632,17058.44,124876.1,3875.311,203648.0,14072.72,137606.5,189285.8,,101389.4,1225732.0,15468.23,55331.4,154640.9,25183.85,12843.53,9781.734,30860.88,72071.84,59042.7,,99744.59,,27642.06,56044.68,178313.8,623117.9,63803.69,3905186.0
2018Q1,2509916.0,16926.28,58539.38,52750.38,91095.1,-4018.975,41730.84,17175.58,487656.1,50325.78,355958.8,27658.27,11521.6,724532.3,343938.3,1263595.0,99316.68,4628.74,20841.66,206045.5,2633403.0,114429.4,34738.39,43315.33,28186.69,1532.123,17582.44,127562.3,3122.284,202201.3,12023.13,142069.0,180480.3,,95597.86,1140108.0,14643.88,52093.56,160444.5,21960.19,11289.34,9049.776,26474.72,71573.11,61735.83,,94212.69,,26775.92,56629.64,167886.8,594509.5,58362.97,3773510.0
2018Q2,2553026.0,17553.99,60218.37,53176.93,91434.84,-4603.674,40826.72,18136.66,479764.2,51372.15,357948.5,29347.02,11346.93,730732.0,358939.5,1292653.0,102996.5,4990.877,20653.04,205981.4,2679480.0,123711.8,36140.82,44984.93,30166.23,1788.463,17701.15,127836.7,3212.119,190352.7,13998.63,138136.1,188422.5,,102682.0,1166199.0,14559.05,54989.75,160809.5,24057.63,11786.93,9223.103,32746.41,72176.91,53420.28,,98286.8,,27510.65,54969.61,187806.5,622761.6,63277.12,3845679.0
2018Q3,2536119.0,16677.41,60463.69,51245.23,91565.13,-4787.403,49694.54,18771.27,556800.9,49964.64,356314.7,26133.57,11159.47,821953.5,383613.4,1419619.0,94072.44,4735.745,20029.17,192015.9,2661503.0,131547.5,35090.55,50458.0,30010.19,1662.892,17398.03,116482.0,3754.069,196775.9,15179.57,135731.4,199138.7,,104538.2,1294236.0,14913.54,56039.64,157980.3,21787.98,12754.25,9457.236,32468.75,71521.78,61850.8,,100532.9,,26506.05,58427.43,204758.1,640409.5,67758.82,3955738.0
2018Q4,2645971.0,13236.88,63301.26,54823.54,90401.44,-2986.303,43670.1,19336.94,527571.3,54731.72,359536.2,27880.16,10956.77,795219.0,371385.5,1372586.0,100014.0,5121.71,21415.95,207544.4,2778095.0,128179.8,36413.46,50629.94,35878.02,1598.414,18989.46,127238.1,3919.145,211049.1,15708.2,148474.4,191105.3,,105419.4,1240463.0,14875.92,56812.1,165285.9,23440.9,12837.23,9442.004,33678.95,76372.78,55669.17,,104747.3,,29982.49,56785.65,190208.2,653499.8,69741.03,4018557.0
2019Q1,2532843.0,12265.09,57669.63,55029.62,91169.57,-18975.35,44081.18,17402.68,475845.5,51952.07,370201.8,28022.72,10837.74,713292.4,356285.7,1262546.0,100668.3,4740.53,20343.04,211153.8,2662652.0,108439.6,37422.14,40395.1,30565.67,1396.896,19370.77,124905.0,3591.087,198685.4,12503.98,134971.8,178538.7,,95787.6,1132736.0,14428.82,50391.31,166811.5,23254.17,11441.79,9002.107,28251.31,74984.44,60335.12,,95068.6,,29240.28,55504.26,190015.4,597740.0,62904.91,3795388.0
2019Q2,2573005.0,13308.73,58589.53,53519.07,90709.07,56174.65,43675.81,17553.32,469407.3,51848.98,362791.6,27150.24,10553.05,718533.3,450538.5,1367279.0,101964.4,4899.328,21015.96,211127.6,2701720.0,114438.0,37487.09,40408.83,31111.33,1613.091,17744.96,126628.3,3648.971,194049.1,17829.14,140022.2,184005.3,,100312.6,1238564.0,14202.02,53513.22,169838.3,23240.49,11604.79,9154.885,31943.56,73674.67,52771.62,,97511.56,,29001.3,53670.77,212601.3,632585.7,69589.65,3940284.0
2019Q3,2583542.0,14005.74,60734.15,53377.25,93058.0,15977.41,50484.16,18563.59,539083.4,51951.95,363117.4,27581.92,10207.31,793948.1,426566.6,1430856.0,99286.46,4762.888,20662.29,200669.5,2714899.0,117248.8,38065.82,43403.19,30825.03,1589.496,18508.91,120335.7,3675.001,205266.0,19675.95,140046.1,196459.0,,103816.8,1299499.0,13882.31,53571.85,168524.3,23094.6,12888.47,9588.717,29886.67,74727.73,66111.05,,98252.66,,28324.79,54938.0,212008.6,643434.9,73065.0,4014398.0
2019Q4,2607102.0,11499.27,62100.77,53048.34,91606.71,-176060.0,45330.8,18103.26,578077.6,54993.91,367207.7,28200.53,9801.082,833225.5,256446.9,1288008.0,98761.14,4898.88,20477.6,208989.3,2740258.0,119685.3,38543.0,43475.2,34509.66,1465.035,18200.45,123758.5,3327.44,205747.4,18269.11,142253.5,185207.2,,100876.7,1154853.0,13128.52,55559.49,176400.5,22511.7,12946.37,9397.097,30808.49,76509.33,60889.65,,103210.0,,30545.93,52700.56,238295.8,625582.9,72604.19,3895110.0
2020Q1,2480038.0,10371.6,55032.76,52341.56,92033.28,10329.55,46630.0,15951.29,,51808.7,371361.0,28350.49,8981.97,559087.6,452669.3,1198194.0,94996.28,4570.076,20533.21,197421.1,2611512.0,97937.92,38491.91,37798.41,31454.49,1352.358,17298.44,119353.9,2916.172,191367.8,13188.26,143599.3,174538.7,,93095.42,1066719.0,11898.14,51274.58,166540.7,22707.91,10904.65,8490.349,26508.24,77031.11,62034.09,,101120.9,,29382.29,53240.16,251594.4,578568.4,66438.51,3678231.0
2020Q2,2256243.0,10074.99,55015.78,45536.31,93173.58,2820.459,35479.45,14290.56,479465.9,44317.8,319000.4,26014.16,8594.282,687980.6,398900.5,1232466.0,72498.3,4345.912,18352.43,163688.8,2365796.0,105505.5,31871.34,33777.1,26552.5,1293.69,15347.21,99945.68,2819.217,194750.0,17514.39,140033.7,134171.6,,67653.97,1122914.0,11413.5,48114.5,150527.1,20579.09,9548.745,6672.61,18940.68,63390.52,47693.3,,91873.66,,21957.57,43979.48,235610.5,536385.2,63702.86,3488709.0
2020Q3,2473493.0,12106.58,60388.43,50614.21,91925.79,5512.486,38979.8,16302.6,587270.0,50789.14,352350.9,27734.85,8303.416,819464.4,521696.4,1512646.0,88593.55,4819.969,20113.32,173743.8,2605319.0,116365.8,38699.38,33089.72,30284.75,1372.752,16578.17,114241.4,3414.221,185698.1,20432.77,141767.9,159767.5,,84249.94,1380820.0,11717.64,52199.07,161870.8,23010.31,11160.72,8128.598,25263.62,76823.9,63308.29,,98049.95,,28046.51,45571.23,316919.6,623972.0,76070.86,3986139.0
2020Q4,2649393.0,13078.24,66890.35,53845.14,91370.38,2151361.0,48024.7,17283.85,604106.9,58232.9,378385.9,29778.19,8112.14,858567.7,2711868.0,3764918.0,96368.47,5385.311,20884.6,185095.5,2792424.0,127691.1,41716.31,36779.23,39771.26,1368.794,18208.47,125001.4,4001.751,203679.9,18342.55,148463.3,182368.3,,94338.37,3621887.0,12113.89,55450.62,172682.7,23597.04,12334.11,9643.103,26588.24,84030.8,59857.37,,101010.5,,31901.56,51988.65,356560.4,657445.8,83654.03,6414310.0
2021Q1,2584304.0,13294.18,62402.97,55614.46,90324.19,-3613.385,50634.65,19167.89,,55891.83,370980.6,30202.65,8215.876,640033.6,509339.4,1349328.0,94044.73,5235.154,20545.66,184005.4,2727147.0,121787.9,40588.87,39683.98,31179.82,1350.521,18220.86,123856.8,3523.172,200041.9,14143.59,149253.0,188215.8,,95733.18,1206485.0,11739.05,57493.58,180054.5,21582.55,11858.53,9385.883,26412.22,83086.18,67880.06,,101315.3,,30990.33,56052.54,307254.1,623564.4,80593.74,3933632.0
2021Q2,2682125.0,14722.36,64960.27,59172.61,91281.23,-2129.492,49615.16,19681.33,552719.6,58243.0,374535.4,30794.15,8128.215,831155.8,551170.3,1585986.0,98536.86,5818.612,20905.02,189581.1,2828333.0,128878.3,41732.38,43061.31,37033.81,1614.453,18700.17,126874.9,3301.883,197893.2,17514.36,154280.1,192229.9,,98403.98,1439778.0,11430.1,62028.95,187823.9,24130.64,12303.62,9807.053,27952.79,84794.59,62672.67,,104615.8,,30900.16,57515.97,346585.8,663247.5,87877.26,4268111.0
2021Q3,2646956.0,15599.38,63974.4,55790.67,93656.02,-1644.896,51997.97,22286.11,587132.8,53561.5,351092.4,30487.5,8050.056,861136.6,560353.9,1637023.0,95519.44,5650.84,21067.73,175610.9,2794305.0,137451.5,40074.2,41860.08,32573.59,1679.75,18448.75,118149.3,3996.325,197622.4,17754.21,154707.3,203486.1,,103674.9,1489674.0,12046.38,59478.25,190224.5,23623.58,14128.54,9927.712,28687.01,84989.02,74908.0,,104074.5,,27961.66,57929.06,344273.4,679899.0,86049.32,4283979.0
2021Q4,2787519.0,15603.58,67529.5,57552.68,90101.82,-1354.82,53796.69,23660.46,616404.0,57130.74,373826.3,33104.79,7980.14,910084.2,708123.1,1837417.0,104945.8,5703.98,23052.5,195888.6,2942851.0,139405.3,41064.54,46730.37,40358.67,1753.401,19791.85,126306.9,4426.435,200145.0,18753.77,164125.3,206803.5,,103774.8,1682085.0,12406.58,66388.89,200685.0,24829.77,14505.3,9967.981,31820.25,90607.2,66151.31,,112467.0,,30788.23,59409.18,492901.1,703520.6,89331.58,4624936.0
2022Q1,2717916.0,15732.9,67112.41,64326.74,91114.51,-2087.297,49189.74,21248.97,,56804.68,362864.1,33637.94,7917.438,637440.2,789394.0,,103245.5,5552.151,22369.16,192590.5,2870499.0,113256.6,43186.48,46231.97,40971.08,,20309.57,127863.3,3992.471,202694.0,16175.33,158908.0,194670.4,,98883.26,,11909.91,66891.38,196674.4,23150.41,12486.9,9615.565,30433.76,88144.48,,,105622.9,,32026.78,58055.33,586609.7,682650.0,87652.48,4551456.0
2022Q2,2780332.0,17635.47,67815.88,63248.62,89967.08,-1891.524,49465.33,21215.38,487451.6,58719.44,371550.3,33832.16,7861.1,797150.5,861195.9,1815600.0,111618.9,5866.638,21763.98,,2933380.0,119963.8,43136.42,46940.06,47878.53,,21253.5,128952.0,4575.418,191863.2,18561.6,157613.7,207400.7,,109071.3,1662590.0,12436.52,74218.38,195705.0,23396.55,12253.06,10013.17,32962.59,88658.8,,,110172.8,,31109.03,59818.58,650147.4,718333.6,95759.32,4660121.0
2022Q3,2774077.0,17601.24,71277.12,60130.45,88644.75,-1722.742,57876.55,21249.59,552609.0,54941.29,357800.6,33143.28,7810.42,862653.6,995367.9,2017881.0,103812.1,5482.752,20579.74,,2928594.0,112849.7,43597.88,51227.29,44273.4,,20163.47,120321.4,5115.596,198548.0,20584.43,176391.6,219266.7,,112052.8,1863580.0,12926.02,78464.88,201240.7,23319.05,14004.55,10486.54,32950.1,89453.27,,,118754.2,,28158.06,60535.92,771121.6,722176.1,86866.47,4868943.0
2022Q4,2771016.0,14736.6,69241.92,63726.3,94132.94,-2006.564,53142.76,19188.98,582176.4,59568.54,363669.9,32556.33,7764.81,871849.5,1090305.0,2095959.0,103510.2,5585.089,20969.59,,2926941.0,106955.6,44390.81,51972.57,46420.26,,20841.02,122142.5,4454.678,206223.9,23240.92,170702.6,200817.4,,103792.5,1940357.0,12219.49,72535.65,205588.9,24841.35,14202.53,9956.604,31982.52,92022.12,,,109217.9,,32437.35,53853.35,853425.0,700635.1,79328.95,4948683.0
2023Q1,2677947.0,14576.77,66732.16,64136.09,92277.08,15922.23,48244.56,17500.66,,56480.68,361695.2,30989.13,,,1185085.0,,100010.1,4661.699,19044.45,,2829240.0,95209.05,44895.68,48750.15,43191.56,,20268.48,126283.3,4378.466,197609.9,21880.19,167834.6,190458.3,,101225.7,,,66449.32,201368.3,22601.07,13299.27,8910.628,29882.67,88543.19,,,101576.8,,32308.35,55987.78,927723.4,669169.1,,4924848.0
2023Q2,2694948.0,16790.81,67180.48,62047.28,89153.54,6159.312,50005.35,18558.47,514554.1,57039.29,366159.6,31837.74,,716569.2,1219197.0,2053036.0,103574.8,5034.689,19201.01,,2842284.0,99947.23,41866.44,46691.86,45667.5,,19847.88,127001.5,4375.182,188265.1,24472.88,161583.6,201494.1,,106739.7,1905723.0,,67736.2,195462.1,23065.99,12418.98,9399.761,30603.62,86888.91,,,100054.9,,31826.48,56983.43,971210.4,696163.0,,4923416.0
2023Q3,2638190.0,17751.84,71063.31,,,,52824.43,19118.91,571849.5,54115.44,351126.4,32619.98,,772808.1,,2467291.0,,4578.489,18090.67,,2791310.0,105896.2,,50369.32,40314.44,,,116287.8,,192067.2,25118.31,151860.3,207906.6,,108216.4,2316090.0,,67861.6,188818.2,21354.02,,9994.962,28596.46,,,,101459.4,,,54131.3,1316053.0,703095.5,,5314387.0
2023Q4,,,,,,,,,,,,,,,,,,,,,,,,,,,,,,,,,,,,,,,,,,,,,,,,,,,,,,
