Unnamed: 0,Argentina,Australia,Austria,Belgium,Bulgaria,Brazil,Canada,Chile,China,Czech Republic,Germany,Denmark,Algeria,Spain,Estonia,Finland,France,"Hong Kong SAR, China",Hungary,Indonesia,Ireland,Iceland,Israel,Italy,Jordan,Japan,Kazakhstan,"Korea, Rep.",Mexico,Malaysia,Netherlands,Norway,New Zealand,Peru,Philippines,Poland,Russian Federation,Singapore,Slovakia,Thailand,Turkey,"Taiwan, China",United States,Viet Nam
,,,,,,,,,,,,,,,,,,,,,,,,,,,,,,,,,,,,,,,,,,,,
1994Q1,,0.764579,,,,0.705304,,,,,0.691782,,,0.673708,,,,0.948391,,,0.829512,,,,,0.635208,,0.618323,0.688004,,0.769445,0.769973,0.773113,0.551828,0.651254,,,0.845749,,0.538764,46.23694,0.759505,0.745036,1.121096
1994Q2,,0.779322,,,,0.719354,,,,,0.72166,,,0.700382,,,,0.955365,,,0.871628,,,,,0.654593,,0.638107,0.692878,,0.806301,0.791721,0.792852,0.564219,0.713231,,,0.877403,,0.554025,27.65749,0.784306,0.758539,1.144088
1994Q3,,0.798256,,,,0.742185,,,,,0.760919,,,0.734138,,,,0.974598,,,0.916033,,,,,0.6871,,0.664386,0.698828,,0.853498,0.835928,0.824834,0.589302,0.746521,,,0.912903,,0.58498,30.33289,0.813487,0.7731,1.16586
1994Q4,,0.807424,,,,0.722866,,,,,0.772642,,,0.764099,,,,0.986699,,,0.924908,,,,,0.704633,,0.681405,0.708022,,0.871404,0.860317,0.850788,0.599577,0.697096,,,0.930063,,0.588154,27.86326,0.835348,0.780514,1.186413
1995Q1,,0.809548,,0.514156,,0.719354,,,,,0.796278,,0.922606,0.79496,,0.778588,,0.997188,,,0.978196,,1.151113,,,0.733553,,0.710255,0.726278,,0.865264,0.886743,0.879575,0.607736,0.726452,,,0.954754,,0.615465,25.56077,0.865927,0.788986,1.205746
1995Q2,,0.829521,,0.525846,,0.745346,,,,,0.824401,,0.958892,0.844563,,0.815688,,1.018795,,,1.041277,,1.203253,,,0.764474,,0.736566,0.737884,,0.891206,0.918338,0.902425,0.638864,0.774989,,,0.981444,,0.633674,25.77119,0.910509,0.805136,1.22386
1995Q3,,0.836196,,0.469805,,0.742887,,,,,0.814129,,0.985316,0.822831,,0.803245,,1.026015,,,1.016364,,1.179401,,,0.71636,,0.71679,0.739938,,0.879252,0.921367,0.908593,0.640979,0.783879,,,0.955538,,0.639259,23.72611,0.881264,0.80143,1.240753
1995Q4,,0.826328,,0.523626,,0.748507,,,,,0.816183,,1.001879,0.837938,,0.803955,,1.015256,,,1.031253,,1.169342,,,0.697353,,0.705929,0.73689,,0.918209,0.915671,0.887686,0.636144,0.802683,,,0.945636,,0.686329,20.44591,0.857142,0.799576,1.256428
1996Q1,,0.826367,,0.539531,,0.755883,,,,,0.806465,,1.00858,0.820361,,0.787022,,1.012294,,,1.011684,,1.138842,0.665638,,0.692492,,0.697751,0.737086,,0.870505,0.896985,0.912013,0.645814,0.788046,,,0.940432,,0.746427,16.17817,0.846394,0.804342,1.281456
1996Q2,,0.832568,,0.520723,,0.75202,,,,,0.788632,,1.005421,0.793487,,0.773443,,1.001998,,,0.97503,,1.08517,0.637421,,0.688624,,0.692586,0.736809,,0.849523,0.882238,0.912565,0.650045,0.828585,,,0.927099,,0.75691,13.34608,0.8336,0.807519,1.290461
1996Q3,,0.821177,,0.487273,,0.734106,,,,,0.794217,,0.9924,0.791362,,0.782322,,0.997499,,,0.981349,,1.112058,0.6394,,0.682482,,0.68779,0.741601,,0.86246,0.882329,0.908562,0.653672,0.820015,,,0.914044,,0.752359,11.61276,0.814282,0.802489,1.294018
1996Q4,,0.822015,,0.53269,,0.727432,,,,,0.792171,,0.969519,0.819027,,0.768189,,0.995943,,,0.94837,,1.074872,0.634922,,0.690764,,0.693419,0.736385,,0.897197,0.884471,0.91902,0.653067,0.887564,,,0.92293,,0.765994,10.35014,0.808593,0.813079,1.292125
1997Q1,,0.803275,,0.509907,,0.720407,0.774025,,,,0.748725,,0.894773,0.748311,,0.709692,,0.984569,,,0.890483,,1.032973,0.588932,0.520772,0.685908,,0.678036,0.740101,,0.801934,0.835349,0.901365,0.634935,0.909868,,,0.894355,,0.773114,8.142941,0.791941,0.803283,1.2936
1997Q2,,0.79042,,0.5146,,0.710573,0.767264,,,,0.726078,,0.86897,0.733197,,0.689331,,0.978849,,,0.869193,,0.982655,0.570628,0.511635,0.675674,,0.662705,0.742987,,0.766135,0.779575,0.893946,0.623451,0.907859,,,0.866999,,0.760432,6.810872,0.784334,0.78475,1.277282
1997Q3,,0.77596,,0.45024,,0.694766,0.763244,,,,0.698073,,0.850107,0.712452,,0.66711,,0.978058,,,0.836041,,0.943751,0.551616,0.504204,0.659732,,0.654465,0.742546,,0.741703,0.770481,0.85812,0.620429,0.872305,,,0.837922,,0.734055,5.579651,0.780735,0.781837,1.251987
1997Q4,,0.758791,,0.511627,,0.70425,0.760049,,,,0.713962,,0.838183,0.732722,,0.683507,,0.968494,,,0.853143,,0.944519,0.563985,0.51653,0.640192,,0.595649,0.74359,,0.787846,0.796188,0.822623,0.6165,0.831996,,,0.804295,,0.717917,4.940959,0.764047,0.778131,1.217717
1998Q1,,0.740384,,0.496818,,0.68458,0.747683,,,0.575949,0.684095,,0.863711,0.696559,0.618268,0.645243,,0.946547,,0.333802,0.83954,,0.897848,0.537557,0.533157,0.610203,,0.564597,0.740085,,0.721583,0.742571,0.768865,0.598972,0.803462,,,0.761491,,0.702593,4.112351,0.716808,0.754567,1.14928
1998Q2,,0.708611,,0.507314,,0.665964,0.740983,,,0.585257,0.683053,,0.853463,0.688794,0.625702,0.64909,,0.932519,,0.341239,0.858546,,0.866469,0.536845,0.512024,0.576055,,0.559017,0.737884,,0.716226,0.7371,0.729764,0.587489,0.749867,,,0.757906,,0.691456,3.598617,0.674864,0.743182,1.107134
1998Q3,,0.699755,,0.477259,,0.656129,0.732119,,,0.595218,0.680669,,0.83795,0.702437,0.631446,0.647288,,0.920794,,0.342748,0.878924,,0.831565,0.533265,0.501721,0.563657,,0.54704,0.738243,,0.717,0.742888,0.699927,0.579631,0.754114,,,0.724608,,0.65471,3.21935,0.652142,0.732062,1.066088
1998Q4,,0.722439,,0.525153,,0.66772,0.730113,,,0.615424,0.704291,,0.817173,0.726851,0.662984,0.667089,,0.916769,,0.456145,0.894907,,0.753461,0.553364,0.487025,0.596873,,0.559015,0.733011,,0.775737,0.729537,0.723856,0.579934,0.982466,,,0.750736,,0.652246,2.989705,0.653887,0.728356,1.026143
1999Q1,,0.718611,,0.495274,,0.670179,0.728739,,,0.561039,0.670874,,0.769664,0.686619,0.632007,0.633417,0.658969,0.911243,,0.427739,0.889694,,0.7521,0.520431,0.484789,0.584325,,0.540183,0.726898,,0.698997,0.700541,0.735675,0.569356,0.838613,,,0.722761,,0.641085,2.437901,0.64873,0.725443,0.963286
1999Q2,,0.721002,,0.482786,,0.665262,0.730666,,,0.541073,0.641767,,0.746945,0.649244,0.598471,0.612128,0.61679,0.900782,,0.467154,0.849594,,0.735421,0.504468,0.496951,0.583146,,0.5593,0.727387,,0.670121,0.681129,0.746376,0.581747,0.782483,0.569039,,0.736305,,0.636546,2.08209,0.645768,0.737093,0.935146
1999Q3,,0.716957,,0.467172,,0.6621,0.731708,,,0.566154,0.648824,,0.727549,0.680475,0.60403,0.62656,0.617915,0.906507,,0.497411,0.845798,,0.742854,0.52123,0.498464,0.620264,,0.581466,0.732391,,0.679215,0.67844,0.72213,0.587791,0.78672,0.572171,,0.754776,,0.648271,1.912388,0.675677,0.752979,0.917712
1999Q4,,0.725431,,0.527207,,0.672287,0.739724,,,0.579594,0.659879,,0.711475,0.676344,0.604207,0.640716,0.617429,0.916824,,0.512719,0.839882,,0.744644,0.52689,0.497233,0.663106,0.225487,0.625612,0.736466,,0.70508,0.681832,0.743476,0.598368,0.974751,0.585163,,0.787011,,0.670432,1.779514,0.708273,0.76807,0.910983
2000Q1,,0.721489,,0.543825,,0.670882,0.745259,,,0.578014,0.648487,,0.704073,0.667191,0.584931,0.632317,0.613631,0.912146,,0.515634,0.75002,,0.789573,0.528114,0.497962,0.677653,0.233767,0.647394,0.744503,,0.663819,0.656697,0.757558,0.60955,0.817624,0.586595,,0.806087,,0.66651,1.568679,0.71961,0.787397,0.95296
2000Q2,,0.71097,,0.51781,,0.663857,0.743028,,,0.55953,0.625702,,0.692505,0.655399,0.566369,0.608467,0.595088,0.911508,,0.486157,0.698622,,0.775668,0.508749,0.503036,0.672088,0.242037,0.64954,0.752555,,0.632119,0.626237,0.746064,0.608039,0.798528,0.560957,,0.803051,,0.669334,1.444874,0.725665,0.787662,0.952442
2000Q3,,0.70089,,0.479584,,0.663857,0.746578,,,0.561406,0.620048,,0.682119,0.658187,0.553206,0.605233,0.588113,0.91365,,0.476316,0.73773,,0.783432,0.506689,0.507823,0.675027,0.275055,0.66026,0.753354,,0.623116,0.622328,0.722064,0.618616,0.778323,0.555929,,0.804187,,0.680045,1.38177,0.732289,0.800106,0.947428
2000Q4,,0.694695,,0.531586,,0.677204,0.744757,,,0.557679,0.606432,,0.672916,0.648836,0.536056,0.586266,0.580993,0.911475,,0.467034,0.686632,,0.764263,0.504657,0.515317,0.675276,0.29817,0.650164,0.757983,,0.627027,0.609793,0.724161,0.623149,0.759078,0.553427,,0.79843,,0.679039,1.311628,0.714909,0.801959,0.93792
2001Q1,,0.670746,,0.560682,0.698645,0.659642,0.745939,,,0.578288,0.632925,,0.666523,0.654153,0.564733,0.599121,0.60681,0.895857,,0.451356,0.671162,0.612511,0.765127,0.517448,0.523827,0.638324,0.328271,0.617957,0.759287,0.699464,0.62367,0.631709,0.705975,0.60955,0.716351,0.589082,,0.783336,,0.681445,1.178119,0.688367,0.790839,0.908325
2001Q2,,0.678477,,0.512211,-0.19862,0.650509,0.7417,,,0.554572,0.606191,,0.659034,0.614662,0.535367,0.570636,0.58116,0.887244,,0.416997,0.670673,0.570225,0.754999,0.497496,0.51871,0.622456,0.32432,0.609306,0.76108,0.72,0.593265,0.607976,0.691942,0.599275,0.723089,0.570758,,0.768089,,0.677488,0.758241,0.671171,0.776807,0.896064
2001Q3,,0.660796,,0.464807,0.033721,0.646294,0.735771,,,0.56271,0.606969,,0.652078,0.637382,0.545214,0.569504,0.583949,0.881188,,0.474401,0.662592,0.589138,0.739852,0.499669,0.518791,0.611919,0.325925,0.59022,0.757674,0.724149,0.602076,0.600299,0.687134,0.598972,0.728697,0.547889,,0.770068,,0.679357,0.623557,0.654467,0.76251,0.885544
2001Q4,,0.6573,,0.491097,1.762355,0.631191,0.725413,,,0.560838,0.595582,,0.645654,0.622635,0.542149,0.55344,0.575616,0.867464,,0.44885,0.653805,0.59042,0.716721,0.483686,0.509629,0.582534,0.340498,0.550593,0.7476,0.7176,0.609913,0.596902,0.683058,0.577214,0.706409,0.553939,,0.738348,,0.676589,0.549338,0.626973,0.734445,0.876766
2002Q1,,0.645244,,0.49414,0.497655,0.606252,0.722346,,,0.555769,0.587212,,0.631577,0.591805,0.533369,0.54094,0.559461,0.851973,,0.444807,0.618825,0.568858,0.655968,0.479966,0.534491,0.559504,0.326536,0.545359,0.746067,0.710131,0.56414,0.591805,0.674392,0.57117,0.645971,0.541783,,0.728315,,0.677773,0.610163,0.620449,0.730739,0.867282
2002Q2,,0.673669,,0.531493,1.701961,0.612926,0.730685,,,0.592443,0.617135,,0.629492,0.635678,0.563045,0.575478,0.581978,0.84634,,0.482881,0.653574,0.604133,0.637225,0.514215,0.524716,0.586138,0.32735,0.575202,0.74967,0.710444,0.591024,0.619898,0.726454,0.585978,0.738065,0.567118,,0.747811,,0.681965,0.615563,0.649663,0.748742,0.862968
2002Q3,,0.669445,,0.524513,1.901387,0.636459,0.730433,,,0.628562,0.65239,,0.631212,0.670592,0.597628,0.609957,0.61768,0.849324,,0.492727,0.658908,0.627262,0.673245,0.544089,0.52542,0.600185,0.345895,0.585855,0.757788,0.703589,0.633008,0.663622,0.722756,0.594137,0.763982,0.585793,,0.761418,,0.681414,0.534653,0.662009,0.754038,0.861374
2002Q4,,0.684932,,0.588731,1.516226,0.648051,0.732719,,,0.63136,0.66361,,0.636739,0.688666,0.606116,0.621875,0.631452,0.847239,,0.487724,0.672389,0.644947,0.672181,0.554889,0.531243,0.604336,0.362488,0.587371,0.760445,0.700319,0.6616,0.688608,0.740908,0.594439,0.7194,0.604614,,0.758659,,0.68261,0.560234,0.661926,0.755361,0.862502
2003Q1,,0.713966,,0.632728,-0.121576,0.668072,0.749067,0.745125,,0.669769,0.714071,,0.644641,0.737757,0.647287,0.674316,0.68608,0.850687,0.797685,0.510643,0.7162,0.696119,0.676825,0.602897,0.556537,0.626104,0.388612,0.618736,0.767601,0.733452,0.687164,0.711791,0.775049,0.62466,0.719435,0.639039,,0.779297,,0.704652,0.574449,0.684808,0.779719,0.864589
2003Q2,,0.732346,,0.642186,3.17924,0.656832,0.761217,0.770059,,0.702192,0.735905,,0.658352,0.764629,0.678937,0.694837,0.720919,0.844253,0.823399,0.515611,0.741794,0.70495,0.732639,0.6224,0.584878,0.618438,0.41771,0.592874,0.769948,0.743279,0.705805,0.717126,0.785035,0.623753,0.718382,0.663504,,0.767155,,0.701958,0.650204,0.67102,0.761186,0.871864
2003Q3,,0.726877,,0.600624,2.684149,0.660344,0.758153,0.792115,,0.685078,0.728079,,0.676442,0.750674,0.670462,0.691507,0.716795,0.843078,0.810796,0.522989,0.739335,0.690221,0.750157,0.613584,0.586239,0.623095,0.456776,0.605395,0.769834,0.737919,0.706022,0.705376,0.792732,0.627682,0.735759,0.654153,,0.764047,,0.705371,0.68615,0.681116,0.766746,0.882564
2003Q4,,0.767961,,0.702907,1.800277,0.665964,0.771184,0.808418,,0.723128,0.76894,,0.69891,0.800433,0.70889,0.733537,0.758769,0.850657,0.845835,0.529566,0.774617,0.739804,0.755727,0.648113,0.608891,0.647419,0.491441,0.629476,0.77893,0.738812,0.764083,0.748337,0.820849,0.638561,0.731595,0.666373,,0.77654,,0.708625,0.689847,0.7003,0.769394,0.896691
2004Q1,0.796031,0.786714,,0.757533,0.189069,0.694064,0.780099,0.774853,,0.751082,0.80936,,0.745751,0.831016,0.743804,0.778852,0.791468,0.858636,0.888336,0.545982,0.881653,0.787839,0.773096,0.684288,0.642857,0.675446,0.532836,0.664881,0.794595,0.770675,0.781223,0.769348,0.851351,0.674524,0.768604,0.713871,,0.792896,,0.723112,0.808946,0.737043,0.790575,0.923375
2004Q2,0.825173,0.763713,,0.752014,-2.280031,0.723569,0.791429,0.808418,,0.748661,0.793274,,0.768978,0.829678,0.728917,0.765852,0.769388,0.86384,0.875249,0.539737,0.879886,0.770225,0.77114,0.685088,0.694782,0.694655,0.575517,0.688658,0.814905,0.784969,0.764447,0.770756,0.83278,0.676337,0.741794,0.725837,,0.801368,,0.730703,0.762957,0.757358,0.804872,0.940702
2004Q3,0.846794,0.779464,,0.735327,-3.920795,0.742536,0.80839,0.852531,,0.775066,0.810961,,0.788585,0.85867,0.743354,0.795096,0.796496,0.87605,0.888335,0.547451,0.887547,0.798144,0.789812,0.706804,0.67996,0.707643,0.616595,0.714182,0.821393,0.785863,0.791611,0.778689,0.858707,0.707767,0.79698,0.717292,,0.810259,,0.741176,0.763957,0.77731,0.820228,0.957802
2004Q4,0.853455,0.814973,,0.855784,-4.692859,0.772743,0.836773,0.892808,,0.827467,0.862864,,0.804573,0.916972,0.793285,0.841761,0.856098,0.8847,0.941387,0.560605,0.954679,0.874074,0.836669,0.755735,0.693707,0.729651,0.682857,0.738536,0.82881,0.79301,0.848245,0.838119,0.904557,0.733152,0.766431,0.777964,,0.831697,,0.75054,0.827637,0.787785,0.83479,0.974676
2005Q1,0.878435,0.816395,,0.872964,-2.817568,0.775904,0.839478,0.8439,0.661896,0.850962,0.876464,,0.808633,0.907169,0.811423,0.858768,0.856166,0.890824,0.960587,0.567382,0.925089,0.882083,0.862657,0.766771,0.695149,0.753189,0.711238,0.786493,0.842731,0.811175,0.846448,0.845433,0.908179,0.753702,0.801074,0.829639,,0.84286,,0.760322,0.914006,0.801324,0.841673,0.996516
2005Q2,0.903414,0.821461,,0.868253,-2.706717,0.813137,0.846511,0.887054,0.639284,0.827609,0.848967,,0.820706,0.897376,0.786922,0.844216,0.834385,0.893693,0.928225,0.575005,0.894027,0.86267,0.860632,0.754671,0.72585,0.781312,0.730676,0.807645,0.851419,0.807899,0.820643,0.828542,0.923278,0.761559,0.757613,0.746821,,0.860924,,0.772737,0.898254,0.81493,0.862854,1.01086
2005Q3,0.898418,0.833498,,0.803823,-3.955491,0.828591,0.862133,0.932126,0.625521,0.818064,0.837674,,0.832483,0.910024,0.771224,0.83451,0.831664,0.899757,0.91515,0.564101,0.857854,0.87126,0.858357,0.768739,0.788925,0.790788,0.730587,0.823466,0.859553,0.817487,0.812475,0.821113,0.912393,0.793895,0.805374,0.757605,,0.87897,,0.798379,0.888284,0.824721,0.892243,1.0229
2005Q4,0.906744,0.819238,,0.878814,-5.561075,0.845451,0.880322,0.949387,0.629002,0.808619,0.825436,,0.843964,0.89348,0.757835,0.818777,0.816405,0.901469,0.891629,0.588816,0.859578,0.882218,0.816516,0.757482,0.791348,0.789318,0.776856,0.808931,0.870833,0.815687,0.808352,0.805421,0.921252,0.806588,0.792316,0.745453,,0.872084,,0.798941,0.884708,0.814194,0.897802,1.032637
2006Q1,0.925895,0.824227,,0.940616,-3.719901,0.846154,0.897586,0.904315,0.67694,0.833796,0.844711,,0.844534,0.89875,0.772852,0.847655,0.835964,0.904556,0.908769,0.680679,0.89574,0.871098,0.829767,0.791328,0.773988,0.805074,0.812326,0.833321,0.878266,0.826939,0.819169,0.81416,0.900361,0.799335,0.804135,0.78095,0.848883,0.910795,,0.808079,0.927614,0.832586,0.898067,1.031611
2006Q2,0.938385,0.852005,,0.94438,-4.170994,0.880576,0.915213,0.943633,0.666704,0.88191,0.895963,,0.859669,0.950621,0.819926,0.903884,0.886358,0.914464,0.943665,0.724676,0.928796,0.92694,0.900476,0.845153,0.816922,0.84281,0.897493,0.881316,0.888894,0.858451,0.856961,0.865094,0.906437,0.834089,0.839416,0.821173,0.948343,0.942506,,0.83443,0.914205,0.878802,0.925602,1.040125
2006Q3,0.960061,0.861264,,0.899085,-5.672579,0.88444,0.929891,0.988705,0.682102,0.897527,0.914834,,0.878754,0.971081,0.842071,0.925625,0.904212,0.922539,0.956868,0.735526,0.92153,0.976264,0.948629,0.872215,0.841538,0.868057,0.932629,0.89997,0.902831,0.864481,0.874033,0.877637,0.935343,0.851315,0.927242,0.837858,0.963475,0.947603,,0.852112,0.897056,0.902765,0.935134,1.049719
2006Q4,0.960033,0.848786,,0.979481,-4.720025,0.872849,0.918648,0.964731,0.683308,0.904421,0.914818,,0.901789,0.970817,0.851644,0.938568,0.904066,0.923069,0.974605,0.741397,0.952093,0.95533,0.953245,0.86612,0.851426,0.844099,0.914804,0.879748,0.910265,0.881695,0.881636,0.908103,0.934849,0.831067,0.907619,0.848948,0.983245,0.922859,,0.83891,0.921,0.888447,0.90601,1.060393
2007Q1,0.967555,0.850881,,1.03017,-1.928574,0.864067,0.916592,0.911987,0.735576,0.910909,0.925091,0.932107,0.921095,0.983692,0.868828,0.948246,0.913375,0.92189,0.991491,0.758531,0.941721,1.007125,0.978589,0.88007,0.888011,0.838837,0.926255,0.879543,0.921887,0.918571,0.898668,0.935078,0.946878,0.843457,0.86424,0.88725,0.891352,0.924808,,0.839856,0.950531,0.885939,0.909981,1.055577
2007Q2,0.998335,0.900678,,1.058739,-2.645438,0.916754,0.942029,0.964731,0.742428,0.946728,0.963476,0.961471,0.955101,1.010959,0.907583,1.005356,0.955052,0.924391,1.020251,0.828321,0.971913,1.042816,0.877051,0.925899,0.89707,0.874073,0.976725,0.926485,0.941154,0.950408,0.93504,0.976134,0.991368,0.878513,0.905943,0.918204,0.994716,0.947714,,0.862573,1.063574,0.93314,0.942812,1.075041
2007Q3,1.045795,0.910715,,1.049539,-4.356292,0.950825,0.954871,1.02227,0.763605,0.977897,0.984877,0.998071,0.996128,1.056648,0.934453,1.002582,0.988422,0.936355,1.040009,0.822131,0.957668,1.036784,0.879784,0.962705,0.935704,0.899733,0.99906,0.94045,0.947332,0.958885,0.950474,0.99426,0.990201,0.92596,1.012892,0.935681,1.027056,0.964704,,0.887013,1.121681,0.954531,0.964787,1.102213
2007Q4,1.029975,0.956614,,1.219143,-6.009369,0.984194,0.982374,1.066383,0.784427,1.046558,1.049798,1.05427,1.044177,1.121229,0.997634,1.060612,1.061093,0.948857,1.095003,0.904239,1.015376,1.129386,0.984112,1.023524,1.009971,0.961634,1.072256,1.004993,0.964008,1.008117,1.029171,1.046993,1.043667,0.978543,1.055472,1.006985,1.083559,1.018144,,0.92555,1.301934,1.006125,1.001853,1.137094
2008Q1,1.055759,1.001622,1.100504,1.280222,-3.957678,1.051282,1.000925,1.069259,0.931126,1.109718,1.106533,1.084194,1.175057,1.167309,1.045109,1.115036,1.110982,0.956712,1.127945,0.955584,1.069901,1.157198,1.125485,1.097363,1.10178,1.031953,1.146724,1.068965,0.992225,1.06238,1.0912,1.098247,1.082005,1.022665,1.063005,1.091385,1.002771,1.052903,,0.965583,1.364131,1.060612,1.03839,1.261726
2008Q2,1.181515,1.059474,1.179767,1.397124,-3.83203,1.147172,1.045984,1.160362,0.99094,1.195259,1.189236,1.143567,1.206824,1.223936,1.123728,1.204273,1.205039,0.972036,1.204011,1.090146,1.1035,1.238686,1.283554,1.170179,1.222197,1.150668,1.249466,1.197081,1.029928,1.076807,1.166737,1.162094,1.115827,1.110607,1.050885,1.179389,1.152875,1.124472,,1.015501,1.449343,1.152871,1.122584,1.279207
2008Q3,1.219817,1.040247,1.138854,1.30388,-5.039751,1.217422,1.074557,1.186255,1.018583,1.188615,1.160958,1.12251,1.215287,1.232686,1.108752,1.172565,1.170695,0.989809,1.197412,1.099673,1.080158,1.242888,1.256935,1.191234,1.208443,1.20937,1.357368,1.190375,1.06041,1.0379,1.121744,1.12176,1.120462,1.125416,1.111728,1.143844,1.188388,1.125689,,1.028611,1.536733,1.148387,1.133969,1.271579
2008Q4,1.098251,0.873829,0.966052,1.030878,-2.682711,1.114155,0.986989,1.090357,0.858078,0.988214,0.947942,0.946373,1.200446,1.037925,0.930994,0.966794,0.944617,0.984714,1.004802,0.833675,0.939725,1.056863,0.985071,0.975551,0.964163,1.011885,1.296426,0.909971,1.009422,0.955133,0.923793,0.923909,0.936838,0.967966,0.866268,0.924865,1.126881,0.935368,,0.944549,1.022874,0.934744,0.963993,1.238843
2009Q1,1.004996,0.841822,0.90944,0.864932,2.753515,1.02248,0.946047,0.930208,0.823645,0.907638,0.898992,0.90364,1.081083,0.929028,0.864708,0.910975,0.892603,0.97117,0.929333,0.770292,0.86512,0.937167,0.830116,0.903221,1.031212,0.880732,1.013141,0.830756,0.987025,0.913821,0.870454,0.892427,0.820518,0.903898,0.905215,0.852829,0.958594,0.893078,0.980126,0.896431,0.827118,0.868095,0.899126,1.084847
2009Q2,1.023342,0.901026,0.941821,0.868301,4.261501,0.990516,0.951635,0.933085,0.821034,0.941722,0.928262,0.936429,1.052124,0.947831,0.911123,0.936421,0.926034,0.970333,0.952182,0.85644,0.928102,0.903829,0.84393,0.919799,0.957187,0.866357,0.943195,0.859183,0.979428,0.94411,0.902685,0.917327,0.904396,0.933817,0.84967,0.904017,1.126393,0.929884,0.954433,0.928421,0.849367,0.898124,0.930898,1.040354
2009Q3,1.013322,0.958841,0.995969,0.920747,5.773934,1.013347,0.971692,0.966649,0.84097,0.990196,0.973477,0.984928,1.032349,0.99422,0.980925,0.985616,0.977864,0.980751,0.998597,0.922321,0.992551,0.971895,0.941145,0.965044,0.983836,0.928025,1.012606,0.91782,0.980749,0.955002,0.934373,0.968176,0.971032,0.963131,0.955094,0.941412,1.161051,0.966884,0.980448,0.964296,0.92395,0.951771,0.957638,1.009213
2009Q4,0.993339,1.001492,1.030627,1.070445,5.571463,1.017914,0.99359,1.017475,0.840392,1.021723,1.013208,1.011954,1.021758,1.020056,1.017859,1.022441,1.01862,0.99194,1.015515,0.97057,0.98954,0.993477,0.987284,0.989036,0.987439,0.969328,1.035369,0.970544,0.989274,0.991406,0.990529,1.030253,0.989399,0.98217,0.925951,0.961149,1.165201,0.997344,1.023174,0.991001,0.986367,0.98317,0.981732,0.991424
2010Q1,1.021621,0.998417,0.984145,1.021023,-0.313141,1.015455,1.005967,0.998295,0.95263,0.981257,0.979433,0.975156,1.001981,0.970679,0.977384,0.980033,0.978838,1.004139,0.984422,0.993807,0.985247,1.000161,1.000072,0.983691,0.988782,1.002528,1.020466,1.000632,1.004026,1.003121,0.9657,0.987463,1.003297,1.000604,0.996991,0.973871,0.98837,0.994354,0.981175,1.001975,0.978939,1.003793,1.000794,0.999743
2010Q2,1.079961,0.991573,0.935224,0.989651,-1.821088,1.05339,1.01489,1.010762,0.975194,0.938576,0.93476,0.924576,1.017108,0.923279,0.940919,0.935197,0.93127,1.030204,0.923753,1.020727,0.969905,0.992894,0.984575,0.95994,1.133715,1.02998,1.069878,1.02382,1.020441,1.038675,0.919199,0.956329,1.008179,1.008764,0.887877,0.901014,1.130909,0.999807,0.947689,1.019149,0.965191,1.030066,1.00503,1.003555
2010Q3,1.06242,1.02532,0.96002,0.979304,-2.779684,1.047067,1.015782,1.000213,0.941742,0.972683,0.957104,0.958732,1.048769,0.967904,0.960949,0.953899,0.954239,1.049075,0.942866,1.027975,0.983432,1.013182,0.993398,0.987667,1.278543,1.044192,1.084092,1.029986,1.031004,1.072356,0.926226,0.955914,1.004125,1.011484,0.983551,0.962474,1.164469,1.011111,0.974067,1.02959,0.97822,1.032587,0.997088,1.015616
2010Q4,1.052484,1.078808,1.02318,1.139885,-3.842926,1.073059,1.039739,1.039531,0.946387,1.029742,1.015772,1.012825,1.096963,1.022573,1.037072,1.019571,1.015132,1.072632,0.993518,1.067981,1.005886,1.074587,1.09048,1.041561,1.513266,1.08572,1.131759,1.090697,1.050076,1.106773,0.997844,1.020341,1.056604,1.058024,0.996494,1.004602,1.196564,1.062493,1.032275,1.064574,1.07857,1.08719,1.025417,1.035926
2011Q1,1.098834,1.112156,1.034332,1.261851,-4.231641,1.14085,1.08112,1.066383,1.131309,1.079285,1.061567,1.0476,1.259718,1.066124,1.097308,1.075992,1.063409,1.090711,1.024178,1.13155,1.019497,1.158046,1.154759,1.117684,1.433423,1.157814,1.159623,1.173044,1.079613,1.158277,1.048606,1.081301,1.110621,1.113327,1.060416,1.043278,1.055612,1.132666,1.072261,1.104263,1.055698,1.167948,1.079163,1.105366
2011Q2,1.177047,1.18513,1.101119,1.324869,-4.399913,1.222691,1.112439,1.11529,1.178101,1.144683,1.12403,1.108328,1.301767,1.124056,1.188697,1.145465,1.138138,1.113242,1.09282,1.195937,1.052644,1.234365,1.283428,1.196861,1.522589,1.247826,1.215862,1.239544,1.106085,1.192951,1.123485,1.125813,1.170748,1.177697,0.94422,1.110564,1.265514,1.172251,1.146883,1.146852,1.124666,1.220874,1.133704,1.125822
2011Q3,1.156953,1.169897,1.07601,1.240073,-4.79496,1.227608,1.119522,1.091316,1.143541,1.123254,1.100067,1.101916,1.321138,1.135295,1.171825,1.123486,1.124546,1.135117,1.064733,1.195812,1.022432,1.237753,1.24815,1.176958,1.524189,1.269918,1.207119,1.225517,1.113437,1.193165,1.087691,1.111405,1.175322,1.174977,1.122696,1.082158,1.271616,1.168044,1.1368,1.159053,1.017871,1.213397,1.127879,1.138176
2011Q4,1.092673,1.156533,1.031131,1.205913,-4.268954,1.216368,1.100709,1.107619,1.100085,1.066634,1.054843,1.05908,1.317832,1.101691,1.115465,1.075873,1.076857,1.145857,0.998565,1.171409,0.99005,1.184905,1.170335,1.129933,1.543635,1.246985,1.184068,1.189765,1.104699,1.141207,1.054011,1.074036,1.132344,1.168329,1.053327,1.044689,1.288701,1.146381,1.085576,1.160603,0.938638,1.18737,1.12682,1.142426
2012Q1,1.086039,1.191546,1.017274,1.253781,-1.781856,1.218124,1.115166,1.114331,1.223291,1.063289,1.051866,1.06025,1.222474,1.097269,1.113356,1.075703,1.069141,1.149518,0.986514,1.191357,0.920225,1.184618,1.134823,1.139293,1.60787,1.239892,1.160196,1.222803,1.109736,1.182006,1.042495,1.070445,1.17589,1.166818,1.097931,1.048219,1.038649,1.189275,1.025707,1.174697,0.945618,1.203426,1.134763,1.121259
2012Q2,1.202803,1.167324,0.992877,1.172782,-1.500323,1.232525,1.106665,1.114331,1.201728,1.039147,1.023817,1.036392,1.201561,1.054255,1.105871,1.042504,1.038948,1.158763,0.967823,1.157653,0.932729,1.176005,1.109683,1.104839,1.687294,1.251055,1.141104,1.17337,1.112475,1.172746,1.024759,1.044158,1.152835,1.158054,0.926437,1.009067,1.226219,1.150453,0.996145,1.172062,0.939174,1.176234,1.124702,1.116229
2012Q3,1.101804,1.172842,0.970672,1.079943,-0.330577,1.187917,1.100089,1.081726,1.117687,1.014496,0.996776,1.024499,1.185719,1.048035,1.070339,1.029168,1.021794,1.166166,0.950761,1.162733,0.886203,1.147328,1.042578,1.092879,1.440223,1.208841,1.105003,1.162958,1.114887,1.156602,1.003724,1.04346,1.142586,1.151103,1.120877,1.00525,1.209378,1.148784,0.965437,1.160529,0.919364,1.161676,1.106434,1.110022
2012Q4,1.064335,1.175966,1.00169,1.198941,-0.734423,1.193186,1.103526,1.111454,1.094109,1.042162,1.025006,1.052124,1.174949,1.082238,1.105255,1.052496,1.048757,1.174237,0.979511,1.168536,0.935593,1.179313,1.09374,1.120366,1.374106,1.20209,1.084684,1.153539,1.113062,1.189447,1.033677,1.093532,1.154683,1.160169,1.063065,1.052014,1.279671,1.145556,0.995583,1.158508,0.940564,1.156709,1.114112,1.102637
2013Q1,1.147072,1.17588,1.016698,1.240217,1.742494,1.210397,1.097342,1.099947,1.216505,1.046283,1.039456,1.064479,1.181584,1.067953,1.118686,1.07134,1.062455,1.163512,0.976757,1.177596,0.908649,1.197714,1.144281,1.135857,1.488466,1.178222,1.050209,1.147106,1.111546,1.184494,1.047433,1.105609,1.146375,1.16712,1.095685,1.055408,1.06147,1.147377,1.012243,1.152618,0.948297,1.144505,1.118877,1.088889
2013Q2,1.231862,1.115673,0.995604,1.185868,1.922711,1.219529,1.077264,1.079808,1.199704,1.026591,1.01366,1.042314,1.176023,1.019286,1.097225,1.042451,1.033223,1.160925,0.959529,1.147526,0.906449,1.168518,1.139131,1.111787,1.354005,1.141653,1.016128,1.107895,1.109345,1.172642,1.02435,1.079562,1.108812,1.153823,0.964607,1.029057,1.243426,1.11399,0.991645,1.136476,0.905651,1.107381,1.107757,1.081225
2013Q3,1.161421,1.097617,1.007229,1.156387,2.100722,1.189322,1.076554,1.0683,1.145883,1.032217,1.024177,1.050448,1.1706,1.063548,1.108803,1.056655,1.051534,1.17396,0.966277,1.127207,0.91498,1.173634,1.153913,1.126289,1.570452,1.132481,1.037928,1.117962,1.110829,1.123677,1.034493,1.067157,1.093358,1.145361,1.060752,1.03817,1.219019,1.114131,0.994728,1.135989,0.828283,1.107218,1.106963,1.074458
2013Q4,1.149015,1.103582,1.029437,1.242561,2.259894,1.190376,1.073493,1.081726,1.104566,1.041482,1.045583,1.069,1.165315,1.086428,1.141492,1.069634,1.075482,1.191593,0.983149,1.092757,0.93075,1.189557,1.186605,1.143141,1.642059,1.140346,1.100124,1.121664,1.109035,1.144063,1.055352,1.087191,1.102612,1.145059,1.020142,1.053746,1.351428,1.123167,1.010305,1.141449,0.822179,1.111019,1.097167,1.068589
2014Q1,1.171857,1.103208,1.033546,1.266252,1.55128,1.182648,1.064067,1.093234,1.177459,1.035631,1.049322,1.074418,1.188793,1.054372,1.133521,1.073895,1.050548,1.188111,0.97389,1.103029,0.983614,1.205389,1.19743,1.146956,1.662122,1.139787,1.034752,1.11628,1.119712,1.118827,1.057211,1.098792,1.102669,1.148685,1.045272,1.070305,1.063667,1.114494,1.009012,1.145546,0.745717,1.102321,1.108287,1.077509
2014Q2,1.195476,1.113679,1.028368,1.242277,3.00113,1.198103,1.072707,1.086521,1.171498,1.027461,1.04393,1.074336,1.172333,1.065989,1.132178,1.082327,1.034166,1.185626,0.969712,1.14359,0.968547,1.206066,1.209214,1.131364,1.629764,1.128679,1.005288,1.117904,1.124065,1.140061,1.060932,1.106671,1.109844,1.159867,0.928082,1.049226,1.258314,1.11559,0.990385,1.141252,0.782859,1.099526,1.112788,1.067878
2014Q3,1.166722,1.095054,0.99016,1.192341,2.448227,1.181946,1.069389,1.069259,1.119438,0.992102,1.006405,1.050466,1.14456,1.039287,1.09537,1.044274,0.993059,1.202336,0.924155,1.14267,0.974652,1.171733,1.172984,1.091877,1.59684,1.117072,0.968204,1.097412,1.121326,1.151711,1.011797,1.070253,1.084302,1.143246,1.079092,0.99372,1.193391,1.099391,0.942605,1.137556,0.752758,1.086264,1.104051,1.053587
2014Q4,1.135526,1.020708,0.929125,1.125083,2.119699,1.151036,1.043581,1.038572,1.034502,0.932734,0.937354,0.979085,1.105474,0.976842,1.009688,0.952608,0.916914,1.20684,0.873284,1.074022,0.923773,1.127779,1.017236,1.013057,1.502561,1.033591,0.964228,0.99156,1.107275,1.085742,0.928267,1.001627,1.012723,1.090057,0.957003,0.963584,1.260877,0.989353,0.878244,1.087403,0.687064,0.99986,1.057983,1.034637
2015Q1,1.073522,0.937187,0.827319,0.978984,0.04248,1.072006,0.998629,0.961854,1.038967,0.833458,0.837638,0.868345,1.003029,0.854157,0.888133,0.834797,0.811654,1.199875,0.783355,0.996446,0.837308,1.00408,0.905958,0.902526,1.469114,0.898128,0.898986,0.88804,1.089556,0.99562,0.818772,0.914002,0.923871,1.050771,1.004995,0.865341,0.928573,0.88864,0.781901,1.029757,0.574057,0.916747,0.997617,0.995512
2015Q2,1.074743,0.940387,0.820794,0.969757,0.041737,1.054795,1.001129,0.939798,1.039231,0.831058,0.834516,0.86537,0.962137,0.846348,0.895729,0.834901,0.808603,1.192672,0.778472,0.986366,0.85232,1.013313,0.925898,0.901342,1.455691,0.872924,0.906367,0.888374,1.082531,0.994627,0.821123,0.906255,0.903582,1.043215,0.880249,0.861872,1.111139,0.918508,0.788306,1.040943,0.516481,0.922956,1.001324,0.973448
2015Q3,1.02831,0.888344,0.816174,0.921161,0.883348,1.033017,0.973027,0.917741,0.949863,0.829861,0.821641,0.858143,0.93075,0.844539,0.881931,0.816672,0.790613,1.193138,0.771417,0.93962,0.846634,0.984651,0.920235,0.879009,1.445743,0.847032,0.761562,0.831112,1.077966,0.900572,0.805357,0.866833,0.86357,1.02599,1.00761,0.857451,0.966648,0.852821,0.780066,1.013201,0.462518,0.88069,0.980937,0.952931
2015Q4,0.970469,0.881215,0.794034,0.932783,2.064216,0.999298,0.96279,0.880341,0.880515,0.80348,0.792091,0.822107,0.90887,0.824893,0.847841,0.784675,0.756673,1.182091,0.745541,0.943524,0.777113,0.940463,0.884954,0.846581,1.388671,0.807464,0.539535,0.799424,1.068039,0.861627,0.775367,0.852961,0.853359,1.003626,0.91303,0.823091,1.051585,0.81911,0.752338,0.976221,0.436844,0.844334,0.957374,0.93396
2016Q1,0.930308,0.856998,0.761014,0.959075,2.621413,0.950474,0.943885,0.848695,0.877374,0.786157,0.777402,0.801918,0.902248,0.795925,0.835124,0.766277,0.734801,1.16219,0.738833,0.898851,0.734088,0.903806,0.846202,0.831967,1.363358,0.766946,0.473354,0.756248,1.060557,0.872281,0.752036,0.840877,0.812901,0.980659,0.934385,0.794261,0.873779,0.781692,0.733084,0.949841,0.404643,0.817293,0.93381,0.908123
2016Q2,0.919956,0.876238,0.787185,1.075977,2.428301,0.933263,0.956837,0.865956,0.946918,0.804553,0.803632,0.826406,0.897078,0.821931,0.873259,0.798547,0.757275,1.160604,0.753475,0.924604,0.796087,0.941323,0.886659,0.846915,1.526485,0.788241,0.523906,0.790853,1.070859,0.906929,0.775521,0.876009,0.846014,0.99728,0.87341,0.815049,1.093321,0.825402,0.743705,0.988908,0.427529,0.850533,0.950755,0.895609
2016Q3,0.92856,0.882294,0.782124,1.052979,2.863632,0.951879,0.960524,0.869792,0.889761,0.801816,0.799686,0.823775,0.899113,0.823073,0.8638,0.796004,0.747107,1.176398,0.750374,0.941445,0.782509,0.945934,0.898409,0.848769,1.515764,0.816908,0.526999,0.802124,1.074429,0.910815,0.77206,0.854386,0.871166,1.006649,0.97759,0.812773,0.945414,0.830215,0.737447,1.004249,0.418595,0.85925,0.958168,0.888007
2016Q4,0.941632,0.873746,0.761788,1.042735,1.299305,0.953987,0.958598,0.889931,0.858052,0.787773,0.787108,0.804422,0.908353,0.81191,0.847727,0.791091,0.725829,1.179245,0.735233,0.944883,0.758398,0.930137,0.892252,0.83239,1.618614,0.814107,0.548864,0.830065,1.075048,0.879672,0.760329,0.869414,0.849101,1.016319,0.880679,0.804634,1.037917,0.839456,0.723899,1.006826,0.3815,0.873867,0.963463,0.885315
2017Q1,0.968998,0.894534,0.770863,1.100094,-2.130669,0.971198,0.972537,0.906233,0.945196,0.798804,0.800463,0.812572,0.943266,0.82842,0.860343,0.813149,0.730054,1.181399,0.742904,0.953415,0.780283,0.981291,0.937063,0.871612,1.64254,0.844526,0.582764,0.864446,1.090567,0.883545,0.782765,0.872967,0.874242,1.052584,0.958495,0.8113,0.887813,0.855942,0.725364,1.024586,0.345969,0.90689,0.972994,0.899506
2017Q2,0.996753,0.885034,0.790233,1.104208,-2.323548,0.996839,0.97297,0.898562,1.008426,0.821573,0.816391,0.842321,0.959528,0.835157,0.887038,0.836034,0.743212,1.177531,0.760135,0.967396,0.782017,1.00645,0.981186,0.894087,1.30478,0.85478,0.598884,0.853743,1.093892,0.904775,0.784199,0.824586,0.877674,1.04654,0.869144,0.835546,1.144699,0.853809,0.7472,1.031705,0.362428,0.900594,0.974053,0.901848
2017Q3,0.970636,0.915414,0.839081,1.096489,-2.438024,0.98033,0.986598,0.903356,0.954169,0.866153,0.861285,0.895767,0.975608,0.896102,0.94306,0.890719,0.784604,1.190412,0.806891,0.975037,0.829923,1.025744,1.004745,0.942871,1.417546,0.849791,0.576657,0.860123,1.10232,0.915736,0.826362,0.922495,0.882757,1.048353,0.917842,0.885597,1.01534,0.864156,0.794984,1.040775,0.377989,0.908025,0.976966,0.904313
2017Q4,0.95315,0.911992,0.854153,1.194165,-3.423348,1.005971,0.994532,0.930208,0.938255,0.878927,0.877654,0.912219,0.991505,0.918994,0.958896,0.911109,0.790507,1.197356,0.810647,0.990917,0.836368,1.100358,1.073375,0.968911,1.435877,0.878546,0.589014,0.896599,1.105042,0.946598,0.844042,0.943205,0.87463,1.073134,0.865584,0.89588,1.147872,0.895661,0.806034,1.067059,0.363705,0.93834,0.992587,0.9069
2018Q1,0.999944,0.95199,0.896558,1.312299,-2.323825,1.032315,1.007373,0.9561,1.041217,0.923253,0.92308,0.942485,1.019,0.966745,1.010284,0.96618,0.827863,1.199242,0.852159,1.014727,0.878682,1.166456,1.096717,1.021139,1.52721,0.922116,0.619959,0.931185,1.119403,1.002732,0.892854,0.989246,0.910301,1.109096,0.944884,0.961265,0.931258,0.908974,0.846821,1.094927,0.368856,0.971277,1.00556,0.912075
2018Q2,1.026839,0.945326,0.877463,1.238702,-2.068461,1.070601,1.011605,0.96569,1.109155,0.901589,0.906738,0.920645,1.02982,0.943837,0.991084,0.962039,0.813051,1.201181,0.82765,1.00349,0.866401,1.16688,1.068853,1.00689,1.526745,0.935217,0.607915,0.963379,1.13572,1.004502,0.868868,0.964422,0.900624,1.138713,0.874233,0.925398,1.187045,0.932256,0.825074,1.106375,0.3257,0.986799,1.015356,0.913921
2018Q3,1.03103,0.93028,0.860473,1.20357,-1.974468,1.0562,1.014901,0.950346,1.008547,0.892371,0.89216,0.91015,1.035746,0.95013,0.976929,0.949535,0.803406,1.218323,0.813988,0.984827,0.899715,1.174831,1.054667,1.013568,1.42721,0.943506,0.580053,0.960368,1.1455,0.988149,0.860611,0.949874,0.886356,1.137806,0.920116,0.90994,1.014364,0.947155,0.811598,1.104172,0.250337,0.988506,1.015091,0.914905
2018Q4,1.008687,0.91762,0.845005,1.243238,-3.271713,1.0562,1.020154,0.964731,0.999328,0.87351,0.876706,0.893369,1.036777,0.940966,0.956152,0.917046,0.786449,1.224248,0.799991,0.987225,0.851754,1.166301,1.013143,0.99317,1.351983,0.942876,0.575834,0.938471,1.146723,0.972327,0.840779,0.929081,0.901424,1.116954,0.871379,0.896642,1.172035,0.935489,0.793361,1.095804,0.257315,0.967787,1.003177,0.915025
2019Q1,0.992367,0.906798,0.836337,1.214366,-0.771463,1.022831,1.017081,0.944592,1.015062,0.865527,0.862606,0.888257,1.018441,0.907816,0.942544,0.905033,0.774468,1.221974,0.794513,1.020936,0.81213,1.11836,1.01276,0.976371,1.278494,0.902053,0.574859,0.917512,1.147016,0.965958,0.832535,0.949688,0.884781,1.108492,0.953081,0.891726,0.919176,0.916084,0.77671,1.095531,0.258182,0.943255,0.998411,0.912551
2019Q2,0.976325,0.898858,0.829293,1.225144,0.042394,1.023885,1.015236,0.930208,1.089731,0.860526,0.852561,0.882698,1.015472,0.900634,0.942274,0.901734,0.769974,1.225188,0.778496,1.02624,0.80067,1.110014,1.033211,0.969822,1.335412,0.909952,0.580336,0.918728,1.138784,0.968853,0.820138,0.943209,0.874589,1.115443,0.879427,0.901934,1.172889,0.924503,0.765512,1.106285,0.233254,0.951408,1.004501,0.911636
2019Q3,0.949681,0.882976,0.811355,1.102317,0.587128,1.009484,1.008242,0.906233,0.98538,0.842047,0.831863,0.876205,1.013397,0.882891,0.928359,0.885493,0.754741,1.231877,0.764164,1.012339,0.796181,1.076217,1.024247,0.940286,1.364371,0.894193,0.581856,0.892045,1.130667,0.957579,0.800045,0.915482,0.856148,1.099426,0.960093,0.867023,0.98593,0.906313,0.746698,1.105034,0.23536,0.935032,0.994175,0.910551
2019Q4,0.931335,0.887631,0.810814,1.142434,-0.125373,0.995083,1.020828,0.893767,0.949791,0.842102,0.83295,0.873251,1.012216,0.909699,0.923403,0.882819,0.755717,1.22615,0.758571,1.026087,0.800434,1.062754,1.038516,0.946832,1.421536,0.883932,0.587205,0.884335,1.127357,0.956901,0.795547,0.933459,0.853385,1.103959,0.905483,0.881111,1.173133,0.898049,0.743185,1.10477,0.227649,0.931476,0.990733,0.909295
2020Q1,0.955204,0.84463,0.80039,1.146026,0.99884,0.9719,1.017236,0.883218,0.943079,0.82924,0.814257,0.853785,0.990056,0.888908,0.910755,0.853469,0.739299,1.229058,0.745983,1.03973,0.76361,1.076017,1.03168,0.931593,1.44085,0.878933,0.579773,0.847757,1.125434,0.948122,0.787433,0.886414,0.844055,1.076156,0.933843,0.860432,0.903555,0.865344,0.730169,1.076947,0.21286,0.908243,0.981732,0.896848
2020Q2,0.93078,0.825654,0.775779,0.915321,2.574164,0.932561,0.989883,0.831433,0.967361,0.795252,0.780431,0.825936,0.999413,0.835741,0.849087,0.803954,0.709212,1.226581,0.714939,0.94466,0.765519,1.000062,0.969193,0.866108,1.300938,0.780455,0.549867,0.776293,1.11655,0.890857,0.740484,0.872861,0.821191,1.018435,0.861146,0.813475,1.130665,0.789807,0.70884,1.03646,0.174065,0.841208,0.947313,0.899657
2020Q3,0.915293,0.868894,0.829143,1.070109,1.675568,0.938181,1.012431,0.851572,0.954527,0.845268,0.837416,0.889642,1.018415,0.894961,0.919783,0.869105,0.830453,1.230167,0.761255,0.990522,0.803728,1.056698,1.025477,0.938801,1.413432,0.802835,0.556601,0.805106,1.125483,0.913847,0.791803,0.924137,0.8476,1.042007,0.952432,0.880707,0.951393,0.839581,0.757727,1.066619,0.174667,0.882444,0.976172,0.906702
2020Q4,0.919567,0.878695,0.851433,1.193822,0.854416,0.913242,1.036938,0.8813,0.960318,0.866561,0.863398,0.911696,1.04706,0.929432,0.93659,0.887812,0.852233,1.236892,0.779747,1.027865,0.780244,1.102642,1.072618,0.974618,1.154725,0.822976,0.560268,0.833044,1.142974,0.92947,0.81445,0.957403,0.862409,1.067694,0.927699,0.906244,1.168496,0.858796,0.778447,1.072734,0.167197,0.911547,0.983055,0.917984
2021Q1,0.964557,0.931051,0.885477,1.30458,-3.094388,0.938181,1.067081,0.936921,1.050112,0.902913,0.910832,0.951866,1.11561,0.967381,0.985979,0.948508,0.892463,1.243357,0.807735,1.092944,0.858834,1.162448,1.135464,1.048804,1.306874,0.88615,0.580684,0.914593,1.182715,0.956783,0.862755,1.026856,0.896244,1.14385,0.984896,0.947246,0.950539,0.920122,0.807675,1.118489,0.192616,0.980678,1.017739,0.944116
2021Q2,1.066028,0.945906,0.918836,1.422318,-5.414162,1.039691,1.111789,0.971444,1.224246,0.940794,0.954955,0.969633,1.151439,1.013169,1.034311,0.988479,0.92153,1.281765,0.83924,1.106911,0.875601,1.198017,1.185896,1.113948,1.494899,0.937849,0.597603,0.9683,1.23579,0.965006,0.90847,1.05862,0.935951,1.217286,0.998007,0.988652,1.214259,0.94554,0.837018,1.140124,0.179175,1.019363,1.054011,0.959625
2021Q3,1.11285,0.950608,0.9344,1.374258,-7.072603,1.108535,1.143204,1.018434,1.188387,0.961668,0.98275,0.960385,1.184808,1.047495,1.073049,1.02095,0.944051,1.305625,0.861069,1.150707,0.870678,1.209561,1.228883,1.174321,1.440786,0.996569,0.61821,1.012721,1.285393,0.971759,0.920793,1.043499,0.953388,1.251435,1.057647,1.007669,1.03987,0.971887,0.858756,1.154348,0.187261,1.050812,1.069102,0.975124
2021Q4,1.104496,0.996942,0.95795,1.677395,-9.407774,1.162979,1.188746,1.035695,1.163675,0.979838,1.022818,0.972657,1.215716,1.085449,1.117247,1.059616,0.970029,1.341174,0.893921,1.218959,0.864731,1.230969,1.285587,1.246812,1.418279,1.058039,0.626564,1.050851,1.324466,0.98723,0.946818,1.080115,0.981295,1.292233,1.02492,1.037463,1.29822,1.002818,0.893416,1.193652,0.15954,1.078941,1.091342,0.990614
2022Q1,1.139412,1.039654,0.900221,1.686991,-6.689256,1.230769,1.208067,1.096111,1.207087,1.024179,1.085404,0.967182,1.244164,1.141173,1.154531,1.112638,1.032309,1.368603,0.921219,1.226907,0.830437,,1.324402,1.357869,1.523894,1.080539,0.604298,1.119427,1.383295,0.999809,0.983739,1.149097,1.021888,1.348444,1.068034,1.083481,,1.069581,0.914265,1.261436,0.141773,1.127163,1.137146,1.006095
2022Q2,1.32584,1.070924,0.911677,1.730226,-7.956788,1.399368,1.237145,1.169952,1.372068,1.03828,1.102511,0.976447,1.270152,1.125337,1.182204,1.166316,1.021958,1.380663,0.902272,1.264355,0.831607,,1.323788,1.398622,1.571843,1.149349,0.650621,1.164027,1.436957,1.030653,1.05431,1.135654,1.043177,1.447567,1.087833,1.092196,,1.14223,0.905206,1.318862,0.131752,1.171017,1.176066,1.021566
2022Q3,1.321399,1.053299,0.89916,1.785511,-8.397478,1.314717,1.236914,1.17187,1.252384,1.037846,1.094793,0.946927,1.293679,1.137181,1.168817,1.144035,,1.398285,0.912733,1.235383,0.817821,,1.286698,1.437845,1.508244,1.166041,0.641952,1.088555,1.444488,1.009609,1.002683,1.120904,1.053561,1.418253,1.113255,1.038338,,1.055649,0.922154,1.312869,0.113647,1.122909,1.149325,1.037028
2022Q4,1.143408,1.032275,0.891968,1.605243,-7.385226,1.256059,1.250295,1.131593,1.130689,1.016938,1.065508,0.965565,1.314747,1.155482,1.175022,1.120281,,1.413264,0.915254,1.116173,0.819166,,1.215966,1.374423,1.436821,1.111105,0.646977,1.043411,1.4358,0.979683,1.002411,1.119393,1.014811,1.362647,1.005512,1.072328,,1.014248,0.910575,1.298594,0.101604,1.076504,1.128144,1.05248
2023Q1,1.180933,1.031181,0.913594,1.63833,0.081017,1.248683,1.23537,1.11529,1.11826,1.048604,1.057424,0.985476,,1.173612,1.200868,1.122843,,1.414593,0.918792,1.127807,0.858947,,1.190875,1.347282,1.451555,1.080075,0.644864,1.036804,1.441146,0.995659,0.986654,1.108329,1.003847,1.333938,1.058097,1.064236,,1.025756,0.9109,1.321631,0.098174,1.068938,1.117818,
2023Q2,1.233639,0.99808,0.902312,1.569127,2.135845,1.207587,1.231498,1.063506,1.214672,1.024614,1.023235,0.973803,,1.125706,1.205138,1.092116,,1.432813,0.91106,1.151067,0.848004,,1.144998,1.297503,1.436072,1.010339,0.63057,0.986321,1.428285,0.962126,0.991955,1.082113,0.97401,1.291327,1.023036,1.059957,,1.026451,0.893391,1.303471,0.084684,1.034621,1.110405,
2023Q3,1.13894,0.985972,0.895784,1.396644,,1.157007,1.226583,1.067342,1.10887,1.014283,1.009685,0.985944,,1.148585,1.208353,1.080789,,1.452444,0.89099,1.107936,0.8562,,,1.277613,1.411749,0.967723,0.59421,0.99109,1.416711,0.946297,0.971602,1.066909,,1.289816,1.100758,0.951075,,1.058822,0.898144,1.309399,0.063566,1.022392,1.113582,
2023Q4,1.077769,,,,,,,,,,,,,,1.184619,,,,,,,,,,,0.976434,,0.999744,,,,,,,,,,,,,,1.023379,1.110405,
