Unnamed: 0,Albania,Advanced Economies,Argentina,Armenia,Australia,Austria,Burundi,Belgium,Bangladesh,Bulgaria,Bahrain,Bosnia and Herzegovina,Belarus,Belize,Bolivia,Brazil,Botswana,Canada,Chile,China,Colombia,Costa Rica,Cyprus,Czech Republic,Germany,Dominica,Denmark,Dominican Republic,Algeria,EMDE East Asia & Pacific,EMDE Europe & Central Asia,"Egypt, Arab Rep.",Emerging Market and Developing Economies (EMDEs),Spain,Estonia,Finland,France,Gabon,United Kingdom,Georgia,Greece,Guatemala,High Income Countries,"Hong Kong SAR, China",Honduras,Croatia,Hungary,Indonesia,India,Ireland,"Iran, Islamic Rep.",Iceland,Israel,Italy,Jamaica,Jordan,Japan,Kazakhstan,Kenya,Kyrgyz Republic,"Korea, Rep.",Kuwait,EMDE Latin America & Caribbean,Lebanon,Low-Income Countries (LIC),Sri Lanka,Lithuania,Luxembourg,Latvia,Morocco,"Moldova, Rep.",Maldives,Mexico,Middle-Income Countries (MIC),North Macedonia,Myanmar,Mongolia,EMDE Middle East & N. Africa,Mauritius,Malawi,Malaysia,Nigeria,Nicaragua,Netherlands,Norway,New Zealand,Oman,Pakistan,Panama,Peru,Philippines,Poland,Portugal,Paraguay,Qatar,Romania,Russian Federation,EMDE South Asia,Saudi Arabia,Singapore,El Salvador,EMDE Sub-Saharan Africa,Slovakia,Slovenia,Sweden,Seychelles,Thailand,Tunisia,Turkey,"Taiwan, China","Tanzania, United Rep.",Uganda,Ukraine,Uruguay,United States,"Venezuela, RB",Viet Nam,World (WBG members),Samoa,South Africa,Zambia
,,,,,,,,,,,,,,,,,,,,,,,,,,,,,,,,,,,,,,,,,,,,,,,,,,,,,,,,,,,,,,,,,,,,,,,,,,,,,,,,,,,,,,,,,,,,,,,,,,,,,,,,,,,,,,,,,,,,,,,,,
1994.0,534.1206,3243933.0,21590.0,,49828.73,55115.45,227.2512,129613.8,,,3736128.0,,,259.7053,1295.885,32745.34,3608.93,151901.7,10836.32,115019.1,,3793.472,,14937.05,383959.9,96.43187,,,,289254.3,146617.9,10232.47,4562896.0,89377.21,1541.859,24450.29,225508.4,711.3705,226582.0,,,3206.693,7101804.0,161354.9,,4887.516,14597.78,31937.67,26841.41,26387.8,11800.4,1329.57,23358.8,169637.1,2161.852,3406.484,275851.6,,2168.923,,102511.0,6648.489,196396.0,5974.558,1596.323,,3256.078,8615.813,,8240.533,,220.9579,79254.94,682905.7,,887.9427,,,,489.3762,59504.66,7375.306,865.4632,,27455.03,11846.53,,,2401.749,5478.247,21221.16,21512.22,28342.04,,,7159.32,50380.18,35548.68,21973.84,102462.7,2576.528,,6621.104,4727.621,51782.77,206.1403,54458.42,6525.798,23265.24,85200.3,,879.6957,,2782.221,662702.6,8287.025,5764.492,7819907.0,81.53508,,458.4489
1995.0,766.343,3868247.0,20122.0,,57404.46,64441.23,235.3743,154411.8,,5106.36,3578900.0,,,259.6269,1418.71,50016.53,4050.559,167298.3,14581.79,132131.9,,4082.793,,25286.78,450533.7,116.5844,,,,357649.6,191852.1,11793.73,4583065.0,114298.9,2316.757,28641.55,270421.8,930.1675,263967.0,465.0625,,3995.441,7564558.0,192629.0,,6979.867,15368.41,40612.27,34720.87,34686.06,12295.21,1598.417,27949.04,230129.5,2752.526,3737.313,335929.7,,2953.82,,135350.8,7750.309,220086.1,7270.278,1770.514,,5588.825,9920.098,1795.757,10032.37,,267.3468,72380.8,854090.8,,1338.54,,3687883.0,,474.3825,77489.56,34440.76,974.4642,,32986.3,13937.18,,,2513.389,7723.471,26511.11,29208.46,34223.72,4435.328,,10194.1,62414.19,45959.95,26496.39,124266.6,3327.065,,8759.272,6213.788,64633.39,241.0953,70750.71,7905.016,35495.51,103307.8,1601.108,1060.757,,2880.923,743492.5,11334.52,8251.845,8450273.0,94.60195,,781.9543
1996.0,947.5612,4034632.0,23762.0,847.9732,61454.51,66950.13,123.2563,162122.2,,6707.058,4156006.0,,,255.8328,1622.41,53096.34,3092.175,174108.0,17649.15,140091.4,,4325.352,,27788.42,455989.3,130.7374,,,,379342.4,223040.3,13088.62,5246852.0,119818.4,2869.963,30729.03,272576.1,903.0171,285434.0,735.2116,,3835.602,8332523.0,198520.2,2744.229,7241.73,18220.71,42911.37,37991.42,36738.37,15151.76,1875.817,29567.29,214091.3,2923.33,4313.549,349253.8,4274.2,2924.325,,150755.3,8353.839,247030.0,7543.424,1931.172,,6774.363,9765.801,2330.241,9726.265,,301.7653,89289.75,919066.7,,1367.976,,4273551.0,,626.4211,78459.85,25717.64,1155.919,192362.3,35604.25,14740.49,,,2786.412,7860.117,32446.57,36860.33,36251.53,4272.125,,11616.68,68202.04,50301.3,26526.32,131297.8,3222.126,,11104.39,6882.062,66914.24,377.1079,72321.35,7691.88,43560.02,102056.0,1400.235,1181.495,17670.4,3326.291,795448.4,8859.564,11146.18,9283552.0,100.2385,,835.3055
1997.0,497.6711,4116436.0,30452.0,900.3036,61853.03,64974.49,123.4582,157565.4,,5340.334,3861692.0,,8709.669,287.1164,1842.532,60253.72,3626.313,200297.4,19259.23,143171.7,,4971.633,,27134.6,446565.6,135.2932,44526.0,,,377730.9,239738.0,13217.32,5026824.0,121273.7,3509.541,30604.57,263596.7,1233.803,303947.0,993.4313,,4674.303,8129577.0,208414.1,3065.598,8634.152,21185.95,41791.96,41463.34,37128.2,15902.43,1871.804,28656.24,208509.6,3021.495,4118.876,338405.7,4241.677,3278.407,683.9916,144864.6,8216.648,294088.8,7452.137,2175.278,,7367.702,9638.988,2531.687,9550.035,,347.6721,109517.5,985918.2,1774.302,2031.398,,3979231.0,,754.5269,78979.44,38727.17,1447.327,189735.5,35746.99,14536.28,,,2999.8,8526.296,35959.89,42227.22,36265.69,4104.507,,11241.93,71563.67,54922.26,27721.31,132172.2,3747.071,,11742.39,7066.277,65660.82,334.7585,63514.21,7943.865,48465.86,114088.2,1342.604,1297.293,17118.2,3730.816,869414.2,13108.51,11686.7,9147028.0,100.2467,,695.1819
1998.0,816.5439,4116385.0,31377.0,904.1901,60738.51,68196.7,155.969,164829.7,,4967.958,3460270.0,,8536.538,327.3008,1989.855,58840.75,3405.237,204328.4,18347.44,141007.1,,6235.952,,28419.16,471566.1,131.5562,46263.0,,,313862.1,230720.5,16147.57,4569273.0,132911.8,3941.064,32392.14,283521.0,1096.171,314613.0,900.4056,,5650.027,7738024.0,185218.6,3544.3,7880.274,25690.69,27406.5,42974.68,44300.09,14306.11,2297.098,26958.95,217549.3,3264.486,3851.924,280418.0,4257.891,3285.136,772.4457,93611.76,8606.623,314203.0,7059.425,1841.215,,7490.921,10858.88,2978.403,10309.89,,353.9764,125199.3,920776.4,1923.173,2631.482,,3580433.0,,697.3137,58436.2,38237.97,1491.157,199818.8,37465.79,12481.01,,,3349.825,8240.955,29721.06,46701.96,40396.02,3864.345,,11771.28,58083.87,56915.81,30423.17,101859.7,3969.79,,13045.35,7806.244,68587.67,383.2114,43018.65,8388.157,46086.96,104539.9,1499.57,987.9321,14693.1,3814.321,911417.8,14324.94,11133.09,8691360.0,96.42593,,1084.41
1999.0,1131.248,4342285.0,25506.0,801.1627,65324.59,69605.99,118.9108,164608.1,,5434.554,3478923.0,,6626.404,372.3075,1755.525,50315.52,2817.492,219933.3,14751.48,166046.6,,6363.467,,27993.42,473636.9,141.3558,44285.0,,,350850.9,198322.5,16026.21,4554643.0,144210.3,3429.137,31621.32,287463.8,1558.628,323135.0,692.3013,,5537.227,7973751.0,179143.9,4071.255,7824.821,27862.36,24025.01,46960.77,47231.63,12639.18,2316.078,30607.48,219926.6,2863.787,3679.777,311232.4,3721.511,2794.196,706.6671,119709.5,7604.243,307791.9,6199.815,2136.476,,5712.91,10921.97,2608.706,10794.45,,401.1049,141498.5,896004.1,1763.2,2310.655,,3592411.0,,669.8573,65314.55,9063.741,1857.78,202636.1,34151.09,14262.3,,,3515.709,6714.158,30801.77,45696.85,42211.48,2639.204,,10535.79,37144.16,62213.78,26913.13,110765.4,4100.358,,11298.87,8137.078,68936.71,435.6644,50233.08,8490.473,40459.52,110317.6,1654.214,1347.708,11781.1,3360.261,1023410.0,12601.22,11543.89,8904065.0,115.1747,,873.3208
2000.0,1079.516,4863325.0,25281.0,886.2654,67775.82,69092.77,146.8371,177223.8,,6009.247,4467754.0,3199.6105,8491.847,456.0492,1830.487,57032.33,2280.529,243625.4,17076.35,226445.3,,5539.755,,32126.13,495617.3,146.7328,44367.0,,,456527.7,233450.6,14039.1,5757670.0,153077.5,4235.032,33991.69,305196.4,1384.384,342937.0,710.7235,,5941.017,9502481.0,212691.0,4310.244,7955.793,31930.64,33420.91,51559.79,50674.92,14308.97,2372.112,35231.3,238524.7,3199.066,4560.029,379069.5,5025.506,3255.028,641.3452,160472.0,7146.348,356178.2,6226.77,1932.344,,5583.885,10738.92,2538.082,11538.68,,388.4955,174109.5,1085285.0,2105.439,2387.409,,4590415.0,,529.5171,81856.65,9390.501,1803.609,212006.6,34405.85,13921.24,,,3413.9,7367.777,34540.92,49145.2,42268.71,2747.71,,13022.28,41916.69,68238.42,29232.2,134367.8,4941.562,,12705.64,10131.46,73535.17,375.0059,61780.11,8594.579,54467.36,139913.4,1499.421,1255.99,13931.0,3479.095,1216793.0,14558.4,15392.65,10626486.0,105.0491,,1092.122
2001.0,1323.303,4664306.0,20319.0,910.2776,60865.73,70598.67,139.0348,178940.5,,6705.081,4266416.0,3350.8351,8055.849,448.0145,1708.442,56772.15,1831.261,225823.3,16400.53,245328.4,,5493.38,,36528.1,486394.1,130.048,44174.0,,10184.29,464878.1,239015.8,12788.77,5563960.0,154031.1,4321.765,32194.97,302009.3,1476.549,344596.0,753.964,,6817.175,9107535.0,202217.5,4394.631,9067.484,33768.91,31167.4,50338.26,50609.83,16454.83,2093.356,32736.5,236487.7,3363.126,4882.366,349528.0,6374.302,3545.977,576.649,141477.6,7865.257,345435.0,7284.912,1664.486,,6281.964,11298.0,2806.821,11056.71,,389.3936,168557.4,1089190.0,1699.485,2788.086,674.3656,4393956.0,,550.1179,73835.52,11750.28,1773.554,208572.2,32988.52,13309.98,,,2982.728,7223.501,33017.81,50454.23,41787.04,2368.79,,15594.34,50993.86,67056.9,30134.04,116524.5,5019.67,,14777.89,10155.86,64394.8,478.9019,61935.86,9538.883,41774.64,109039.1,1704.386,975.333,15771.0,3073.877,1142131.0,16337.42,16002.05,10233875.0,128.6712,,1082.592
2002.0,1498.268,4797957.0,8991.0,987.1897,69443.76,72871.03,129.7417,198607.2,,7268.499,4877035.0,3871.0765,9003.221,521.8735,1775.774,48336.4,2418.32,226915.2,15772.9,294678.9,,5964.287,,40712.92,490659.3,204.808,49081.0,,12239.26,531810.7,270606.9,12553.06,6274426.0,163835.5,4812.31,33711.34,311904.2,1127.882,363513.0,796.1233,31292.25,7399.685,9865277.0,207350.8,4468.26,10536.05,37797.16,31297.32,56475.89,51854.02,20395.01,2092.146,32557.17,247243.0,3574.25,5089.831,337999.0,6488.4,3276.503,582.6072,152271.7,8992.314,319258.3,6464.912,1848.786,,7515.066,11647.11,3365.516,11870.64,,391.1884,168588.6,1176225.0,2000.86,2337.625,693.3601,5015022.0,,680.7544,79607.92,12356.79,1773.205,207104.0,34913.84,15023.38,,11269.09,3029.944,7392.38,39086.62,55095.12,42662.77,1990.166,,17830.04,58043.57,75725.49,31051.23,117307.9,5188.429,,16578.81,10937.52,67836.9,430.6729,64572.5,9528.414,51409.24,114095.7,1656.476,1038.29,16906.2,1978.853,1160497.0,11742.08,19401.86,11075819.0,134.5952,,1073.803
2003.0,1869.922,5542213.0,13851.0,1268.793,84778.45,91576.72,155.6801,235079.3,,10043.16,5282563.0,4784.8417,11497.81,1097.621,1619.712,49414.39,2446.738,244619.3,17803.43,412895.6,,6366.202,,51220.47,604687.8,199.8114,56438.0,,13661.59,672906.3,347838.7,11099.28,6958540.0,208400.5,6500.618,41634.3,370631.8,1325.444,400978.0,1132.277,44241.48,8170.319,11055261.0,232270.5,4887.322,14260.03,47711.98,32588.73,72510.01,54906.04,26058.51,2601.111,33693.88,297190.8,3711.293,5757.002,383476.6,8300.529,3709.036,706.433,178555.8,10979.78,330683.5,7165.166,2144.163,,9641.928,13697.55,4815.959,14229.41,,469.7206,170509.3,1421065.0,2307.958,2047.899,828.4494,5439601.0,,793.8632,83126.04,15620.94,1888.281,249318.5,40070.65,18538.77,,12986.66,3119.042,8205.273,40445.54,68144.65,50363.64,2309.408,,23970.53,72843.66,95541.74,35730.46,136735.8,5755.539,,22591.25,13819.75,84175.61,430.6322,75907.44,10878.32,69048.52,129364.4,2157.541,1194.619,22884.6,2193.151,1256885.0,8281.057,24929.59,12506293.0,137.0761,,1548.669
2004.0,2297.931,6611495.0,22448.0,1335.814,103754.2,113202.3,176.6883,286368.9,,13321.34,6384081.0,5893.1963,16282.88,515.568,1875.805,63648.66,3248.842,279297.3,22773.92,563051.3,,6898.65,,68139.79,715495.3,226.8592,66368.0,,18240.96,887631.0,461100.3,12845.45,8547167.0,257670.3,8324.068,50661.7,436438.5,1627.505,473662.0,1820.907,56099.14,9473.719,13290215.0,271601.4,5825.406,16526.75,60405.56,46538.12,99752.42,64151.5,33108.29,3432.894,40280.26,355348.7,3928.864,8180.792,454999.5,12695.86,4553.078,930.6766,224447.0,12638.51,403115.5,9388.557,2534.25,,12369.13,16987.64,6709.722,17811.62,,639.2773,196424.8,1837121.0,2921.422,2162.911,1012.028,6580535.0,,935.2805,104872.7,14829.08,2202.917,302347.1,48483.3,23186.26,,17868.48,3584.266,9788.141,43953.27,89236.8,61325.74,3007.212,,32498.27,93515.15,131432.6,45279.67,173989.5,6330.183,,29145.7,17538.85,100632.5,549.7934,94314.73,12976.25,97260.85,170426.1,2499.481,1422.281,28929.8,3111.749,1467957.0,15083.69,31563.01,15163934.0,162.9412,,2147.516
2005.0,2611.513,7378285.0,28687.0,1755.835,118403.8,119706.8,266.329,318535.4,,16734.15,7711346.0,7037.1344,16570.33,603.1397,2429.04,74576.42,3193.533,320106.0,30501.43,658980.0,,7982.323,,76301.2,779628.5,269.7281,72575.0,,20584.09,1035283.0,554349.7,19838.71,10298715.0,287748.0,10189.36,58390.0,477806.8,1701.399,520697.0,2462.699,57714.69,10492.63,15435135.0,299300.3,6541.256,18194.5,65749.01,57585.39,142637.3,72741.35,39018.44,4605.421,44457.32,384756.1,4752.513,10498.8,515401.7,17396.41,6126.516,1092.16,260916.7,15892.66,473777.1,9331.156,3205.732,,15452.06,17751.05,8552.604,20763.1,2275.728,743.3403,221439.1,2198632.0,3231.547,1906.023,1184.928,7945759.0,3161.312,1197.511,114064.5,21178.02,2618.405,330311.0,55520.06,26189.54,,25363.4,4149.85,12052.43,47338.73,101816.0,63886.17,3694.162,,40237.14,122839.5,187539.6,53786.61,200471.3,6815.286,,34193.69,19585.53,111358.8,765.1888,117832.8,13324.8,116597.2,183932.7,3052.97,1741.892,35943.3,3874.992,1671756.0,21778.51,36204.12,17678764.0,186.0857,,2558.404
2006.0,3044.072,8390921.0,34153.0,2166.667,132471.3,130833.4,430.1576,352697.0,,21691.24,9016277.0,7266.0165,22259.16,665.4777,2906.711,92222.99,3096.611,356704.4,36258.04,791267.4,,9140.292,,93309.5,921673.1,301.8194,84214.0,,21746.29,1211058.0,692515.4,20586.11,12093596.0,326164.4,13442.58,69328.65,532901.6,1951.427,604560.0,3641.225,67232.35,11910.96,17824121.0,334659.9,7302.394,20921.27,77138.33,60985.5,177950.9,80188.03,40734.8,5793.395,47296.72,443142.9,5656.7,11550.91,577839.2,23359.86,7296.872,1684.965,309390.4,16314.38,562745.4,9404.645,3926.385,10259.7,19374.29,19526.94,11373.51,23939.33,2669.366,925.6894,255634.4,2605914.0,3733.225,2545.303,1469.645,9277293.0,3644.478,1286.534,130378.6,24188.07,3021.537,381551.4,64165.39,26389.02,,29808.53,4811.214,14823.82,51676.66,127515.1,70702.51,4858.974,,51059.57,161150.3,232719.1,64514.35,240123.5,7748.063,,44547.78,23033.6,127526.5,833.3447,128245.2,15021.22,139241.1,205483.6,4244.163,2209.694,44895.2,4790.469,1852063.0,30288.66,44272.71,20484904.0,216.6294,,3005.989
2007.0,4170.454,9407709.0,44705.0,3237.394,157343.8,156530.0,319.0227,412724.0,,28553.62,11369214.0,9737.6773,28536.49,689.1259,3569.108,121536.4,4046.769,388445.5,44192.22,955314.1,30767.42,10678.65,,118184.4,1055172.0,385.3846,97516.0,,27622.77,1436489.0,905520.0,27062.36,15158488.0,384541.3,15664.43,81633.7,615359.4,2740.759,633635.0,5172.601,84622.77,13571.11,21317523.0,367890.2,8888.386,25134.56,94803.6,74343.48,228915.1,90401.3,45248.19,6264.494,56010.97,511864.8,6418.236,13735.77,621112.9,32568.09,8979.287,2394.324,356713.9,20632.59,672962.3,11757.17,4636.592,11302.4,24440.86,22366.95,15162.24,31988.78,3667.051,1094.395,281516.3,3171864.0,5263.098,3279.864,2143.997,11703335.0,3883.333,1369.033,146136.0,31124.31,3587.229,447853.8,80304.02,30759.84,16086.51,32640.71,6845.929,19533.94,55505.54,165978.5,82133.15,6010.155,,70311.2,220859.4,291187.6,87269.98,264842.9,8811.362,,58803.04,29486.71,153258.4,1038.713,141051.0,19114.22,169811.8,221436.1,5335.79,2948.536,60454.6,5601.459,1955053.0,42201.65,58489.38,24559418.0,226.0262,,3990.419
2008.0,5252.09,10525371.0,57464.0,4403.007,191122.3,176281.6,421.5943,466857.1,,35474.58,10847892.0,12321.0154,39494.18,841.5981,5058.564,173935.0,5215.509,418041.2,58293.1,1133819.0,37152.45,13053.0,,142482.7,1187231.0,704.9439,109140.0,,39600.17,1740694.0,1135597.0,52772.43,15559755.0,417376.9,16092.94,92239.16,698252.1,2848.979,647468.0,6328.122,96517.3,14558.72,22039701.0,389492.9,10443.0,29482.63,108724.1,128786.0,319842.0,87454.09,58494.24,5664.402,64674.07,563111.5,8460.618,17006.95,762181.9,37600.9,11041.12,4025.837,434828.2,25273.61,821668.9,16085.54,6443.22,14150.2,31313.82,25837.24,15884.07,42303.0,4917.139,1398.193,309134.4,3980614.0,6891.926,4262.892,3607.473,11289738.0,4677.09,1981.162,156755.5,47008.48,4338.195,527537.5,90619.63,34421.72,23074.39,42081.38,8998.419,28355.68,56775.27,208593.1,94821.3,8649.939,,84625.26,289120.1,401348.5,110222.0,322852.1,9828.055,,71585.18,34071.23,169555.9,1351.813,178694.8,24597.66,202571.1,242443.5,7085.833,4040.463,85254.1,9050.464,2103631.0,46922.67,77744.73,26082643.0,248.5095,,5071.807
2009.0,4514.442,7973552.0,38785.0,3283.721,158518.3,136043.6,402.8305,354937.7,21813.76,23539.19,8061007.0,8827.4378,28487.14,650.1278,4527.071,129253.6,4766.535,329034.8,39946.12,1001776.0,31234.51,9587.879,,105085.9,926642.7,410.8339,80096.0,,39371.08,1475794.0,763613.8,44812.54,11744992.0,290737.4,10163.16,60812.42,546266.9,2456.179,496740.0,4483.644,73891.94,11540.64,16522154.0,346947.5,7385.366,20661.32,77280.6,96563.69,257454.8,67011.56,49832.8,3321.286,46995.66,414615.8,4871.919,14265.02,550637.6,28448.87,10202.92,3034.738,323210.2,20331.65,617478.8,16273.13,6359.084,10184.7,18314.83,19320.49,9356.149,32785.65,3274.979,966.7748,234303.0,3145516.0,5070.268,4313.977,2125.652,8431186.0,3712.243,2118.852,123503.1,36601.35,3484.588,407112.9,68812.64,25482.51,17810.09,31577.45,7782.077,21019.83,43157.63,149875.4,71672.8,6614.301,,54358.11,183425.0,321997.5,91276.38,247646.6,7332.4,,54107.95,24121.91,119955.0,930.3848,134517.0,19212.11,140731.0,176622.3,6348.615,3837.402,44979.3,6897.048,1559785.0,39508.38,69633.04,19717064.0,203.7261,,3813.462
2010.0,4575.247,9392222.0,56794.0,3787.403,193630.5,150505.5,505.6785,391476.5,27883.81,25428.09,8233045.0,9196.4225,34597.25,698.7993,5566.336,182983.8,5721.086,401707.6,55010.04,1393407.0,38103.99,11555.8,,126450.0,1056280.0,594.7995,82442.0,15179.66,40802.39,2026532.0,942054.1,52829.94,13040926.0,315399.4,12269.74,68680.05,593787.2,2679.683,564943.0,5195.212,65928.42,13848.09,18200263.0,432667.6,8913.926,19447.28,87369.32,135543.0,351039.0,64547.86,66467.27,3622.331,58811.02,487135.3,5333.664,15598.81,694338.2,30693.21,12068.36,3199.339,425499.9,25691.61,799172.4,17999.23,7077.41,13463.8,23305.0,21564.93,11109.95,35362.51,3826.483,1095.155,301222.9,4190828.0,5448.183,4703.677,3256.84,8660322.0,4369.91,2156.641,164468.5,54071.81,4156.759,468420.4,77132.28,30562.21,19743.2,37744.64,9150.932,28788.49,54996.3,177882.8,77725.41,9613.626,,62023.25,243381.3,431226.4,105688.3,313508.1,8422.455,,64170.02,26630.27,148657.1,1008.994,185263.9,22228.19,185294.6,254905.1,7917.002,4415.09,60156.1,8596.349,1913398.0,34638.05,84611.8,22432054.0,281.0371,83067.87,5329.943
2011.0,5383.334,11037772.0,73961.0,4153.419,234111.9,182814.5,751.9159,467854.4,36208.6,32569.21,8421354.0,11055.1614,45672.43,831.566,7895.117,227930.6,7317.597,461114.7,70646.75,1739137.0,51472.72,13825.14,,152490.5,1258186.0,544.7629,96035.0,17273.03,47167.99,2516261.0,1189978.0,62092.82,14424200.0,363492.3,17729.15,84266.25,702493.6,3634.798,652021.0,7036.921,66924.71,16613.32,20145504.0,484088.4,11120.43,22353.08,101533.4,177180.8,464575.4,73869.98,96861.4,4842.736,72784.83,559948.2,6431.381,18966.54,856093.2,36579.85,14778.3,4216.158,524470.1,25072.01,981387.7,20327.26,8265.418,20278.9,31766.64,26279.97,15264.42,44232.07,5178.995,1393.435,350852.5,5261597.0,7058.247,8908.269,6502.031,8938763.0,5148.595,2457.328,187813.8,70541.94,5195.793,541216.6,90597.31,37094.25,23584.24,43903.75,11335.83,37173.73,60475.98,211435.9,83023.72,11775.36,,76582.34,318097.3,566360.1,129492.3,372669.1,9957.576,231483.8,77327.44,31455.92,177057.7,1118.14,229347.9,23947.35,240982.1,286036.7,10758.82,5056.174,82443.1,10746.8,2208432.0,45804.21,106576.8,25461141.0,317.6671,102663.3,7256.914
2012.0,4898.38,10835900.0,67976.0,4271.501,250725.6,170004.9,756.8823,440077.6,34148.52,32746.18,8608612.0,10016.6318,46528.87,844.8124,8556.312,225730.4,8093.078,475083.4,75287.94,1824170.0,56086.32,14906.2,,141817.0,1157844.0,574.8432,91353.0,17667.48,50208.63,2656307.0,1191732.0,72560.0,14858981.0,326486.1,18155.28,76705.77,656930.8,3859.053,651662.0,8060.736,61779.22,16996.75,20144667.0,505558.6,11371.76,20848.46,94491.44,191762.6,489891.2,72204.35,92113.27,4765.884,72200.37,490347.5,6319.402,20801.39,886803.7,46377.69,16308.24,5542.619,520091.7,27238.24,1020549.0,22257.43,8588.522,19175.8,31987.44,24213.06,16101.61,44925.87,5228.915,1556.494,371058.1,5485942.0,6520.907,9213.382,6803.049,9172273.0,5355.63,2574.048,196948.5,61475.66,5847.326,533702.7,87289.36,38283.19,28030.49,44098.88,12611.33,40992.97,62117.47,199016.7,72629.68,11075.67,,70507.75,335954.8,588870.9,155051.3,386484.4,10255.58,229255.9,74977.07,28483.54,164749.4,1232.16,250704.2,24486.56,236832.8,275255.1,11348.54,5257.591,84735.9,11678.17,2278090.0,54711.36,114277.4,25694049.0,310.2988,104216.3,8778.676
2013.0,4882.994,10856320.0,74442.0,4387.329,232845.8,173800.6,812.0925,449534.5,37562.46,34327.77,9998383.0,10326.8223,43117.04,908.1604,9308.495,241654.4,8376.552,473226.1,74752.92,1963692.0,56575.44,15084.11,,144419.5,1183965.0,525.0654,97502.0,16820.72,54845.9,2819056.0,1223593.0,66413.87,16463113.0,333131.8,18507.32,77669.54,662152.5,5139.349,664550.0,7992.381,60939.63,17510.89,21594364.0,522819.3,10947.48,22086.6,99305.43,186790.1,464981.4,74059.72,83881.65,5026.46,71102.19,480062.2,6243.574,22122.41,832526.1,48879.15,16394.67,6055.037,515359.0,29244.8,1047104.0,22074.42,8569.169,18021.4,34862.24,23934.42,16794.13,45203.66,5508.135,1739.488,381380.5,5670535.0,6620.535,12275.78,6360.471,10575950.0,5380.575,2836.318,205995.6,59259.24,5664.508,546877.2,90029.85,39600.25,34496.92,44654.8,13017.63,42339.25,62348.24,207653.0,75735.54,11974.37,26967.08,73617.76,342409.8,566959.6,167975.5,387829.8,10744.4,230449.6,79198.95,29429.01,160835.3,1384.623,249573.1,24340.95,251538.6,276091.2,12252.3,4920.758,76971.6,11656.63,2268431.0,45553.86,131695.0,27319096.0,325.8942,103519.8,10173.33
2014.0,5237.339,11028208.0,65734.0,4416.679,228335.7,172797.1,769.7945,453854.1,41655.38,34715.99,12167063.0,11008.465,40521.48,960.2659,10519.04,231187.2,8056.288,475027.3,68694.23,1955349.0,61021.42,15541.82,8100.587,154434.8,1210069.0,591.8903,99182.0,17258.56,58571.76,2805481.0,1177207.0,73844.56,18603080.0,351676.8,18313.51,76889.15,655008.4,4181.542,691999.0,8595.527,61999.01,18269.9,23960237.0,543856.8,11068.49,23067.91,103916.9,178219.6,462271.0,82342.34,96626.95,5359.811,71440.06,473958.6,5847.217,22971.15,812875.3,41427.18,18367.72,5706.274,525231.1,30985.27,1039864.0,21441.98,8697.269,19412.3,34373.45,24155.18,17159.67,46189.49,5329.326,1992.82,399860.5,5623731.0,7310.103,16449.21,5241.708,12776007.0,5594.294,2802.77,208782.6,63792.98,5871.103,541732.0,89573.54,42518.29,29246.23,47789.9,13717.09,41029.32,65294.4,223619.0,78382.23,12074.96,30413.49,77819.22,310054.1,573121.4,173826.1,377423.0,10516.09,231428.8,79563.34,30015.13,162344.0,1278.622,227765.4,24826.27,242526.7,279838.3,11993.7,5124.705,55003.2,11450.09,2355149.0,,147993.4,29631250.0,384.8585,99757.77,9708.59
2015.0,4331.445,9692573.0,60205.0,3238.334,200721.6,148399.1,721.5517,375952.8,39508.22,29260.21,12422457.0,9001.205,30263.46,996.9052,9777.107,173490.1,7243.931,429484.2,58573.98,1657209.0,51720.03,14734.1,7187.932,141528.1,1054050.0,623.2941,85213.0,16898.4,51753.34,2435594.0,925706.0,74440.22,18001685.0,304735.6,14548.38,60542.62,552815.3,3421.224,620866.0,7340.152,46814.35,17619.38,22821497.0,522868.3,11178.47,20723.31,90853.33,142781.8,393254.1,77526.96,87867.83,5314.218,61171.96,410679.5,5040.828,20481.57,648378.3,31027.06,16094.24,4135.403,436244.9,30945.86,936976.0,18658.44,7768.277,18952.8,28211.81,19553.18,14120.42,38100.07,4008.653,1898.352,395152.2,4826384.0,6424.406,16878.59,3808.688,13001131.0,4799.789,2278.841,176122.9,55978.09,5902.797,433792.3,76467.54,36620.44,29030.93,43865.17,12128.78,37348.92,71048.63,196922.4,66922.63,10347.86,32587.98,69877.88,193679.5,497478.7,174582.3,307623.2,10294.02,201619.6,71507.6,25895.51,138447.4,1448.538,201911.4,20225.15,207554.3,234953.0,10846.46,4767.885,37788.3,9513.798,2247645.0,,165499.2,27692843.0,333.8079,85618.5,8400.503
2016.0,4672.007,9492842.0,55852.0,3251.206,189398.0,150329.4,733.524,379804.4,41331.45,28948.2,11570044.0,9140.9257,27502.29,953.2097,8439.07,139483.3,6139.835,413112.1,55744.92,1570321.0,42876.08,15221.99,7779.664,143164.4,1057448.0,648.4087,84172.0,17383.82,47102.79,2347334.0,915820.7,68159.09,16858250.0,302499.7,14954.62,60882.5,551349.4,,592844.0,7319.137,46839.71,17021.33,21732139.0,515655.7,10545.07,21855.71,92307.08,135578.4,361147.1,81940.94,,5680.169,65132.91,406947.5,4850.691,19340.53,607587.9,25390.19,14140.68,3996.744,406181.1,30791.81,869622.2,19046.0,7246.555,19177.5,27378.02,19511.04,13729.44,41649.43,4012.12,2127.126,387332.1,4580211.0,6827.144,15656.79,3347.839,12085476.0,4653.662,,168571.7,36672.42,5885.877,427979.3,75079.46,36028.23,23110.82,46946.4,11691.02,35096.16,84018.46,199288.7,68015.1,9755.811,32093.82,74628.32,190430.7,470729.6,139946.4,291780.4,9830.326,164580.1,73289.48,26682.83,141042.4,,195127.6,19396.74,198972.2,227582.3,7936.54,4819.915,39133.7,8127.857,2186767.0,,174361.7,26351475.0,350.5031,75154.53,
2017.0,5268.983,10420907.0,66939.0,3804.569,220816.9,166996.5,,409474.5,47341.5,34275.44,13118253.0,10493.3246,34090.54,913.7347,9292.328,158882.0,5332.153,443306.1,61408.71,1850238.0,44028.53,15904.71,9270.307,163314.6,1166088.0,593.4289,92313.0,17730.18,46081.81,2759305.0,1088157.0,66635.85,19207064.0,341111.0,16685.93,70632.01,600794.3,,618584.0,8040.112,53507.1,18403.84,24272535.0,559919.3,11397.81,24522.67,104702.3,157015.8,449503.9,93415.86,,6939.219,68053.11,453315.7,5533.39,20481.91,672114.3,29635.1,16708.78,,478854.6,33565.29,955141.1,19549.78,8346.885,20953.5,32256.47,21449.86,16015.9,45134.63,4819.498,2364.809,420085.1,5312801.0,7717.313,19201.7,4335.58,13645870.0,5230.612,,194879.9,32348.07,6102.795,488414.1,82776.72,40071.37,27265.33,57420.71,12680.13,38665.11,95986.24,234317.0,78767.32,11482.71,29424.21,85472.47,237574.0,577584.4,134421.2,327346.9,10562.28,172087.7,79981.73,31226.02,154230.8,,223887.9,20605.36,233811.2,256654.8,7730.182,5609.924,49476.3,8418.267,2338341.0,,213407.4,29626409.0,352.5607,83346.51,
2018.0,5955.506,11445204.0,65481.0,,227046.7,184379.8,,455111.1,55196.47,37988.69,14837164.0,11638.4918,38475.87,,9972.161,184846.4,6304.527,469131.4,70402.56,2134912.0,48941.13,16554.83,10914.51,185196.9,1286706.0,,102053.0,20184.39,46346.24,3166633.0,1175780.0,80589.72,21657916.0,376585.6,19141.68,78701.05,655297.9,,661116.0,9366.316,63878.03,19669.99,27091159.0,603177.1,12445.46,27637.15,117250.1,188999.8,513845.1,108096.1,,7694.622,75836.03,502896.5,6138.709,20285.11,749185.1,33915.96,17370.61,,535620.4,35854.25,1053095.0,19872.43,10044.91,22300.7,36515.25,23560.65,18611.68,51547.69,5769.704,2962.225,463987.7,5962872.0,9066.11,19441.02,5902.258,15404321.0,5626.537,,218101.9,37170.31,4854.224,557872.6,87289.8,43792.59,25956.77,60032.73,13239.87,41841.51,112632.5,268938.4,89131.42,12913.55,31604.27,97757.63,249689.3,654337.2,137000.6,370380.8,11461.59,192342.9,90705.96,36217.12,170624.2,,249690.5,22766.22,223280.2,283951.7,8514.785,6721.07,57110.9,8888.497,2535099.0,,236589.7,33099817.0,363.2734,92971.7,
2019.0,5921.646,11070450.0,49123.0,,213877.9,176822.2,,428541.3,54917.86,37819.79,13215778.0,11145.1655,39377.14,,9800.093,185521.4,6606.428,463027.6,65862.39,2076126.0,50264.39,15943.67,9222.29,179722.5,1236238.0,,97858.0,20280.5,42020.79,3081600.0,1164109.0,78000.35,19868512.0,360253.7,18017.95,73749.5,634920.3,,655706.0,9501.96,62340.73,19876.52,25092962.0,564437.3,12158.91,27508.58,117181.9,171447.2,486380.2,101879.9,,6612.52,75751.84,474502.7,6407.422,19214.23,721234.5,39399.84,17653.96,,503288.5,33546.62,1021396.0,19153.9,11522.98,19964.8,35759.89,22974.71,17815.98,50952.72,5848.533,2888.293,455451.4,5806203.0,9442.446,18759.14,6140.38,13770852.0,5587.344,,204798.0,56627.9,,552939.2,86209.02,42433.82,23551.98,49783.36,12895.68,41115.82,111543.6,265220.5,89461.67,12237.91,29017.09,96615.15,253695.8,613934.5,152823.9,359176.0,11595.36,210028.1,88786.65,38115.99,159104.2,,239175.4,21567.2,202714.8,283958.9,,7710.05,60806.3,8259.816,2492160.0,,253222.2,30938782.0,388.4116,88141.99,
2020.0,5603.071,10219128.0,42354.0,,202883.5,165223.2,,397782.5,45674.65,35169.24,12654461.0,9889.7789,32591.93,,7008.222,159043.3,6515.814,420726.2,55096.88,2065558.0,41226.07,13987.5,8761.097,171645.8,1172813.0,,97157.0,17150.81,34432.47,2981785.0,1122797.0,69638.95,18783542.0,313556.3,17315.08,68277.67,563874.6,,568996.0,8065.134,55874.05,18239.07,23624200.0,550331.5,10269.4,26279.22,113442.3,141405.2,371792.7,99604.01,,5711.389,69133.39,427040.0,4766.505,17237.12,636182.1,38761.24,15386.59,,467803.2,27408.25,861102.7,11271.46,12375.12,16041.0,33289.91,21190.94,17356.5,44817.7,5410.456,1828.456,383695.1,5336176.0,8723.3,17898.97,5321.789,13143613.0,4259.886,,190813.2,53829.7,,511029.4,81995.38,37083.28,20820.81,45762.93,8074.961,34663.25,89619.69,260648.2,77974.38,10015.62,25594.63,92137.29,239743.6,481099.7,138146.0,329810.1,10280.6,181032.3,83087.97,36756.62,150081.9,,207291.6,18441.33,209636.7,285872.8,,8280.22,53890.9,7586.32,2332501.0,,263564.4,29001131.0,312.2748,68883.84,
2021.0,7683.554,12714962.0,63185.0,,247649.5,211049.7,,527020.7,67670.5,46345.43,14052442.0,12983.0675,41608.41,,9500.437,218804.1,8444.673,503946.5,84028.8,2689627.0,56479.71,18355.87,10345.34,212800.4,1423253.0,,119709.0,24256.67,37765.54,3866481.0,1423373.0,88943.94,22059157.0,404524.2,23569.65,86034.25,694091.5,,680298.0,10034.67,76961.29,26583.86,27712652.0,682429.1,15064.01,33557.12,139104.5,195767.1,572049.7,122242.3,,7664.799,90971.83,567685.6,5967.744,21570.75,771573.3,41264.1,19249.93,,614898.2,31487.82,1174247.0,13624.34,13710.0,20653.3,44344.14,26729.17,22972.12,58821.7,7143.788,2568.492,504725.2,7031583.0,11395.02,,6872.534,14629119.0,6514.033,,238118.7,56369.05,,690407.5,98897.87,49717.24,30975.36,72215.93,,47968.62,116827.4,342031.2,98124.27,13025.97,27700.12,116246.6,303164.4,735157.9,152689.5,405867.0,15046.01,222552.0,102483.0,49026.3,186919.0,,266387.5,22561.16,260521.8,380804.7,,9173.388,72331.5,10269.99,2827199.0,,332910.7,34776401.0,366.9816,93448.71,
2022.0,8391.315,14525222.0,81523.0,,289050.3,226422.0,,619283.9,79711.26,57978.01,15498700.0,15376.4578,37522.45,,,272113.6,8108.614,581891.3,94923.74,2685321.0,71486.62,21363.13,12057.97,236572.6,1582993.0,,128158.0,30733.1,40149.81,4045381.0,1569383.0,92040.55,24365467.0,481149.6,26312.58,97311.7,800167.7,,793796.0,13485.07,97876.85,32127.52,31116368.0,631943.8,18325.29,43963.45,159122.4,237593.1,721819.2,148276.0,,9595.171,106443.2,695644.2,,27394.42,900782.3,49826.04,21073.57,,731770.1,34154.5,1418592.0,28668.85,14587.1,18264.5,55005.09,26521.97,27765.75,72724.2,9226.214,3526.682,603850.2,7740819.0,12762.26,,8638.64,16182232.0,6580.34,,293410.0,63630.35,,807223.8,106957.9,54685.16,38736.63,70932.91,,55922.07,137287.9,385196.0,115143.6,15216.62,33146.12,132527.8,277536.0,894254.6,189645.5,474989.9,17106.68,253898.0,112931.0,59521.76,202067.9,,301760.6,26723.06,342445.2,427566.1,,9760.255,55291.3,12963.73,3240947.0,,360418.5,38896385.0,441.9319,111258.4,
2023.0,,,,,,,,,,,,,,,,,,,,,,,,,,,,,,,,,,,,,,,,,,,,,,,,,,,,,,,,,,,,,,,,,,,,,,,,,,,,,,,,,,,,,,,,,,,,,,,,,,,,,,,,,,,,,,,,,,,,,,,,,
