Unnamed: 0,Advanced Economies,Argentina,Australia,Austria,Belgium,Bulgaria,Brazil,Canada,Chile,China,Czech Republic,Germany,Denmark,Algeria,EMDE East Asia & Pacific,EMDE Europe & Central Asia,Emerging Market and Developing Economies (EMDEs),Spain,Estonia,Finland,France,United Kingdom,High Income Countries,"Hong Kong SAR, China",Hungary,Indonesia,Ireland,Israel,Italy,Jordan,Japan,Kazakhstan,"Korea, Rep.",EMDE Latin America & Caribbean,Low-Income Countries (LIC),Mexico,Middle-Income Countries (MIC),EMDE Middle East & N. Africa,Malaysia,Netherlands,Norway,New Zealand,Peru,Philippines,Poland,Russian Federation,EMDE South Asia,Singapore,EMDE Sub-Saharan Africa,Slovakia,Thailand,Turkey,"Taiwan, China",United States,Viet Nam,World (WBG members),South Africa
,,,,,,,,,,,,,,,,,,,,,,,,,,,,,,,,,,,,,,,,,,,,,,,,,,,,,,,,,
1994Q1,1035471.0,,14502.53,,,,9600.332,,,,,126832.1,,,,,,28827.63,,,,,,38975.71,,,7216.92,,,,103111.5,,37748.6,45596.8,,27218.95,,,,,8145.185,3380.223,2193.85,7145.566,,,,26755.51,,,23507.15,141.4262,26793.08,208852.2,1152.888,,
1994Q2,1069684.0,,15267.55,,,,10346.62,,,,,129500.4,,,,,,31519.13,,,,,,41601.28,,,7394.558,,,,102709.2,,39102.7,47927.42,,28309.99,,,,,8451.605,3516.577,2350.627,7412.191,,,,29545.97,,,23443.77,185.7466,26506.97,215707.8,1191.642,,
1994Q3,1100780.0,,16588.22,,,,10722.09,,,,,131071.9,,,,,,31770.79,,,,,,42771.02,,,7321.033,,,,106384.1,,40265.94,49042.68,,28833.43,,,,,8742.227,3612.27,2405.95,7030.107,,,,29842.81,,,23625.5,184.1352,26562.66,224095.5,1266.789,,
1994Q4,1133277.0,,16907.86,,,,15747.42,,,,,132923.4,,,,,,32690.54,,,,,,43965.88,,,7829.126,,,,110080.0,,43337.97,56323.66,,29778.81,,,,,8265.785,4112.875,2664.927,7734.644,,,,29768.82,,,26043.44,234.0319,28902.35,231550.1,1377.506,,
1995Q1,1166010.0,,17619.67,,79551.5,,18638.41,,,,,139029.5,,,,,,34713.62,,8637.54,,,,47219.09,,,8123.805,5870.36,,,113027.7,,45010.29,55774.04,,25973.62,,,,,8901.266,3842.053,3108.864,7759.133,,,,29877.98,,,27471.08,294.2969,27940.85,234744.2,1512.253,,
1995Q2,1178179.0,,17200.17,,79788.86,,18840.29,,,,,138586.9,,,,,,34161.33,,9085.216,,,1205137.0,47495.68,,,8202.289,5680.894,,,115622.6,,47662.64,52621.26,,23119.92,,,,,9320.441,4025.259,3063.124,8274.86,,,,31980.05,,,27010.11,348.6573,30308.63,235457.1,1668.637,,
1995Q3,1191986.0,,17294.01,,79233.36,,16277.9,,,,,137784.8,,,,,,35637.06,,9102.288,,,1219259.0,48120.43,,,8618.954,6053.421,,,118426.5,,49529.96,51300.72,,24490.23,,,,,8778.371,3829.716,3125.347,8340.707,,,,34009.24,,,27922.06,394.8578,31218.58,237041.6,1684.289,,
1995Q4,1210418.0,,17464.55,,78591.35,,15627.46,,,,,138422.1,,,,,,34615.15,,9207.499,,,1238114.0,47535.7,,,9140.809,6490.114,,,127649.2,,50329.14,51460.1,,25295.48,,,,,9120.186,3932.986,3106.899,8878.099,,,,34985.64,,,28112.12,507.2468,30388.81,238245.3,1831.404,,
1996Q1,1250259.0,,18044.27,,81820.13,,15987.32,,,,,144240.0,,,,,,36097.67,,9797.245,,,1278866.0,49510.95,,,9480.693,6585.942,86292.06,,128729.2,,54215.34,54999.25,,28140.51,,,,54854.41,9593.093,4004.118,2930.141,9348.457,,,,36556.67,,,25584.63,663.731,30159.74,243298.2,2131.742,,
1996Q2,1246573.0,,18397.91,,82112.49,,17237.02,,,,,141096.0,,,,,,38092.23,,9948.817,,,1275095.0,48626.95,,,9449.065,6731.777,81486.41,,129914.7,,54308.35,58008.16,,29242.55,,,,54767.5,9884.288,4044.452,3152.859,9578.216,,,,35588.09,,,23869.1,853.9615,31292.37,245802.2,2088.99,1586241.0,
1996Q3,1266867.0,,18737.52,,82478.86,,19120.93,,,,,143347.6,,,,,,38213.33,,9746.696,,,1295854.0,49983.21,,,9176.855,6849.222,82267.67,,131731.9,,55400.21,62311.91,,31139.47,,,,55014.9,10025.03,4194.332,3054.366,9715.727,,,,34585.96,,,23736.36,939.5007,31003.33,254293.3,2180.566,1615764.0,
1996Q4,1279380.0,,19299.55,,81029.56,,21041.21,,,,,144244.3,,,,,,36905.32,,10328.32,,,1308653.0,50533.21,,,9431.975,7001.476,83176.69,,130988.9,,58236.09,66762.83,,32971.03,,,,55688.29,10563.8,3954.288,3110.783,9251.354,,,,36448.94,,,23179.62,1104.733,33716.07,257955.2,2247.951,1634925.0,
1997Q1,1312452.0,,18711.23,,81180.41,,18191.66,62199.12,,,,148535.1,,,,,,38505.13,,10455.97,,74958.54,1342482.0,53004.31,,,9826.352,7055.81,84957.16,2129.946,133179.3,,58044.86,63813.32,,33207.77,,,,58452.28,10432.09,4031.261,3199.96,9176.133,,,,37454.12,,,23272.71,1435.414,35298.55,265702.6,2298.554,1669749.0,
1997Q2,1362139.0,,19791.58,,84020.54,,22982.7,63880.3,,,,154473.9,,,,,,42317.44,,11479.05,,79259.89,1393305.0,52353.09,,,10939.78,7337.953,93299.13,1985.192,129515.9,,57286.98,73341.36,,36288.33,,,,62050.81,12031.23,4253.596,3480.656,9435.31,,,,39164.24,,,22469.49,1771.689,35924.56,277020.3,2185.924,1738535.0,
1997Q3,1384575.0,,20376.5,,84224.27,,23560.65,66935.13,,,,157592.8,,,,,,42272.17,,11442.18,,76651.44,1416255.0,53554.69,,,11026.09,7829.653,93657.85,1888.946,133132.3,,55957.98,77033.15,,38712.7,,,,61937.86,11234.62,4373.077,3637.075,10043.59,,,,40944.88,,,21118.44,2303.102,38392.55,287105.2,2301.442,1768920.0,
1997Q4,1393668.0,,20286.28,,82998.82,,22548.53,68456.59,,,,157873.6,,,,,,43474.51,,11515.95,,79964.81,1425556.0,54884.34,,,11332.91,7565.246,96184.36,1948.069,126902.7,,57181.61,77160.49,,39928.43,,,,61800.02,11162.68,4122.929,3542.423,11071.61,,,,39462.17,,,18578.49,2627.598,39710.57,293093.8,2503.633,1778537.0,
1998Q1,1417610.0,,20803.79,,84774.91,,23051.31,68982.21,,,11807.72,167688.9,,,,,,45453.62,1572.792,12423.64,,81795.97,1450046.0,52445.8,,23650.54,12439.61,7638.114,100032.3,2055.34,127612.0,,44947.22,80721.69,,42319.67,,,,66244.68,12647.18,4258.15,3695.404,9880.417,,,,37388.4,,,16248.44,3082.006,39293.98,301756.3,2488.824,1800717.0,
1998Q2,1429184.0,,21280.37,,86299.77,,22443.27,69166.13,,,12103.74,171650.7,,,,,,47238.13,1659.291,12540.26,,83887.6,1461884.0,51971.33,,18573.92,12711.98,7924.602,102082.0,1786.458,121058.8,,42894.45,79996.55,,42262.23,,,,68359.04,12560.49,4169.8,3740.443,9361.299,,,,33822.18,,,15162.59,3405.303,39054.87,309641.8,2555.517,1804772.0,
1998Q3,1434915.0,,21581.27,,87147.73,,22891.04,67888.5,,,12221.2,172813.3,,,,,,48876.52,1641.804,12806.94,,84202.93,1467747.0,47845.57,,20032.23,12791.22,8242.371,101218.3,1808.763,124039.7,,40296.09,80260.05,,42305.54,,,,68663.49,12544.34,4190.659,3474.814,9098.554,,,,33744.51,,,16132.86,3607.968,38457.73,315371.6,2534.437,1814754.0,
1998Q4,1441608.0,,21068.86,,85286.2,,21775.9,70966.07,,,11698.12,172783.0,,,,,,48174.93,1401.707,12268.07,,84403.21,1474592.0,47465.91,,16016.11,13101.24,8940.139,100598.7,1852.748,118488.0,,43536.2,80327.91,,43634.89,,,,68469.5,12879.9,4526.978,3318.669,7137.894,,,,32380.71,,,16643.82,3519.441,41431.23,325651.4,2682.236,1815605.0,
1999Q1,1481948.0,,21176.67,,87235.36,,18685.09,72060.45,,,11673.69,175089.2,,,,,,50132.88,1343.944,12530.32,110284.2,86217.13,1515856.0,46477.4,,13974.05,12540.17,9552.759,102072.3,1594.46,127502.6,,49906.11,77937.72,,45110.41,,,,70711.97,11924.74,4458.15,2888.889,8539.322,,,,34777.66,,,18082.55,3728.5,40391.3,332926.1,2666.23,1860261.0,
1999Q2,1532663.0,,21776.21,,87693.6,,19504.87,73388.72,,,12749.35,182465.9,,,,,,54689.9,1377.142,12729.55,116362.9,87055.47,1567731.0,48094.74,,13209.29,13495.79,10219.65,106284.7,1913.206,129207.5,,52554.13,81897.42,,47799.87,,,,72661.79,12331.59,4514.939,2767.609,9488.222,,,,37205.08,,,18677.59,5064.367,40602.26,342692.4,2894.928,1926456.0,
1999Q3,1566708.0,,23221.02,,87352.42,,18861.98,75436.19,,,12427.82,184200.4,,,,,,54033.89,1450.436,12749.69,118317.9,91534.74,1603793.0,50357.67,,12517.48,14483.56,10815.6,106626.0,1951.865,131765.6,,52659.79,83497.24,,49741.98,,,,74217.3,12689.87,4951.344,2837.209,9429.341,20104.59,,,38354.6,,,19186.73,5470.15,41890.99,354771.0,3227.396,1969742.0,
1999Q4,1599271.0,,24553.22,,87278.42,,20192.73,79283.9,,,12880.6,181014.2,,,,,,56623.82,1510.376,12707.82,121664.5,92520.12,1637276.0,52676.15,,12385.99,14757.52,11104.84,110934.0,1908.331,132875.9,,56352.34,87720.28,,51714.23,,,,75770.79,12767.26,5500.804,3147.498,8096.024,20664.76,,,38635.03,,,21857.1,6352.932,45045.44,362439.7,3640.157,2015026.0,
2000Q1,1658313.0,,24170.63,,89286.64,,20693.44,81076.18,,,13352.12,190764.0,,,,,,57053.41,1739.336,13095.04,128135.5,94459.74,1697719.0,56661.35,,13539.71,16195.09,10894.43,111763.9,1923.308,136684.1,4395.731,62514.57,93241.33,,55990.8,,,,78479.54,13581.76,4570.186,3094.089,10239.52,21425.88,,,39018.67,,,21223.41,8113.163,46341.83,377350.9,3664.12,2094416.0,
2000Q2,1706573.0,,24230.44,,89874.39,,21057.96,81603.43,,,14126.5,194697.9,,,,,,58985.79,1854.249,14633.76,129329.1,96571.6,1747164.0,57300.56,,15328.96,18038.13,11143.37,117105.1,2186.77,144431.6,5196.215,62827.83,94411.44,,56682.7,,,,82734.4,13721.26,4819.941,3038.827,9595.24,22086.86,,,41666.14,,,22390.92,9976.67,50361.56,387738.8,3771.29,2158010.0,
2000Q3,1739748.0,,24457.3,,90092.22,,22697.77,82336.67,,,14430.94,199705.6,,,,,,58705.15,1888.734,13916.86,131737.2,99663.12,1780177.0,59435.4,,19725.34,17624.51,11830.97,121565.1,2406.548,146831.0,4774.404,63295.28,99641.46,,59687.18,,,,83209.22,13823.97,4854.186,2869.39,10778.05,21606.77,,,43895.47,,,23631.74,10278.29,51725.65,396160.9,4225.143,2209498.0,
2000Q4,1754974.0,,23033.74,,88124.63,,22960.32,81950.01,,,14927.06,207643.8,,,,,,59219.02,2165.862,14708.37,133686.3,103277.0,1796189.0,60348.73,,22578.69,18860.18,11999.8,117426.3,2401.197,149204.5,4963.883,62846.68,100671.9,,60036.58,,,,87654.73,13439.5,4705.149,3139.081,11961.51,22209.18,,,44476.35,,,24982.26,10825.74,48810.93,394460.2,4601.82,2236407.0,
2001Q1,1767372.0,,22823.73,,91644.08,,24637.18,78728.55,,,16217.12,202702.5,,3480.32,,,,60581.61,2207.537,14322.5,135754.8,106674.4,1809146.0,60016.99,,21496.76,20042.97,11896.91,120002.1,2291.292,153037.3,4970.782,63884.05,101368.7,,58905.6,,,28845.52,87951.95,13705.47,4727.37,3189.456,11558.37,22621.93,,,42457.47,,,24382.32,10331.87,44481.95,396747.3,4304.485,2247954.0,
2001Q2,1719403.0,,22316.33,,92142.88,1915.859,23314.75,78123.04,,,15872.62,200607.0,,3752.504,,,,62835.13,2057.509,14129.5,131017.4,106826.3,1760075.0,57138.4,,21227.87,18089.26,11180.52,119905.9,2409.949,148892.2,5194.089,58289.68,96264.89,,56109.13,,6162.453,25940.21,86845.79,13608.01,4768.043,2941.438,11609.12,22037.89,,,38111.22,,,22589.57,13301.13,42418.73,377063.7,4388.921,2186944.0,
2001Q3,1691280.0,,23090.58,,91514.31,2373.204,21554.28,75856.24,,,15980.89,197888.8,,4012.01,,,,60323.26,1830.231,13917.28,130525.1,104587.5,1732044.0,57483.49,,14852.86,19064.86,10915.89,118162.3,2233.683,142665.5,4706.004,60289.78,91745.0,,53848.04,,6245.693,23651.89,84865.0,13289.39,4879.968,3095.737,11007.74,22401.0,,,36590.33,,,23095.96,16665.31,39375.9,368951.1,4502.908,2145129.0,
2001Q4,1678773.0,,23123.33,,93806.01,2205.691,20241.77,73505.28,,,16536.9,195036.3,,4257.171,,,,60966.97,1868.075,14194.95,126307.2,104812.6,1719393.0,54895.81,,14223.47,18963.31,10516.46,116843.6,2409.892,140327.6,4654.258,61752.49,91315.5,,54842.98,,6667.063,25130.32,81942.22,13375.58,4928.051,3045.815,10272.19,22385.97,,,36535.99,,,21750.0,18058.48,41903.16,370359.0,4769.934,2131346.0,
2002Q1,1697515.0,,24188.06,,95423.94,1790.707,20204.22,74427.78,,,16439.44,185724.9,,4579.724,,,,60892.78,1955.567,13885.07,131530.3,108459.6,1739920.0,56689.92,,15581.56,20385.68,11825.07,115665.2,2232.502,143482.4,4975.06,63685.78,91206.91,,54818.23,,6812.225,26995.21,81816.64,12621.94,4971.327,3015.199,12325.99,23908.24,,,38120.74,,,21840.73,19018.87,41536.49,376498.5,4711.956,2161464.0,
2002Q2,1763186.0,,24667.83,,96971.62,2519.096,19867.91,77860.94,,,16607.65,196051.2,,4774.088,,,,61115.2,2112.278,14786.21,133512.6,113677.2,1806367.0,60337.81,,15767.31,20953.12,13180.61,117235.3,2225.915,145968.3,4827.296,66962.84,94167.73,,57541.63,,7000.002,28796.53,85657.36,14744.78,5043.025,3161.421,13402.43,24007.75,,,40682.73,,,23682.78,20733.3,44946.28,393956.9,5352.783,2247770.0,
2002Q3,1787284.0,,27211.64,,97622.5,3373.666,20645.98,79496.68,,,17024.77,196865.2,,4924.057,,,,64478.86,2178.369,14694.44,134798.4,110822.7,1830358.0,63444.22,,17039.26,19839.41,12011.45,119014.5,2603.407,151005.9,4887.57,69197.86,94055.84,,56537.35,,7527.464,29116.08,84889.73,13415.53,5455.143,3291.898,13578.25,23669.94,,,39923.08,,,24940.96,25228.29,47453.39,401957.8,5785.875,2285325.0,
2002Q4,1796270.0,,27827.94,,98198.2,3733.707,18445.94,79427.34,,,17345.27,198168.8,,5026.678,,,,67631.29,2181.662,14448.09,131196.5,110321.9,1840208.0,64547.37,,18812.93,18555.06,12984.92,121699.4,2474.943,150711.6,4565.19,71117.24,90577.56,,55751.27,,7501.62,28098.04,84330.86,13499.37,5564.391,3301.97,13401.57,24406.95,,,39466.06,,,24977.02,25974.58,45297.79,404799.8,6636.752,2295418.0,
2003Q1,1800891.0,,27677.95,,92975.9,4188.826,18885.38,80067.72,5614.092,,17625.87,202355.9,,4899.7,,,,64734.74,2297.791,14904.46,132008.0,111235.7,1845332.0,66920.98,,17133.63,17778.6,11899.8,117418.2,2484.24,154354.9,4896.599,73073.63,89734.89,,54856.76,,7383.94,27294.92,85796.18,14063.14,5408.355,3419.026,13534.59,25244.23,,,43306.15,,,25065.26,27630.61,45283.41,402579.9,6807.465,2301016.0,
2003Q2,1818588.0,,28416.66,,95964.62,1008.283,18212.33,80073.67,5798.209,,17756.63,205338.5,,4999.013,,101202.5,,68312.21,2343.538,15081.79,129243.2,110232.4,1862884.0,66366.54,14308.89,15469.64,17768.37,11326.78,118154.5,2312.123,156687.2,4582.358,72599.95,88625.61,,54585.05,,7311.136,26844.05,85010.03,13641.83,5745.037,3156.426,13273.43,24825.6,,,43165.26,,,25420.48,25877.4,45701.2,412339.0,7171.806,2311138.0,
2003Q3,1833121.0,,29720.05,,96619.19,659.3165,18718.58,79004.18,5715.269,,18648.3,202501.5,,5133.128,,105178.1,,70255.37,2501.545,14893.9,129701.9,110678.7,1879681.0,68204.5,15193.01,15384.04,18471.53,11812.43,117512.1,2435.009,157420.4,4520.868,74237.8,90401.63,,55638.62,,7568.136,27830.03,86101.42,13816.67,6035.33,3317.805,13173.93,26229.58,,,44665.63,,,27227.17,26773.28,48771.52,416795.3,7014.51,2335536.0,
2003Q4,1892789.0,,29528.46,,96042.7,500.8016,20533.21,82627.04,6103.338,,19437.71,209034.5,,5298.412,,110056.8,,70804.89,2541.86,15141.84,132515.7,115524.0,1941566.0,73335.94,15505.8,16386.48,19766.45,11786.41,125849.9,2548.365,158644.7,5101.024,78262.7,94046.18,,56777.54,,7846.777,30814.3,89632.68,13920.43,6229.61,3338.086,13941.18,27741.71,,,47818.23,,,30596.64,27930.29,52903.1,428751.4,7378.741,2419900.0,
2004Q1,1928841.0,6641.555,31097.64,,97520.55,301.0132,21041.27,83016.17,6397.174,,19508.81,210500.9,,5652.704,,112910.9,,71654.9,2549.429,15217.97,132380.0,115403.4,1979550.0,77647.88,16223.25,19625.06,17293.75,12710.51,122974.4,2887.905,164353.9,5254.994,81114.84,96337.68,,58954.1,,8540.609,32083.87,90205.89,14672.91,6487.438,3303.592,14009.53,28639.79,,,51736.01,,,30545.88,28351.68,55090.11,443952.4,7439.879,2470954.0,
2004Q2,1985206.0,6913.267,32382.62,,97677.15,287.6269,21793.13,85325.7,6579.339,,22978.45,215280.5,,5802.13,,125049.9,,75258.95,2863.929,15872.75,139412.2,117755.9,2040328.0,78928.84,17456.53,20811.52,17539.08,12759.08,127224.1,2765.217,164424.7,5336.084,82721.83,98543.51,,59677.15,,8567.347,33639.91,93329.09,14812.84,6797.121,3580.621,13917.37,31554.6,,,54221.25,,,31814.17,32604.48,56442.5,458845.7,7751.043,2550672.0,
2004Q3,2006643.0,7136.04,34378.51,,95939.76,213.6326,22555.55,88766.76,7171.687,,22501.4,220816.8,,5922.239,,124086.6,,76593.91,2821.474,16193.05,139883.4,120996.3,2061531.0,77839.26,17119.71,22638.84,17886.05,13009.74,127252.4,3032.539,167188.5,5455.38,80160.7,100701.0,,60225.57,,8954.778,34345.38,95482.81,15756.09,6813.312,3612.141,13580.53,31097.76,,,56078.7,,,32668.9,32680.83,56337.04,460747.4,8863.322,2581402.0,
2004Q4,2037741.0,7405.594,34178.33,,96844.13,217.1055,23383.3,89863.6,7624.091,,22608.66,225250.9,,6020.618,,122754.7,,77500.24,2923.226,16805.3,141026.8,123130.8,2093020.0,78277.86,17314.23,23980.79,18399.82,12987.56,126140.9,3275.36,170543.6,5259.726,82922.02,105175.7,,63056.05,,9295.978,34016.95,98493.08,15943.14,6882.382,3706.701,13955.92,30866.12,,,55171.39,,,33862.5,31980.96,59305.9,471232.1,9162.884,2623695.0,
2005Q1,2019569.0,7899.314,34837.15,,96970.19,246.4162,22814.01,92159.93,8035.184,221864.5,21561.56,214333.4,,6144.649,,121310.2,,77193.13,2972.137,16764.16,141352.7,121882.9,2075216.0,80190.56,16876.86,25201.49,18898.46,12908.26,123512.4,3361.032,165397.9,5490.939,78510.27,104575.1,,62115.07,,9505.682,33779.84,94097.93,15344.28,6900.31,3711.526,13365.88,31226.51,,,56365.45,,,37362.19,30789.62,56617.83,477431.0,8432.826,2608893.0,
2005Q2,2095489.0,8555.134,35978.27,,97998.77,299.2631,23345.84,91736.05,8350.194,237872.7,22757.46,232483.2,,6202.675,363631.3,130144.7,625400.7,81346.02,3160.843,17627.22,147218.9,127825.4,2154590.0,83839.72,17926.66,26947.48,20381.58,13002.54,129880.8,3595.473,170974.5,6249.798,81205.82,108702.3,,64489.57,566130.0,9798.148,35321.39,98849.9,16777.74,7256.396,3961.529,14819.93,33288.24,,,56835.97,,,39726.73,33029.67,57836.72,485735.8,8943.099,2721599.0,
2005Q3,2111082.0,8184.31,36688.54,,97548.7,282.9404,23758.11,93762.5,8732.021,246299.6,23884.24,232350.8,,6237.723,369255.1,131287.1,632554.4,80896.42,3462.256,17540.26,145712.9,130816.3,2170816.0,85101.42,18623.91,26658.48,22182.37,14195.89,127608.8,3459.192,173049.6,6019.155,83817.09,108936.2,,64250.96,572662.2,9696.915,35680.99,103098.6,17410.51,7325.199,4010.789,14804.1,32839.27,,,59090.91,,,36886.39,33825.34,57923.57,482382.2,8925.537,2744252.0,
2005Q4,2146998.0,8638.896,36497.46,,96090.39,218.0206,23703.59,95668.06,9183.001,259025.3,23992.79,241234.7,,6253.127,381338.0,137164.9,656061.2,80939.58,3581.199,18202.81,148698.5,134365.6,2210083.0,85636.66,18781.97,24352.72,20921.41,12945.23,125845.3,3460.9,171386.4,6044.553,86945.23,114270.1,,68742.12,592792.0,9714.027,35810.12,104163.6,17628.96,7188.943,4002.462,15199.55,35511.14,,,62078.29,,,37600.96,35135.5,58198.75,498585.8,9349.318,2803182.0,
2006Q1,2225858.0,8917.238,37830.13,,96726.5,226.2287,25874.95,95135.18,9445.131,269813.1,25358.95,251853.9,,6084.662,391747.7,139871.4,675974.8,85629.79,3993.381,18814.97,153191.8,152742.3,2291663.0,91073.99,19714.55,20865.89,21931.24,14071.78,130352.4,3705.72,176669.1,5859.229,89431.33,119694.8,,71001.59,609753.5,9790.382,38594.85,106969.0,18221.93,7184.937,4455.938,14452.87,37036.74,42260.73,,63018.82,,,38336.67,34773.91,61061.44,508523.5,9684.3,2902557.0,
2006Q2,2247965.0,9162.465,39502.69,,97127.23,238.595,26125.64,98623.27,9426.025,270980.9,25554.14,254471.4,,6139.395,395410.9,151931.9,693553.4,84401.99,4152.667,19209.51,154925.7,157465.2,2314254.0,88245.22,19888.24,22316.33,21286.69,13262.07,130836.5,3401.354,178778.4,6276.296,89626.19,121412.6,,72302.75,626867.9,9540.749,38403.44,110801.6,17947.2,7081.809,4395.734,14767.23,37376.32,47462.47,,64031.14,,,38896.58,40689.99,58887.33,512734.7,10046.5,2942361.0,
2006Q3,2242737.0,9647.443,38697.14,,98755.87,263.0754,27747.79,97987.33,9775.052,274539.0,26457.52,257150.4,,6249.197,399439.6,155595.5,703354.5,86403.76,4198.149,19623.2,152117.6,136079.3,2312376.0,91888.11,20920.77,22198.03,21940.28,12426.84,131781.9,3438.674,175905.4,6715.297,92090.67,123158.8,,71664.29,633381.3,9687.871,38302.82,111168.8,18219.47,7200.783,4324.199,14099.95,39225.41,48652.36,,66801.04,,,39181.89,39818.55,60014.2,518125.3,11117.87,2947050.0,
2006Q4,2265697.0,9823.553,40438.18,,98817.23,354.4151,28707.6,97925.06,10126.04,277192.7,28378.79,267428.6,,6409.84,400093.9,165199.6,716302.5,89130.9,4154.714,19564.71,154424.5,135261.2,2339296.0,95075.78,22021.59,21598.01,21604.51,13161.25,133822.0,3420.139,176095.4,7599.557,90669.1,125421.4,,71817.36,642409.2,9829.979,37051.72,113424.6,19399.39,7326.966,4946.873,14337.53,41628.73,53224.58,,66634.22,,,38417.87,40370.73,59475.82,514445.7,11496.04,2983027.0,
2007Q1,2317211.0,10652.31,42773.91,,100477.0,572.2845,31617.09,98726.88,10607.4,291722.0,29863.54,272481.8,25083.23,6632.522,418427.9,171405.1,747630.5,90943.58,4370.376,20599.08,157583.5,140070.1,2392705.0,96575.15,22605.44,22002.07,22891.05,12995.82,137875.9,3398.804,177316.7,8380.588,96543.09,131319.4,,73162.64,671869.0,10031.33,39320.38,114831.8,20012.19,7506.863,5279.972,14458.35,42459.76,56753.69,,67821.18,,,38677.66,40633.28,58844.23,524304.2,12247.45,3066175.0,
2007Q2,2324030.0,10811.74,42639.18,,98992.46,489.9141,32288.94,100880.7,11070.41,288510.4,29661.53,268574.0,25089.6,6870.461,415214.6,176380.6,752883.0,91201.35,4385.46,20425.63,161257.7,138594.0,2401297.0,97429.29,22675.2,22520.17,23468.07,15443.31,135686.4,3544.442,180955.6,8202.231,97598.56,134310.4,,74947.28,675352.6,10414.9,37755.08,116731.2,19365.02,7757.045,5192.067,13565.4,43665.06,61622.37,,68040.55,,,40443.91,39725.86,59356.66,524126.0,12419.7,3078256.0,
2007Q3,2326264.0,12050.72,43715.15,,98687.32,445.6865,33555.13,104380.3,11188.34,295151.3,30391.23,267258.9,24691.3,7141.235,423877.5,178377.8,767620.2,92537.8,4160.599,20332.12,161950.0,144720.0,2405653.0,98736.02,23455.43,23814.06,23660.9,16848.27,135419.9,3719.429,177888.4,8425.508,93769.45,137617.7,,75131.78,687999.0,10860.66,37249.72,117835.7,19941.8,7689.692,5691.756,13984.21,44841.47,62328.02,,68348.82,,,40070.97,38881.65,61220.57,517518.9,13607.32,3095256.0,
2007Q4,2337802.0,12445.38,44727.42,,98574.78,366.189,36282.77,105030.2,12354.07,304163.8,31467.0,266914.4,25067.02,7433.529,437689.8,181711.7,791183.5,95312.34,4150.763,20546.93,158899.9,142785.0,2420402.0,102594.6,23902.04,23720.86,23107.04,15966.81,133186.6,3917.289,178025.0,8129.109,100270.9,143026.3,,76299.48,708394.2,11350.82,38423.44,118071.6,21686.28,8073.969,5644.578,14092.99,46375.4,65402.26,,72942.26,,,42127.39,37536.66,59511.26,514343.0,15161.32,3130403.0,
2008Q1,2373473.0,14047.84,48535.11,41035.9,97164.11,391.3436,37591.19,104445.1,12836.42,296521.7,33618.71,273945.7,26012.3,7864.508,448615.7,193280.5,820591.9,96851.47,4083.284,21778.17,162406.0,142575.1,2460574.0,103972.4,25556.05,33567.77,22420.39,14885.73,133560.5,3684.976,180807.6,7527.775,102992.1,149094.4,,78126.11,733323.2,11549.48,39559.71,123348.7,21017.25,8182.416,6492.811,14130.39,48678.46,71318.7,,78775.68,,,47293.03,39808.17,62080.08,515910.6,17543.14,3195713.0,
2008Q2,2342679.0,13708.23,48439.53,41862.19,97402.78,535.1323,40844.84,105911.9,13675.98,288284.6,32734.06,268991.9,26373.84,8106.494,434503.9,197857.6,816077.1,93176.38,3908.943,21721.7,161651.9,144745.6,2431312.0,101226.0,25495.42,33357.58,21316.48,13610.23,131667.1,3625.403,178336.6,7751.297,98465.18,154031.2,,78853.57,727242.9,11731.9,38869.72,123038.9,21118.78,8560.73,6948.581,13048.86,49416.28,75458.0,,77925.79,,,44139.29,39201.45,57126.23,505539.4,16803.87,3160313.0,
2008Q3,2316334.0,13128.7,49188.55,40242.59,97006.64,489.469,40795.7,102323.4,14015.05,278481.1,30871.94,269137.6,25533.78,8349.206,426154.1,195081.4,804169.2,89112.76,3850.685,20802.07,160576.4,141285.0,2403821.0,100072.4,24119.33,32618.64,20114.46,14090.38,125018.6,3802.584,174616.0,7600.701,104667.5,153091.3,,78161.14,716479.7,12151.79,39452.35,124029.3,20975.14,8002.73,6990.66,13675.61,49308.52,76742.3,,77922.65,,,47346.45,36821.11,60336.85,502109.2,14579.99,3122074.0,
2008Q4,2228730.0,11632.71,45849.02,39241.36,100200.3,681.7432,37886.72,93863.32,11879.97,252644.9,29322.0,265506.0,24614.1,8597.274,388665.5,176953.9,730583.2,78808.33,3549.315,18719.93,156383.2,132143.8,2307344.0,95150.33,21679.79,33910.51,19397.97,13851.66,118651.3,3919.247,178320.7,7214.921,100800.8,136375.5,,68236.48,651774.0,12516.52,33908.51,117179.1,20899.09,7627.0,6739.6,12753.66,45046.22,64357.12,,72540.33,,,42847.41,37974.07,49355.17,481885.7,12600.52,2961309.0,
2009Q1,2009248.0,9542.167,42929.59,34933.29,101545.0,465.5522,30234.46,81536.25,10129.0,231809.5,26418.39,251022.0,21926.27,9053.445,342090.4,151885.3,632347.9,73228.42,2824.482,16439.65,143919.6,125842.0,2077874.0,79432.42,19093.12,26735.32,19526.98,12954.24,108722.0,3105.375,150693.7,7364.629,89371.83,112302.6,,56651.44,563531.1,12158.82,28994.34,108590.7,17972.89,6972.09,5745.575,10838.52,39404.13,47197.09,,62636.56,,12979.59,30731.33,38360.77,37977.84,416829.8,12981.37,2643440.0,
2009Q2,1965789.0,9468.598,40079.3,35015.44,101354.4,706.2204,30410.67,80593.58,9862.717,278677.2,26237.33,233811.7,20776.22,9295.979,396692.4,149408.6,684179.1,70632.27,2623.404,15241.64,144216.6,126188.4,2034242.0,86622.58,19423.37,26549.15,17823.32,12748.79,107108.8,3489.679,153906.2,7493.734,88317.26,110241.4,,55189.71,615664.2,12785.66,30671.23,105538.0,17231.95,6906.428,5309.751,11563.81,39167.31,43296.3,,62135.85,,13165.99,33334.53,39321.62,45513.1,397512.9,15896.58,2650715.0,
2009Q3,2053318.0,9890.875,42151.62,35484.64,99761.68,1225.654,32841.51,87330.31,10407.79,298168.7,27735.63,243968.8,20757.82,9509.863,426952.2,155194.8,730940.8,77552.19,2690.11,15815.69,144689.3,131227.6,2126165.0,91121.22,20364.38,28893.47,16917.59,13429.07,110547.0,3828.891,157446.3,6803.998,93934.3,119375.4,,60835.16,658035.1,13338.75,33414.84,111599.4,18053.11,6774.094,5400.038,11521.38,42074.97,44131.37,,67643.61,,14148.46,36684.06,40594.44,53019.42,422538.4,18269.81,2784777.0,
2009Q4,2103835.0,11043.89,45842.23,36484.38,96442.95,1999.08,37200.1,90884.03,11668.51,312724.8,28050.29,242827.2,20957.58,9668.474,454083.1,166176.0,783245.4,78310.94,2725.563,16028.77,149563.2,133626.1,2180230.0,98153.42,21382.4,30056.03,17024.11,13618.16,113611.7,3874.915,157357.9,7138.016,96331.68,132212.6,,66263.69,706829.7,13543.39,36649.21,112224.1,18729.61,7062.886,6036.41,12041.27,43343.59,50895.26,,71010.23,,14962.99,41775.01,41417.67,56771.89,442005.3,20836.83,2887058.0,
2010Q1,2179185.0,12556.46,46899.23,36323.03,99613.62,4034.49,41611.13,94733.19,12731.57,326854.8,30093.23,259591.0,20757.36,9841.513,474974.8,171542.7,823377.2,79654.84,2936.034,16507.91,148970.8,135918.7,2256890.0,101833.6,21365.86,32580.05,15770.58,14039.13,118780.8,3676.55,164157.5,6440.934,102202.4,144291.8,,70638.09,745672.9,13518.06,38152.15,117866.8,18833.3,7209.802,6754.545,13012.07,43606.92,53235.36,,75753.56,,15431.8,44612.67,42859.16,58824.07,455307.2,19763.08,3002562.0,19049.85
2010Q2,2280765.0,13830.63,47751.07,39165.12,99868.25,758.3754,43372.77,97916.77,13298.14,339186.0,31782.9,272779.3,22207.94,9839.752,489362.3,182689.4,856224.5,82581.2,3023.313,17611.19,157596.1,140893.1,2363696.0,105598.0,22582.16,32854.91,16620.09,14765.86,121574.1,3287.328,176036.4,7000.617,105226.2,150962.2,,73721.93,773293.7,13127.08,39495.84,124115.9,19775.73,7443.936,6738.727,13869.9,47050.49,58895.02,,77008.3,20083.56,15857.97,43865.44,46402.72,61492.07,483566.3,20090.2,3136990.0,20083.56
2010Q3,2309355.0,14312.66,46694.0,40087.75,99687.48,557.9598,46955.17,100729.8,14310.56,341215.3,32952.25,274294.2,21577.85,9775.715,493554.3,190081.0,874297.5,81104.63,3192.299,18528.44,158817.3,146245.7,2394651.0,105760.7,23896.93,33524.13,16216.55,14532.1,124205.3,3071.146,174256.9,7496.12,104811.0,156594.9,,73531.57,789001.4,12846.86,38847.4,123044.9,19826.76,7457.0,7484.946,13742.15,47088.63,63357.39,,79815.0,21220.44,16726.76,45543.07,47683.93,64856.28,498790.3,20682.27,3183653.0,21220.44
2010Q4,2314467.0,15210.08,47938.41,40496.65,97839.16,463.8287,46814.16,100657.3,14789.76,355823.4,33755.58,279511.6,21604.22,9636.116,516226.1,198509.8,909584.2,82871.82,3467.371,18491.36,157799.5,148669.0,2401454.0,104261.5,24248.04,36332.92,16867.46,15202.67,127081.3,2773.888,170366.9,7758.064,106758.6,161014.8,,76614.91,822596.7,12410.0,39657.21,124811.2,20057.45,7962.439,7585.888,14494.47,47949.66,66453.72,,78581.74,21423.49,17579.88,47014.06,51636.5,64902.91,491833.6,22904.03,3224051.0,21423.49
2011Q1,2373536.0,16079.59,48713.8,43476.97,97552.48,357.9251,46664.31,103328.8,16085.87,364259.1,34860.32,289134.3,21872.04,8978.201,531003.6,209265.5,940211.0,85233.34,3926.803,19705.36,165301.7,144689.2,2463208.0,112496.9,24718.18,37042.23,17449.94,15338.41,126320.4,3097.721,175481.4,6948.342,109531.4,165880.7,,79172.89,850539.1,12075.92,40914.98,126954.4,22506.44,8155.589,7878.029,15008.58,48867.93,70808.64,,81319.86,21985.35,17734.05,50555.7,57564.51,62553.54,502451.7,23222.99,3313747.0,21985.35
2011Q2,2370450.0,16964.27,49443.36,43465.84,97690.78,420.2928,49181.44,104219.1,16174.05,348615.2,35274.93,291122.9,22834.56,8937.642,513448.8,215268.6,933981.9,82061.71,3994.744,19290.6,164982.3,149372.1,2461712.0,108160.2,24291.13,37849.21,18964.83,14862.05,124421.1,3212.244,181112.6,7881.084,110816.5,170481.7,,79782.51,842719.4,12149.89,39562.98,123728.2,19382.73,8087.184,8379.433,14263.52,50797.31,75746.8,,80092.57,22632.86,17855.91,50056.18,56132.03,61563.51,499212.9,23101.71,3304432.0,22632.86
2011Q3,2372570.0,17652.89,52397.23,44228.19,96258.1,417.825,48789.73,104472.9,16882.96,353400.1,34186.83,291581.6,22730.17,9030.791,523239.2,214471.0,945739.4,82115.12,3913.496,18769.41,160974.9,148613.5,2464121.0,106447.1,24758.51,39392.11,18108.48,15062.48,122320.7,2957.443,178878.8,7433.341,112808.0,172066.6,,80769.43,854188.8,11988.23,39463.63,127251.3,19903.75,8049.79,7971.579,13399.64,49909.12,70965.66,,82689.3,23974.41,17067.62,53423.26,60986.5,60679.55,503741.7,24160.52,3318310.0,23974.41
2011Q4,2344616.0,17243.09,52052.18,43185.56,95940.06,459.029,49468.48,105841.6,16326.87,362841.1,33567.71,286223.6,22480.21,9230.145,529872.2,219155.0,958758.5,80545.15,3802.773,19043.58,158157.2,148680.6,2434117.0,106033.0,24672.91,40727.56,17780.27,15507.86,113137.6,3203.022,178889.3,8689.235,110688.2,171533.1,,80220.48,869257.6,12433.17,40845.84,121951.0,20518.9,8152.093,8274.146,13485.11,48501.09,73016.52,,81829.73,25765.1,17443.96,47932.36,63816.2,58812.4,503164.0,24040.16,3303375.0,25765.1
2012Q1,2406006.0,16043.92,54250.62,44010.77,98062.81,968.5158,47649.72,106638.0,16549.25,364820.6,35100.26,287565.6,21506.5,9970.787,540940.4,228524.4,980690.0,78818.03,4140.251,19429.55,161584.5,150109.3,2496259.0,108924.8,25106.36,41546.83,20310.29,16887.65,114606.3,3360.536,187054.1,10219.55,113286.4,173712.6,,84771.47,890437.2,13331.32,42451.05,130771.1,20519.98,8546.718,8698.244,14288.27,48597.24,79691.94,,86403.64,24181.28,18843.65,52844.15,63940.8,57425.9,518635.5,24989.49,3386696.0,24181.28
2012Q2,2396328.0,14895.19,52653.59,43275.76,98612.87,1327.307,48701.75,107145.7,16861.11,366142.6,34329.77,282422.1,22502.21,10304.54,546323.6,226984.3,984215.6,76184.51,4062.455,18442.4,161332.4,152741.7,2486531.0,106982.6,24475.24,44088.18,19684.95,16890.05,111607.5,3074.687,192572.2,9764.296,113734.9,172799.5,,83496.21,894012.8,13379.23,42317.24,129145.9,20261.91,8260.174,8845.237,14934.56,48866.48,77943.31,,84625.78,24729.0,18904.22,53610.1,64607.63,60184.35,519952.2,25230.99,3380544.0,24729.0
2012Q3,2374561.0,15996.54,52584.0,43065.19,97277.68,6200.828,45238.6,108185.5,17566.32,368332.9,33279.32,281251.6,22035.23,10648.09,544187.4,233405.6,985705.4,77035.49,4276.947,17912.77,159229.6,152113.6,2465255.0,109006.6,24720.61,40088.8,19779.75,16844.0,109877.1,3429.013,185609.7,10799.28,111428.9,169326.1,,81292.72,895011.5,14077.11,42380.99,129628.3,20498.27,8203.133,9231.879,13836.03,48406.98,77684.33,,81051.68,24709.22,19317.32,53618.96,65593.58,60831.74,515069.4,25929.72,3360266.0,24709.22
2012Q4,2357978.0,16635.17,53700.87,42415.64,97810.73,2637.693,49765.38,107436.8,18233.2,374674.4,33387.07,278878.9,22501.29,10959.97,555368.0,229550.8,1004298.0,74352.96,4199.356,17804.76,157947.7,149672.8,2448618.0,111275.3,24272.36,42725.87,18827.23,16174.69,105628.8,3731.847,178802.6,10916.08,112556.2,179057.1,,85342.02,913658.4,14691.82,40835.46,128702.5,20632.05,8217.454,9081.362,14263.35,48133.79,79601.08,,85013.81,25630.07,18762.77,56213.73,63989.76,60605.82,513276.1,26655.12,3362276.0,25630.07
2013Q1,2367483.0,16536.44,51544.2,42163.81,96916.32,2185.508,50513.96,108620.2,17614.64,394624.9,33171.81,282473.7,22761.2,11250.03,581184.1,236932.0,1038085.0,75932.18,4227.933,18560.81,156143.4,148061.2,2459514.0,110979.9,25225.98,41854.4,20257.18,15012.48,107647.4,3672.259,182199.9,11734.87,116661.2,179973.6,,85866.29,946053.3,14922.28,44162.88,131565.0,20371.43,8509.423,9442.314,13321.08,49190.63,82069.0,,83485.73,25072.58,19146.76,58607.79,66526.01,63231.86,511069.3,28612.98,3405567.0,25072.58
2013Q2,2415580.0,16976.91,51296.41,43283.45,98555.4,2117.574,52534.49,109878.3,18194.1,393919.7,34069.17,289019.0,22842.6,11518.77,581867.4,241337.1,1050173.0,80461.48,4268.397,17911.49,161174.2,157471.8,2507424.0,111108.3,25850.97,42730.77,20062.8,16087.48,105190.6,4065.149,188377.2,12477.58,117172.6,184831.3,,87762.22,958328.7,15583.92,44030.25,131023.1,20626.35,8787.754,9363.577,14454.79,47799.07,79956.05,,87886.17,26553.1,19539.23,56222.27,73135.9,62678.85,519486.2,30509.65,3465752.0,26553.1
2013Q3,2421039.0,16225.85,52165.74,44314.71,97109.66,2033.416,51059.3,109692.4,17465.66,395600.1,35063.38,287251.5,24052.4,11800.37,582276.6,242785.1,1047122.0,79579.51,4145.116,18899.18,160786.6,156935.6,2515174.0,111536.0,26082.86,41954.83,20346.73,15644.4,107669.7,3611.729,184554.7,11560.85,116569.5,180238.9,,86066.6,952987.1,15412.1,45347.8,130579.8,20970.25,9176.407,9421.528,15805.59,50586.32,76437.16,,89828.98,26409.2,20128.82,52862.87,76084.54,61980.27,524038.0,30705.41,3468161.0,26409.2
2013Q4,2436175.0,16372.87,52482.87,44029.7,97544.62,1917.557,51819.76,109493.4,16924.55,393148.3,36708.1,288284.5,23647.23,12052.38,580094.3,244036.1,1044496.0,79954.78,4083.36,18434.96,160264.8,161835.6,2531320.0,113442.5,26367.37,42374.69,20223.82,15602.84,106021.7,3316.649,190854.7,11189.79,118183.1,179370.9,,85258.64,949351.2,15369.03,45072.71,130370.6,20800.22,9271.874,8995.062,14807.4,51853.34,74593.96,,87321.05,25626.11,20738.52,52264.39,78114.12,64037.8,526579.8,32426.81,3480671.0,25626.11
2014Q1,2466141.0,16195.23,53040.99,44301.59,97912.57,1679.067,50952.23,108458.5,16662.87,413777.3,37753.84,299582.6,23410.19,12350.04,599618.6,251367.4,1073337.0,85055.92,4135.054,18507.54,161547.1,156396.1,2563249.0,111389.2,27186.16,42197.22,20697.44,15233.9,107462.1,3322.727,198451.3,10210.79,122469.2,180868.7,,87714.49,976228.4,15672.77,45892.94,131816.7,20794.61,9546.314,9343.88,15803.45,53259.58,76736.1,,89466.87,25809.53,20655.4,49143.07,82295.68,65324.73,528055.8,32804.64,3539478.0,25809.53
2014Q2,2474172.0,14931.27,52271.73,44048.71,98319.35,1596.124,50095.01,112384.8,16309.14,401421.0,38488.05,296506.4,24422.38,12564.68,587938.4,250923.0,1060460.0,83294.53,4194.246,19024.32,165685.3,157425.9,2573780.0,114380.1,28164.53,41211.63,21024.72,15123.95,108341.8,3783.363,187748.1,10686.08,120235.8,179975.3,,89430.75,960851.3,16348.04,46823.76,131175.2,19886.12,9789.388,9209.108,15089.08,55134.74,76483.35,,87528.6,25275.01,20715.93,49664.35,78858.19,65329.02,542156.3,33728.51,3534631.0,25275.01
2014Q3,2502888.0,14216.42,52496.28,43517.42,98247.64,1541.157,50971.04,112861.1,15743.25,405269.4,38841.83,298304.6,24042.53,12791.48,595937.9,250191.6,1068261.0,86935.57,4233.053,18440.88,170309.0,162778.3,2603094.0,115451.0,28537.41,40026.41,22030.83,15877.31,108450.2,3448.671,182276.4,10877.05,124879.4,180165.6,,90201.8,968055.6,16240.15,46187.05,134641.4,22111.65,10113.68,9033.113,15913.77,55925.16,70978.6,,86829.8,25726.16,20995.33,52967.18,82332.26,67478.49,548223.2,35574.04,3571150.0,25726.16
2014Q4,2555841.0,13257.87,53224.85,43804.32,99130.85,1387.18,48979.94,113396.4,16447.1,407374.5,39616.36,303953.2,24165.69,12992.12,601199.8,251090.3,1076134.0,86215.34,4366.093,18629.75,170477.5,173357.2,2656733.0,114777.8,28706.92,40757.78,21831.65,16991.84,110038.8,3711.813,188459.3,10364.62,129868.3,179503.5,,91788.05,975242.2,16703.94,47244.81,134623.4,20756.19,10197.23,9030.562,16327.4,55737.77,64054.2,,89709.86,27636.36,21554.44,51559.54,90839.65,68412.24,566694.5,37935.84,3631975.0,27636.36
2015Q1,2593480.0,14428.39,54849.5,45721.5,101861.6,1134.973,48258.19,109995.2,16117.32,378212.2,41981.94,316178.6,24940.71,13430.06,575536.0,247019.5,1046111.0,88032.74,4199.474,18938.79,171715.6,170600.2,2694822.0,112148.3,29159.9,39536.93,22237.38,17190.12,114948.3,3450.337,196423.8,10077.04,129816.9,178648.3,,90590.8,944768.6,16880.4,46906.69,132554.8,21696.6,10244.47,9253.595,17372.42,56064.88,53695.43,,88804.77,28026.49,22594.46,51186.76,96887.25,67120.47,575804.1,42320.99,3639591.0,28026.49
2015Q2,2587216.0,15082.86,54703.75,44485.78,104033.4,1051.326,43823.54,110148.6,15333.93,394049.1,41695.76,315666.5,25215.42,13577.44,585770.1,254288.1,1059349.0,89370.72,4085.379,17573.62,175609.6,164652.8,2689611.0,110489.1,29615.6,38216.36,22354.3,17051.13,117158.4,3521.767,192596.1,9194.946,127635.8,175545.6,,92030.1,956954.0,17099.21,45341.43,133411.2,22683.58,10264.06,9275.164,16628.58,57445.21,52083.03,,87065.59,26645.63,22560.51,49365.72,104898.0,66332.14,576704.9,42168.94,3646565.0,26645.63
2015Q3,2623289.0,15526.83,54862.05,46898.44,103558.5,965.8773,39891.63,108547.7,16455.08,401899.4,42711.0,323532.0,25190.47,13655.82,599538.9,264148.7,1082473.0,93031.72,4173.775,18574.32,178754.0,165580.1,2728803.0,108605.1,30264.25,37302.22,23185.97,16339.31,116004.5,3636.062,193242.8,9835.05,133725.8,174651.5,,93766.62,976959.4,17291.88,47815.7,134264.2,20096.83,10483.95,9011.312,19096.99,58794.43,53521.82,,91996.96,26842.23,23514.13,49375.85,110767.2,67277.26,586415.7,44048.82,3705762.0,26842.23
2015Q4,2654190.0,15474.07,55893.86,47373.26,104109.2,1003.8,38554.81,107769.5,16489.36,418904.3,45060.28,330373.8,25615.18,13610.79,616717.7,272301.5,1103902.0,92899.92,4259.922,19572.74,184830.9,171635.8,2760756.0,108522.0,30554.43,36679.22,26129.65,17619.02,119234.5,3491.291,196517.5,12138.79,132468.4,170862.9,,91170.67,997336.5,17102.08,48359.69,136532.1,21648.39,10474.1,9173.957,19253.47,59522.04,52601.64,,89867.43,26918.23,24178.96,50215.22,116480.8,68301.54,581603.7,43305.8,3758092.0,26918.23
2016Q1,2653737.0,16078.4,54849.52,49228.38,102992.5,852.1932,36202.25,106995.0,16153.01,389078.4,45149.64,333419.4,25688.69,13354.7,587800.9,274659.9,1072727.0,91826.1,4427.06,19124.03,186420.9,170785.6,2760689.0,105924.1,30599.25,38101.91,26231.54,18744.26,120246.3,3729.169,200310.6,13576.68,128019.6,167021.7,,89618.73,965774.2,17083.87,45959.98,135774.4,20717.19,10338.56,8969.277,20971.29,60200.25,48110.93,,89888.95,26160.39,23964.27,49056.07,121320.6,64724.71,582670.4,44633.23,3726464.0,26160.39
2016Q2,2659247.0,15465.08,53235.6,49025.09,95311.44,824.2855,39370.48,108509.3,15987.11,406621.1,45752.3,335359.6,25701.69,13157.36,609267.7,280714.9,1101590.0,93619.03,4461.111,19893.89,188482.1,173992.1,2768864.0,110125.2,31487.14,37444.56,27215.79,18878.53,122862.6,3124.559,194507.9,11567.2,128836.3,169749.4,,90175.44,991972.8,16281.91,46849.41,138923.7,20563.45,10434.65,8751.295,22537.84,62143.28,51222.48,,89087.5,25576.41,25861.65,48261.3,123470.5,66729.68,578606.4,47553.43,3760837.0,25576.41
2016Q3,2669827.0,15002.34,53950.69,48982.78,93702.57,837.8755,37638.17,109962.0,16552.54,414153.9,43762.45,330388.7,26125.4,12933.26,618889.4,279560.8,1109420.0,92339.97,4349.024,19107.26,190275.6,179338.0,2780443.0,111370.3,31578.57,35633.76,27079.64,19279.19,119606.4,2913.734,193493.0,11726.76,132420.0,170141.3,,92028.65,998804.0,15847.0,47412.22,139129.6,24022.57,11035.46,8919.636,22115.23,62484.74,57180.73,,88602.94,24981.34,24915.65,50188.62,115752.1,68371.96,586587.6,49385.71,3779247.0,24981.34
2016Q4,2693798.0,15888.56,55227.41,49601.08,93666.62,891.7867,37684.06,107064.4,16505.9,436643.7,45007.86,338893.0,27020.28,12656.43,652762.9,304217.4,1168965.0,95631.58,4411.602,19692.45,191545.8,175020.1,2804971.0,114479.6,31883.24,38978.48,26223.51,17979.64,123407.5,3037.378,196057.3,12681.84,132529.9,170525.8,,91533.37,1057792.0,15693.81,49077.81,143033.1,21728.43,10961.81,8913.956,23143.7,62783.38,58082.48,,92252.39,25764.91,25640.38,51269.01,137894.6,72986.42,586722.6,53650.12,3862763.0,25764.91
2017Q1,2753074.0,16169.67,56566.4,51677.6,95727.49,819.2544,39676.13,110785.9,17032.2,451361.0,47041.11,343155.5,26034.08,12238.0,680432.9,324332.7,1221927.0,98934.43,4816.194,20282.98,198755.4,177009.7,2869934.0,116445.0,33979.13,41070.79,28856.42,17285.09,124314.6,3123.336,199872.2,12836.5,138499.1,176380.1,,94546.16,1105066.0,15361.34,54514.64,147375.5,22382.13,10884.1,8955.982,24535.84,65848.86,59503.52,,93451.86,25419.39,25849.09,51661.43,151345.5,71236.73,597072.4,57289.27,3975001.0,25419.39
2017Q2,2786336.0,17138.3,59616.36,51241.98,95066.93,757.633,40265.88,112647.3,17113.9,440927.8,48226.28,349763.0,26783.95,11975.88,667190.6,339228.8,1226853.0,96780.83,4564.739,20712.43,197853.4,180333.2,2905068.0,117297.2,33458.52,37686.88,31049.93,17224.81,123372.5,3902.745,201887.5,12629.12,141359.3,178041.2,,94319.91,1108121.0,15878.62,51351.19,149363.6,23355.88,11246.97,9203.227,24666.74,68159.64,63798.46,,93646.39,26513.42,25695.87,53576.2,160425.4,71038.2,607245.7,58981.83,4013189.0,26513.42
2017Q3,2796839.0,18204.85,68729.78,52149.72,94890.07,801.1603,41803.59,112774.2,16870.31,449687.5,48150.16,348412.3,27416.38,11754.79,685359.5,346298.7,1255257.0,98128.8,4493.169,20692.19,201505.2,182098.9,2916571.0,117620.0,34028.75,42378.16,27561.08,17539.89,122409.0,3423.762,198101.5,12305.19,146051.9,183049.8,,96716.32,1135525.0,15178.55,53683.59,150511.4,21875.75,11474.53,9454.768,25491.55,68832.75,64232.95,,96126.34,25370.56,26710.89,55364.77,166097.9,71101.5,601415.8,58753.95,4052096.0,25370.56
2017Q4,2829094.0,20110.1,59869.13,52580.66,94583.59,679.2412,42808.31,115318.2,17570.33,460192.8,50102.07,354586.9,27489.43,11554.72,704683.5,362471.9,1297297.0,99848.39,4592.116,20745.3,203604.5,176776.0,2951873.0,121690.5,34368.98,44727.89,28419.56,16981.89,124498.5,3640.367,206087.8,13210.39,137166.0,188514.0,,98509.37,1174519.0,15195.08,54326.42,153375.9,24956.15,12206.96,9515.849,28354.43,70839.52,64630.86,,97902.69,26432.88,26413.62,55700.6,178743.0,73120.78,619298.0,61381.37,4126391.0,26432.88
2018Q1,2863072.0,19141.69,61674.96,52553.8,95087.28,895.732,43321.45,116852.0,18129.68,490091.1,50164.62,352261.3,27941.48,11495.97,737450.8,362737.2,1332312.0,99064.64,4795.078,21023.69,206636.6,178193.5,2988433.0,124062.0,35261.06,46252.63,28645.44,17486.65,126848.9,3312.454,207549.6,14557.03,145186.0,190685.4,,100619.6,1206950.0,14808.42,54061.52,159311.0,22598.14,11900.91,9472.906,27322.25,71971.06,67151.46,,97190.19,26629.95,26874.34,56671.57,172900.8,73438.23,629169.3,63051.78,4195383.0,26629.95
2018Q2,2887937.0,17741.38,60569.83,53867.75,96475.66,992.3602,43609.51,118008.7,19082.3,480032.3,51575.17,363518.3,29735.65,11317.37,730371.0,381207.4,1346743.0,101637.4,4931.56,20869.86,207489.5,179086.9,3016269.0,126333.8,36381.53,45915.28,30527.47,18594.17,125504.2,3272.157,201691.5,13808.23,141922.2,193812.6,,103683.3,1218411.0,14589.52,55155.18,159287.6,23339.36,12368.77,9696.103,30958.16,72868.14,67077.25,,99662.98,26762.62,27956.07,56026.5,190079.9,72193.52,632982.6,62283.6,4234680.0,26762.62
2018Q3,2876415.0,16164.3,59030.09,53258.85,94275.16,1080.103,48321.9,115358.4,18322.58,498862.3,51477.7,361539.0,27133.98,11130.55,763884.1,400325.1,1403075.0,97671.88,4857.616,20481.38,205616.5,179977.1,3004270.0,127822.7,36190.79,52007.77,31561.3,17622.72,121953.5,3569.855,201114.2,14282.1,141515.6,195428.9,,103255.4,1275220.0,14700.4,55364.52,159939.8,21718.41,12395.59,9364.763,31933.94,73341.66,62950.76,,102288.0,28736.06,28001.1,59224.85,212479.7,75365.04,639804.3,66490.67,4279490.0,28736.06
2018Q4,2914747.0,14041.78,61294.62,54901.6,95152.12,714.0661,44465.61,112672.5,19038.44,456783.7,52738.58,358999.8,27660.33,10922.04,717512.1,378210.8,1326383.0,99340.47,5057.197,21206.21,205736.5,182486.2,3044055.0,121287.7,36427.23,50628.38,33120.61,18909.01,125962.6,3667.089,212378.4,14823.93,148218.1,188867.4,,102192.4,1197074.0,14589.13,55771.68,163442.2,23197.73,12165.82,9129.165,30797.66,73843.1,61328.9,,102533.4,27203.35,28640.99,56353.7,191073.6,74944.59,647643.9,67176.97,4241129.0,27203.35
2019Q1,2906328.0,14065.63,60077.75,54800.99,95015.37,3009.472,45505.93,115666.5,18408.97,470036.5,51474.52,364569.3,28043.43,10812.34,716816.5,389664.8,1334938.0,100318.5,4910.244,20458.09,212303.6,206486.4,3038047.0,116995.8,37746.66,42799.55,31296.33,19163.3,124211.3,3840.727,203171.4,15095.49,136789.5,187583.5,,100183.1,1203219.0,14653.06,52065.4,165131.1,24033.45,11982.35,9419.966,29082.21,75563.26,64727.19,,97897.94,26220.23,29252.74,55266.31,193522.7,73258.07,632278.1,67566.57,4241266.0,26220.23
2019Q2,2908326.0,13594.41,59388.67,54069.45,95054.84,3733.031,46898.17,114685.6,18394.03,471367.9,52030.1,368832.3,27899.31,10525.43,719929.9,418543.5,1371696.0,101125.0,4834.806,21235.86,212454.3,177947.8,3039893.0,117038.6,37962.9,41259.05,31371.39,18715.07,124713.0,3733.924,205532.5,17638.41,144313.2,190565.9,,102021.6,1240129.0,14259.35,53555.97,168913.9,22538.61,12294.48,9657.697,30510.02,75209.8,66893.28,,99151.77,28397.27,29503.61,54585.47,217106.0,75722.99,644682.3,68651.54,4280022.0,28397.27
2019Q3,2932068.0,13265.15,59815.6,55623.73,97151.44,6475.342,49456.82,114741.1,18177.41,486299.4,53894.27,370493.6,28318.07,10180.44,741017.5,426317.6,1402339.0,103022.2,4900.602,21210.94,214173.1,180881.2,3065143.0,113909.3,39258.65,44948.1,32541.36,18872.31,125982.0,3441.723,211625.8,18409.5,146173.8,192725.8,,102328.2,1269265.0,13622.16,52998.21,170887.4,23141.92,12544.52,9498.311,29114.48,75638.36,67076.9,,99918.51,28656.13,29972.49,55938.27,219458.9,77206.85,642272.8,71719.1,4334407.0,28656.13
2019Q4,2860849.0,12151.9,60055.66,53246.62,96228.74,25171.13,45710.78,110979.8,17843.8,500241.0,53001.04,365511.8,28125.96,9772.794,749303.9,460879.5,1432389.0,97421.91,4814.122,20201.52,207044.8,173797.3,2991027.0,113452.6,38441.07,43422.71,31785.41,17963.65,121912.4,3131.924,205860.8,17300.04,141976.5,182786.0,,98001.96,1302210.0,12904.72,54674.03,173514.2,22200.95,12260.34,9077.549,28301.65,73894.04,67231.72,,101106.2,26514.97,29156.36,52470.6,238841.5,81874.4,619229.9,70193.96,4293238.0,26514.97
2020Q1,2804132.0,11647.11,56922.92,52022.6,97102.87,2722.093,48196.8,109441.8,16887.36,,51148.33,365078.5,28026.03,8958.458,564799.9,453864.8,1238615.0,94793.3,4737.262,20584.55,199727.1,165560.5,2936341.0,106135.5,38676.81,39683.99,32688.84,17141.19,119050.7,3115.914,194171.4,15835.42,145088.0,182687.7,,97092.01,1106406.0,12074.37,53062.77,164609.5,23407.91,11289.83,8864.372,27211.81,76645.39,66140.11,,104080.6,25188.54,29358.14,52786.33,253845.0,79773.52,611964.4,72061.03,4042747.0,25188.54
2020Q2,2514236.0,10227.33,55776.5,45808.8,97929.09,1233.326,38178.38,85769.27,14991.86,482442.4,44273.62,323867.0,26756.31,8572.292,690567.5,419890.3,1282796.0,72255.96,4291.398,18575.05,163796.6,130106.5,2626534.0,107829.4,32425.46,34451.87,26470.64,16159.49,98584.81,2892.569,206823.9,17353.63,144699.8,139628.8,,69178.11,1170498.0,11464.86,48050.06,150497.9,20092.27,10166.55,7053.091,18119.94,64881.04,60918.44,,93552.65,21244.85,22290.42,44574.44,243078.5,81663.32,547862.1,62928.79,3797032.0,21244.85
2020Q3,2797514.0,11297.34,59925.14,52929.2,96676.1,1107.31,38467.32,107906.9,16036.67,534906.8,52968.34,361304.6,28454.55,8281.007,767042.4,531790.2,1489360.0,91844.65,4961.817,20726.96,185222.1,160809.5,2931012.0,113113.7,39921.69,34388.61,32123.09,17026.59,119696.6,3170.911,192941.1,19132.85,148204.1,156674.0,,82813.3,1355862.0,11451.92,51808.65,164371.1,23197.08,10864.54,8059.395,24484.53,77539.53,64134.55,,99639.77,22401.33,29810.78,46587.65,329954.3,80129.33,622795.4,74866.12,4286874.0,22401.33
2020Q4,2915462.0,14139.32,64567.88,54239.04,94646.66,964.1256,48247.17,111096.1,16944.12,522040.2,56327.8,376168.4,29446.26,8090.147,771022.8,564726.8,1552658.0,94798.48,5284.299,20543.28,183555.7,190574.0,3055912.0,121235.5,41668.96,36603.69,36766.51,17881.14,122771.0,3815.444,202870.2,17407.28,148116.4,180840.1,,92183.04,1412208.0,11905.59,54567.36,168897.7,23016.53,11692.37,9326.407,24566.58,81836.97,65809.61,,99233.46,24163.12,30550.0,52005.68,357039.9,87392.15,651183.7,81239.26,4468121.0,24163.12
2021Q1,2905007.0,15132.68,64102.24,54886.3,94192.8,704.4631,52349.54,112662.2,20301.49,,54811.72,364005.3,30224.15,8192.825,637636.9,518556.0,1389390.0,93709.86,5441.202,20505.3,185493.3,165259.0,3049073.0,130932.5,40471.2,41405.95,31909.29,18036.14,122715.6,3762.069,202432.2,16730.83,150434.9,196407.0,,98841.6,1245324.0,11954.89,59420.09,177384.6,21987.65,12179.9,9781.638,26966.54,83293.11,71646.72,,103660.8,24834.96,30650.46,55550.35,305709.7,88953.02,657389.8,85746.36,4294397.0,24834.96
2021Q2,3013249.0,14720.48,65851.08,59440.06,96182.76,481.9054,53382.92,112051.5,20549.34,559758.7,58151.48,379238.5,31441.5,8108.177,837455.3,589658.1,1664201.0,98357.34,5732.935,21208.81,189918.1,169867.9,3163285.0,131473.3,42615.45,44341.51,36622.03,19703.29,125397.0,3408.933,210867.4,17492.56,160060.0,199652.5,,100615.5,1514165.0,11517.11,61933.43,188840.2,23761.86,13204.11,10384.27,26960.56,86870.52,80758.07,,106634.5,25917.74,31381.03,57873.04,361439.6,91691.79,677862.8,86588.08,4677450.0,25917.74
2021Q3,2993781.0,14656.96,63803.81,58429.43,98568.96,390.0086,51508.04,108999.1,21949.38,538882.6,56107.11,361423.6,31241.79,8028.463,813364.6,579208.6,1630487.0,99302.83,5817.97,21810.42,187611.3,175827.2,3143251.0,133788.2,41483.7,43472.04,34851.35,18905.96,124547.2,3677.04,206657.4,16646.67,161403.8,199557.9,,101613.7,1481018.0,11705.5,59071.89,193138.1,23866.42,13746.8,9829.736,27734.01,86036.17,75719.58,,105306.1,26650.57,29950.91,59416.65,358932.5,96975.99,678675.6,84787.38,4624269.0,26650.57
2021Q4,3036947.0,17224.7,65305.44,58230.49,93341.8,315.9552,53543.08,113219.8,23179.02,530934.0,55337.08,371728.8,32631.26,7958.075,819503.7,705737.7,1769443.0,103035.6,5588.51,22589.93,194663.2,173498.3,3189212.0,132703.5,41089.47,46524.7,37489.39,19512.73,124121.2,4263.15,198714.1,17861.55,163741.4,205353.7,,101756.2,1617178.0,12221.22,65430.61,195528.8,24043.36,13750.2,9650.719,29613.3,87996.57,72202.35,,110919.0,26626.33,29561.74,59798.2,486271.8,98019.29,697691.8,87202.9,4806390.0,26626.33
2022Q1,3069620.0,17926.84,68596.92,63496.57,94350.18,424.2886,51023.26,114729.9,22538.31,,55677.93,356544.9,33454.63,7895.16,634590.8,799036.7,,102961.0,5797.436,22290.26,194666.2,194792.5,3224305.0,121837.0,43039.25,47920.61,42021.91,20147.69,126648.2,4242.603,203958.5,18948.31,159461.9,203875.5,,102396.9,,12137.76,68836.95,193434.8,23750.63,12828.65,9990.168,30865.77,89106.55,,,107947.4,27651.24,31590.74,57335.87,579531.2,97733.37,718634.5,92951.77,4913389.0,27651.24
2022Q2,3144167.0,18001.04,68685.23,63465.08,94986.32,433.2297,53141.08,122448.0,22156.01,496145.2,58472.15,374944.1,34569.27,7841.565,804900.8,914380.5,1898852.0,111325.3,5765.764,22118.65,,190037.0,3301307.0,122304.7,44066.14,48708.37,46812.78,22320.22,127309.5,4729.169,204836.0,18577.78,163862.7,215208.4,,111305.4,1741870.0,12570.73,74122.89,197643.3,22965.7,13183.09,10604.81,31859.72,90759.46,,,112221.6,29592.86,31504.21,59902.38,682742.7,99084.13,733494.3,94162.22,5117770.0,29592.86
2022Q3,3138217.0,16854.97,71209.21,63111.11,94175.08,409.4923,57531.81,120502.8,20963.94,509753.2,57669.6,369725.0,33901.32,7790.099,820925.8,1049665.0,2039925.0,108258.0,5644.361,21388.28,,180201.0,3294407.0,109870.7,45226.46,53212.76,47676.35,20795.8,127502.2,4681.666,208575.6,19408.7,184036.7,215399.3,,109660.7,1884005.0,12471.77,78010.95,204556.2,23613.03,13608.01,10387.91,31887.44,89729.39,,,119961.6,30775.08,30300.76,62230.62,805579.2,96682.13,721822.5,85830.84,5261011.0,30775.08
2022Q4,3027028.0,16087.12,67170.59,64396.32,96040.99,457.1984,52627.32,114023.5,18832.45,500658.8,57545.51,360783.4,32482.73,7742.906,786197.6,1099055.0,2031909.0,101492.4,5478.071,20524.35,,181930.8,3181357.0,102181.4,44199.4,51925.25,43409.52,20468.02,119813.3,4307.383,204537.2,22150.87,171059.1,199077.5,,101884.0,1878065.0,12050.29,71467.07,199910.8,24000.76,13462.07,9646.576,29837.23,90813.1,,,108211.8,29043.88,31109.44,54440.27,847919.6,94170.56,693974.3,77868.98,5142523.0,29043.88
2023Q1,3007818.0,16327.2,68050.89,63420.44,96620.97,,50087.06,115552.6,18542.98,,55270.28,355983.6,30646.26,,,1173594.0,,99807.16,4872.886,18905.82,,172643.3,3160031.0,102885.1,44769.85,50323.63,44305.61,20168.77,124884.2,4626.088,197893.3,25507.95,168286.0,199328.8,,105104.7,,,68539.66,197946.3,23126.16,13585.77,9266.86,30077.45,88488.3,,,103733.1,30103.32,31816.35,55054.39,914470.4,86842.93,705616.7,,5216709.0,30103.32
2023Q2,3036092.0,17134.32,68012.23,62206.87,94340.66,,53750.73,116417.3,19357.59,525721.1,56724.84,368635.0,32655.46,,728942.9,1292725.0,2156326.0,103229.1,4940.025,19524.26,,175302.6,3187312.0,101793.9,42743.11,48974.2,44482.31,20748.26,125282.6,4522.239,201224.3,24553.78,168213.0,208962.6,,108775.2,2005374.0,,67760.01,198065.4,22667.97,13411.17,9944.765,29607.63,88851.73,,,101898.2,31718.56,32171.72,56879.93,1026031.0,84992.53,710545.0,,5368999.0,31718.56
2023Q3,2995298.0,16901.15,71197.35,,,,52582.79,116019.4,18882.37,528888.0,57064.74,363919.7,33660.54,,732152.8,,2516006.0,,4718.28,18841.02,,169019.8,3152871.0,102983.1,,52320.96,43549.85,,123811.3,,202215.1,23784.16,158507.0,204131.6,,105862.9,2364646.0,,67474.42,191902.6,21747.58,,9902.42,27669.56,,,,102464.1,,,55799.9,1381464.0,85904.09,703573.3,,5714404.0,
2023Q4,,,,,,,,,,,,,,,,,,,,,,,,,,,,,,,,,,,,,,,,,,,,,,,,,,,,,,,,,
