Unnamed: 0,Albania,Advanced Economies,Argentina,Armenia,Australia,Austria,Azerbaijan,Burundi,Belgium,Bangladesh,Bulgaria,Bahrain,Bosnia and Herzegovina,Belarus,Belize,Bolivia,Brazil,Botswana,Chile,China,Colombia,Costa Rica,Cyprus,Czech Republic,Germany,Dominica,Denmark,Dominican Republic,Algeria,EMDE East Asia & Pacific,EMDE Europe & Central Asia,"Egypt, Arab Rep.",Emerging Market and Developing Economies (EMDEs),Spain,Estonia,Finland,France,Gabon,Georgia,Greece,Guatemala,High Income Countries,"Hong Kong SAR, China",Honduras,Croatia,Hungary,Indonesia,India,Ireland,"Iran, Islamic Rep.",Iceland,Israel,Italy,Jamaica,Jordan,Japan,Kazakhstan,Kenya,Kyrgyz Republic,"Korea, Rep.",Kuwait,EMDE Latin America & Caribbean,Lebanon,Low-Income Countries (LIC),Sri Lanka,Lithuania,Luxembourg,Latvia,Morocco,"Moldova, Rep.",Maldives,Mexico,Middle-Income Countries (MIC),North Macedonia,Myanmar,Mongolia,EMDE Middle East & N. Africa,Mauritius,Malawi,Malaysia,Nigeria,Nicaragua,Netherlands,Norway,New Zealand,Oman,Pakistan,Panama,Peru,Philippines,Poland,Portugal,Paraguay,Qatar,Romania,Russian Federation,EMDE South Asia,Saudi Arabia,Singapore,El Salvador,EMDE Sub-Saharan Africa,Slovakia,Slovenia,Sweden,Seychelles,Thailand,Tunisia,Turkey,"Tanzania, United Rep.",Uganda,Ukraine,Uruguay,United States,"Venezuela, RB",Viet Nam,World (WBG members),Samoa,South Africa,Zambia
,,,,,,,,,,,,,,,,,,,,,,,,,,,,,,,,,,,,,,,,,,,,,,,,,,,,,,,,,,,,,,,,,,,,,,,,,,,,,,,,,,,,,,,,,,,,,,,,,,,,,,,,,,,,,,,,,,,,,,,
1994.0,534.4091,2871010.0,21591.0,,49942.81,55144.44,,224.53,129610.2,,,,,,258.88,1301.111,33079.0,3584.577,10850.3,115687.8,,3788.4,,14999.76,384191.8,96.34535,36610.0,,,290117.6,149948.3,10218.7,2539550.0,89599.25,1551.94,24523.22,225402.0,707.5145,,,3211.733,5414645.0,161773.6,,4982.553,14557.28,31988.6,26842.0,26409.81,11795.0,1339.182,23369.3,169710.5,2164.34,3380.082,275762.6,,2156.795,,102658.7,6663.633,196636.6,,1585.84,,3253.926,8605.382,,8287.592,,221.7,79345.9,1761029.0,,885.77,,,,491.48,59615.57,7401.284,866.4,,27447.05,11920.05,,,2404.1,5499.21,21236.4,21509.58,28373.16,,,7217.7,50453.0,35874.94,,102691.4,2575.4,,6624.119,4729.374,52006.8,206.0778,54449.08,6544.309,23270.0,,869.83,,2786.106,663251.8,8277.0,5759.295,5980195.0,81.48,,455.5491
1995.0,769.323,3445905.0,20123.0,,57404.56,64412.48,,234.21,154561.1,,5056.798,,,,258.28,1423.7,49972.0,4035.831,14613.5,132085.4,,4089.5,,25386.43,450583.5,117.2825,45717.0,,,357847.4,194675.7,11759.8,3861332.0,114229.1,2329.16,28693.79,270495.0,929.8231,488.6965,,3999.236,6507440.0,192800.4,,6969.925,15382.87,40654.1,34709.0,34736.86,12313.0,1602.865,27981.9,230081.6,2756.63,3699.2,336055.1,,2950.588,,135573.2,7784.238,219856.1,,1767.31,,5613.267,9933.294,1804.962,10042.27,,267.9,72453.0,2699345.0,,1334.58,,,,474.72,77603.73,34360.05,975.1,,32964.46,13958.93,,,2510.7,7732.89,26532.6,29191.38,34288.24,4417.736,,10260.0,62604.0,46364.48,,124549.7,3329.1,,8779.732,6217.447,64722.67,240.3905,70780.39,7929.984,35709.0,1843093.0,1058.38,,2874.587,743545.0,11396.0,8251.493,7911897.0,94.948,,782.294
1996.0,945.3956,3573591.0,23762.0,855.8,61423.0,66884.15,,127.08,162117.7,,6860.112,,,,255.57,1635.0,53347.0,3040.724,17663.5,138834.6,,4326.8,,27802.45,455755.3,129.9536,44994.0,,,378110.1,223923.7,13038.7,3607668.0,119694.5,2879.818,30765.03,272579.0,898.13,751.2236,,3818.746,6772863.0,198565.6,2739.405,7247.018,18205.13,42928.6,37946.0,36777.76,15117.0,1875.528,29583.7,214206.2,2926.57,4290.782,349127.0,4261.3,2913.524,,150896.4,8370.151,247409.8,7577.154,1938.34,,6811.461,9776.135,2337.384,9722.908,,301.7,89468.8,2499327.0,,1358.09,,,,623.51,78445.94,25663.9,1153.8,192371.3,35591.37,14729.32,,,2779.9,7864.22,32426.93,37050.83,36302.35,4291.723,,11609.1,68093.0,50700.17,,131368.7,3221.4,,11107.512,6878.495,66929.37,380.2813,72315.75,7675.847,43626.642,1587873.0,1187.75,17603.1,3335.694,795286.6,8902.0,11160.75,7854823.0,100.357,,834.2925
1997.0,496.6698,3613132.0,30450.0,892.2,61815.44,64964.08,,121.41,157683.2,,5379.546,,,8718.904,286.23,1850.9,60539.0,3631.199,19259.6,142371.0,,4969.5,,27132.49,446654.8,134.497,44398.0,,,376940.4,241073.8,13210.7,3645633.0,121456.1,3527.759,30617.17,263858.0,1232.925,995.3201,,4674.179,6868793.0,208609.3,3064.396,8610.325,21241.93,41679.8,41436.0,37174.51,15907.8,1855.513,28683.5,209099.9,3025.9,4107.321,338564.1,4275.1,3274.951,685.1,144828.9,8243.769,294572.5,7465.031,2172.952,,7387.509,9649.334,2538.55,9543.773,,349.0,109808.0,2508780.0,1778.517,2053.34,,,,750.892,78968.46,38634.51,1449.6,189736.5,35679.29,14509.35,,,3002.0,8535.54,35933.83,42261.35,36322.17,4095.61,,11250.9,71789.0,55389.12,,132382.8,3744.5,,11728.493,7057.963,65634.77,336.0113,63568.61,7957.45,48558.719,1533491.0,1300.65,17128.0,3726.756,869703.0,13159.0,11728.35,7938828.0,99.555,,697.109
1998.0,819.3273,3598197.0,31376.0,902.5,60792.01,68251.33,1723.903,157.6,164875.9,,4997.579,,,8514.977,326.83,1983.0,58672.0,3361.752,18326.5,140236.2,,6238.7,,28453.74,471887.5,132.2193,46329.0,,,313004.2,231005.2,16166.2,3829097.0,133041.9,3931.991,32395.7,283831.0,1094.557,882.4912,,5640.854,6872116.0,184581.4,3549.082,7890.113,25719.33,27336.9,42975.0,44297.73,14323.0,2283.428,27010.7,218071.4,3268.71,3830.23,280814.9,4250.2,3281.543,772.4204,93596.69,8616.585,313816.8,7066.309,1835.248,,7473.062,10856.86,2983.175,10309.67,,354.2,125373.0,2623581.0,1914.663,2665.79,,,,688.718,58328.82,38255.78,1491.6,199961.5,37447.67,12498.02,,,3349.7,8218.75,29659.88,46691.64,40479.0,3815.5,,11771.5,57538.0,57436.07,,101712.4,3968.2,,13071.399,7801.399,68539.14,383.0343,43073.8,8395.597,45921.391,1708566.0,988.93,14675.6,3810.501,911896.7,14250.39,11159.91,8083756.0,96.657,,1087.471
1999.0,1140.595,3801483.0,25507.0,811.3,65531.6,69561.71,1433.392,118.08,164637.7,,5468.254,,,6669.244,372.39,1755.1,50260.0,2804.324,14706.0,165696.2,,6354.6,,28038.09,473581.5,140.2248,44487.0,,,350645.8,199783.3,16022.2,4030826.0,144450.9,3425.61,31618.77,287235.0,1564.278,689.5899,,5518.027,7236028.0,179621.2,4060.456,7843.027,27916.81,24003.3,46968.0,47198.0,12683.0,2314.611,30629.7,220216.4,2864.84,3710.697,311691.5,3682.7,2777.327,707.4735,119869.8,7616.542,307999.8,6205.067,2133.64,,5700.556,10940.65,2606.885,10799.22,,402.4,141974.7,2774662.0,1776.15,2300.13,,1868519.0,,673.47,65388.08,9126.198,1861.2,202637.8,34165.81,14303.16,,,3515.7,6710.49,30742.47,45798.85,42183.14,2624.088,,10527.3,37263.0,62792.98,26926.11,111087.9,4094.9,,11322.204,8146.471,68921.26,433.5356,50307.61,8480.974,40671.272,1877684.0,1342.09,11846.1,3356.772,1024615.5,12669.21,11592.72,8525641.0,115.389,,876.1259
2000.0,1085.634,4275458.0,25281.0,884.7,67746.48,68998.86,1539.005,147.91,177042.5,,6024.624,,3178.625,8487.366,457.72,1822.5,56976.0,2232.552,17057.5,225092.5,,5544.8,,32093.34,495556.3,146.8204,44300.0,,,455432.0,234990.4,14009.8,4064171.0,152933.2,4234.603,33907.68,304673.0,1396.089,709.5091,,5930.694,8131195.0,213029.7,4302.284,7985.906,31928.93,33514.8,51561.0,50589.91,14363.48,2373.694,35221.0,238073.4,3192.66,4587.591,379621.4,5052.1,3246.175,642.5265,160316.7,7153.876,356205.9,6227.24,1936.34,,5567.006,10709.6,2530.932,11533.01,,388.6,174457.7,2783123.0,2093.87,2370.9,,1931898.0,,531.83,81962.07,9383.604,1805.3,211871.7,34388.57,13903.35,,,3405.0,7357.58,34490.86,48985.98,42137.95,2740.1,,13045.4,42131.0,68863.05,29134.9,134504.0,4948.2,,12725.199,10121.42,73276.61,375.7335,61808.56,8569.544,54502.821,1709325.0,1256.6,13956.0,3465.81,1218022.6,14584.01,15437.39,9159640.0,105.639,,1100.749
2001.0,1329.331,4087755.0,20319.0,877.6,60895.23,70517.91,1465.064,139.34,178780.6,,6719.384,,3353.4296,8082.575,446.09,1707.7,56570.0,1817.917,16395.7,243546.8,,5493.0,,36471.93,486242.9,130.6189,44087.0,,10185.76,462823.1,240106.3,12755.9,4407633.0,153691.0,4300.73,32167.45,301555.0,1444.387,752.0108,,6806.339,7797762.0,201456.6,4388.957,9063.923,33716.38,30962.1,50401.0,50623.76,16484.67,2090.6,32696.2,236196.9,3355.38,4862.15,349264.7,6363.0,3557.728,577.5796,141223.3,7871.065,344853.9,7290.634,1677.37,,6285.592,11259.28,2803.372,11041.71,,387.9,168396.3,3025436.0,1693.599,2802.03,696.4091,2034406.0,,562.6,73738.57,11746.63,1775.4,208334.1,32972.06,13307.8,,,2986.39,7204.48,33057.16,50375.5,41679.51,2349.501,,15549.2,51319.0,67011.87,30060.99,115974.7,5026.8,,14764.18,10155.43,64277.19,482.4449,61877.05,9533.584,41399.084,1946154.0,975.43,15775.1,3060.842,1140998.1,16435.59,16014.09,9233997.0,128.918,,1080.12
2002.0,1502.446,4208602.0,8991.0,987.2,69575.43,72900.77,1823.341,129.4,198400.7,,7302.343,,3908.6205,9057.678,525.3,1774.9,48274.0,2448.73,15762.8,295170.3,,5957.9,,40769.98,490957.7,204.7049,48941.0,,12239.84,532671.1,273107.1,12552.2,4477749.0,163819.6,4814.881,33690.3,311541.0,1142.239,794.6917,31328.9,7381.272,8040945.0,208002.0,4463.549,10557.99,37816.99,31288.9,56532.0,51860.06,20437.82,2096.334,32556.6,247157.6,3568.24,5082.061,338033.0,6490.5,3272.311,586.7,152322.0,9004.081,318936.4,6443.443,1864.83,,7552.269,11620.23,3377.721,11860.43,,391.7,168678.7,3069350.0,1995.156,2323.84,697.991,2184513.0,,694.96,79751.28,12360.65,1774.0,207015.1,34887.77,15061.12,,11266.48,3035.29,7392.79,39236.51,55157.38,42664.22,1975.274,,17869.5,58421.0,75298.07,31061.75,117265.4,5184.5,,16628.611,10949.06,67802.53,429.5274,64581.22,9527.494,51553.799,1901175.0,1040.47,16977.0,1966.845,1161366.4,11673.39,19486.44,9450853.0,134.62,,1071.907
2003.0,1873.348,4900143.0,13851.0,1279.5,84865.12,91681.05,2722.704,156.6,235175.1,,10078.23,,4809.4212,11544.03,1101.93,1616.0,49307.0,2449.741,17803.5,412759.9,,6362.7,,51270.03,605304.9,200.7017,56291.0,,13662.5,672592.9,351508.5,11107.4,5664216.0,208750.5,6504.05,41639.74,371086.0,1347.242,1139.0392,44261.6,8159.277,9380161.0,232568.8,4889.341,14297.91,47755.93,32550.7,72569.0,54968.07,26038.07,2606.115,33707.4,298181.6,3695.32,5742.224,383343.1,8327.4,3713.693,717.0,178786.7,10987.83,330432.5,7168.56,2141.03,,9683.978,13706.6,4831.205,14234.02,,470.7,170545.9,3897323.0,2306.354,,827.2156,2503199.0,,787.02,83299.42,15635.96,1886.6,249422.3,40061.53,18570.85,,12976.18,3122.27,8204.85,40470.52,68185.89,50373.73,2319.249,,24085.5,73214.0,94981.85,35598.99,136672.0,5754.3,,22648.841,13870.37,84299.11,430.3826,75735.49,10914.32,69339.692,2484170.0,1197.41,23020.0,2190.368,1257121.2,8336.603,24941.6,11415975.0,137.382,,1547.255
2004.0,2311.033,5864352.0,22447.0,1350.7,103918.7,113407.4,3581.685,177.38,286674.1,,13360.03,,5913.3103,16469.33,517.05,1876.9,63814.0,3241.249,22830.0,561217.3,,6903.5,,68300.5,716298.6,227.6151,66914.0,,18241.97,886215.4,466499.2,12831.1,6819054.0,257822.3,8337.909,50706.94,436807.0,1597.247,1844.3428,56146.9,9477.6,11261134.0,271435.3,5827.2,16506.0,60485.96,46524.5,99781.0,64219.71,33065.69,3427.693,40356.7,355466.2,3925.68,8178.093,455365.3,12781.2,4551.962,941.0,224631.8,12619.85,403647.4,9397.327,2534.1,,12396.31,17020.34,6740.627,17818.2,,641.6,196809.7,4669003.0,2931.626,2173.92,1011.5955,3148571.0,,929.52,105166.4,14837.67,2209.6,302608.0,48545.2,23205.46,,17917.23,3592.2,9804.78,44039.19,89619.54,61320.02,3017.549,,32655.0,94244.0,130675.1,45217.69,174076.7,6329.0,,29214.88,17595.07,100881.7,551.7734,94325.14,13006.62,97539.767,2847238.0,1427.2,28997.0,3118.631,1469705.0,15161.79,31594.49,13699249.0,162.93,,2150.708
2005.0,2619.668,6542426.0,28688.0,1795.4,118520.8,119872.5,4349.857,267.17,318886.3,,16760.48,,7071.8442,16717.73,609.84,2430.9,74692.0,3163.699,30616.7,660053.4,,7989.8,,76323.34,779967.4,269.999,72712.0,,20584.29,1037087.0,560194.9,19815.6,8273364.0,287452.5,10208.06,58433.07,478152.0,1695.869,2487.5484,57720.5,10498.7,12589863.0,299957.6,6544.5,18207.62,65759.37,57700.9,142870.0,72658.9,38966.61,4591.659,44456.7,384564.8,4744.42,10499.77,516159.5,17506.3,6152.758,1101.5,261305.4,15801.03,474255.2,9339.478,3192.57,,15489.04,17784.49,8580.737,20780.69,2292.3,744.9,221819.5,5673210.0,3232.838,1908.14,1197.6375,3749536.0,3168.662,1179.72,114325.3,21184.44,2623.2,330516.8,55455.95,26232.19,,25327.12,4152.85,12081.62,47418.19,101399.3,63877.36,3693.77,,40350.1,123840.0,186551.9,53779.55,200713.5,6809.2,,34228.605,19618.05,111528.0,757.7861,118043.4,13329.1,116774.151,3487699.0,1745.68,36136.5,3878.883,1673454.0,21848.13,36253.0,15892381.0,187.111,,2579.682
2006.0,3058.836,7435579.0,34152.0,2191.7,132700.1,131010.1,5269.338,430.62,353135.5,,21746.02,,7341.3646,22351.3,665.86,2913.0,92530.0,3092.738,36404.6,791577.0,,9168.1,,93498.56,922838.1,302.525,84202.0,,21746.75,1212018.0,701075.9,20600.4,10793364.0,326211.8,13471.63,69482.29,533149.0,1947.99,3674.8325,67313.6,11914.5,14353224.0,334649.7,7303.2,20903.21,77214.9,61065.5,178410.0,80159.4,40716.09,5787.03,47317.9,442826.5,5648.44,11551.24,578617.4,23676.8,7316.473,1718.2,309583.6,16332.75,563725.5,9402.038,3935.56,10253.6,19422.18,19550.34,11440.57,23971.52,2693.2,926.5,256058.2,7428517.0,3752.257,2538.05,1489.1922,4147521.0,3664.776,1289.36,130470.9,24191.57,3026.4,381959.0,64282.32,26442.07,,29818.63,4817.65,14844.07,51773.68,127253.4,70747.57,4877.05,,51330.8,163188.0,231836.2,64546.18,239924.7,7762.8,,44713.418,23094.35,127756.2,836.6405,128535.5,15061.68,139576.176,4829928.0,2215.58,45038.8,4806.057,1853938.0,30558.61,44350.0,19334369.0,218.729,,3027.469
2007.0,4190.966,8394195.0,44706.0,3268.0,157846.4,156787.6,6045.019,319.1,413146.0,,28658.54,,9765.4587,28693.1,688.38,3586.0,122042.0,4056.889,44419.8,956062.5,30807.3,10706.7,,118488.6,1056164.0,386.6497,97372.0,,27624.84,1437783.0,915413.3,27063.3,13397191.0,385013.2,15691.37,81769.85,616089.0,2754.248,5212.1501,84868.0,13575.8,16329443.0,368188.2,8887.7,25177.19,94892.54,74473.4,229369.9,90381.42,45262.48,6232.049,56105.7,511960.1,6413.32,13722.33,622003.1,32756.4,8992.169,2416.9,356886.7,20654.47,674228.1,11782.46,4664.53,11296.5,24459.56,22371.11,15193.86,32001.2,3689.5,1096.1,281949.1,9191353.0,5280.584,3248.5,2170.1332,5319153.0,3916.508,1387.25,146185.0,31120.17,3597.9,448470.6,80425.85,30886.6,16018.76,32592.6,6869.92,19590.54,55513.76,166196.1,82292.28,6029.91,,70584.3,223083.0,289894.7,87397.32,264794.5,8820.7,,59012.687,29554.6,153448.1,1040.622,141271.7,19141.55,170062.714,6025493.0,2958.18,60618.0,5627.663,1956961.0,42485.38,58631.0,22936667.0,227.122,,4006.236
2008.0,5249.545,9452470.0,57463.0,4426.3,190797.8,176049.1,7574.679,419.48,466117.2,,35461.8,,12276.8995,39381.4,838.69,5080.0,174706.0,5203.12,58354.9,1132029.0,37152.3,13027.4,,142188.3,1185807.0,702.9406,109030.0,,39599.51,1739208.0,1142872.0,52827.8,17924938.0,416771.9,16059.97,92099.29,697891.0,2851.576,6301.5404,96596.1,14546.5,18498288.0,388916.4,10453.9,29453.44,108539.3,129197.3,321031.8,87380.11,58511.56,5698.901,64531.4,563061.9,8498.29,17025.1,762415.6,37889.0,11068.31,4072.3,434959.4,25221.51,821668.7,16145.67,6494.94,14091.2,31264.18,25815.45,15792.06,42358.1,4898.8,1387.3,308603.0,12356554.0,6882.651,4256.23,3615.8326,7244578.0,4652.232,2032.7,156442.2,46998.71,4337.8,526791.9,90200.81,34327.38,23112.77,42070.49,9009.93,28449.18,56746.06,209311.6,94660.92,8681.2,,84435.8,288672.0,400970.8,110093.4,323035.8,9817.6,,71317.62,33974.81,168892.9,1366.193,178946.5,24609.3,201963.574,8385463.0,4042.76,85535.3,9069.362,2103640.8,46988.32,77726.0,28432135.0,248.927,,5089.98
2009.0,4527.209,7151897.0,38786.0,3321.2,159197.1,136176.3,6513.875,402.23,354908.0,21854.92,23535.41,,8817.0611,28569.0,646.95,4544.0,129398.0,4771.421,40023.4,1006003.0,31181.3,9579.8,,105275.0,926811.8,411.7982,80135.0,,39368.88,1480862.0,771633.0,44951.4,15496308.0,290943.5,10150.53,60910.2,546451.0,2462.174,4475.7245,74068.7,11531.3,13965942.0,347662.6,7371.9,20667.63,77461.02,96829.2,257202.2,67010.28,49881.37,3315.765,46927.3,415021.8,4883.19,14275.25,551733.3,28408.7,10221.79,3040.3,323186.8,20302.56,617021.5,16305.02,6339.85,10206.7,18345.98,19346.28,9346.685,32712.24,3278.3,966.3,234385.0,10769007.0,5072.823,4347.66,2137.6735,6120224.0,3737.0,2107.28,123747.5,36594.25,3489.1,407349.2,68948.77,25599.79,17837.99,31651.97,7800.58,21010.7,43091.53,149854.9,71805.58,6632.3,,54473.0,183923.0,321882.1,91069.9,247252.3,7325.5,,54205.328,24131.0,120145.3,932.6481,134552.9,19245.18,140928.42,7616684.0,3830.34,45433.1,6906.728,1559624.9,39182.79,69948.9,23287027.0,204.417,,3816.609
2010.0,4587.205,8426919.0,56793.0,3748.9,193844.9,150605.2,6745.603,509.17,391338.7,27835.73,25480.85,,9205.9741,34884.3,702.08,5593.0,183336.0,5715.148,55107.9,1396261.0,38153.9,11544.9,,126614.1,1056186.0,596.8141,82773.0,15209.9,40800.89,2029592.0,953104.2,52946.9,20347785.0,315552.4,12279.03,68776.08,593446.0,2689.879,5235.9644,65945.7,13838.3,16461003.0,433521.9,8907.0,19383.76,87432.6,135663.3,350232.8,64564.0,66581.07,3621.96,58704.5,486977.0,5335.03,15603.42,694217.0,31106.7,12099.83,3223.1,425264.2,25701.94,800203.2,18046.1,7085.13,13451.0,23383.74,21586.24,11141.84,35351.61,3855.3,1095.2,301482.0,14219004.0,5474.484,4759.66,3277.9207,7125719.0,4380.996,2163.57,164632.0,54053.41,4173.0,468578.1,77338.09,30623.6,19750.0,37791.36,9145.3,28815.32,54932.93,178111.8,77689.18,9639.61,,62045.9,245679.0,430406.1,105794.5,313169.3,8416.2,,64271.549,26641.05,148846.5,1007.651,184946.8,22209.68,185544.331,10022129.0,4412.39,60742.2,8621.758,1913856.6,34792.16,84838.8,29357411.0,279.225,83035.36,5312.4
2011.0,5393.976,9917842.0,73962.0,4145.4,234317.3,182424.7,10166.471,752.29,467027.4,36239.13,32577.99,,11060.6691,45759.1,831.23,7926.0,227969.0,7328.708,70591.2,1742006.0,51556.6,13827.6,,152205.4,1256762.0,544.9532,96195.0,17301.6,47167.9,2519347.0,1200220.0,62244.7,29345058.0,363003.9,17737.94,84267.54,701548.0,3644.733,7072.2599,66720.4,16613.0,19392202.0,483975.2,11126.1,22402.58,101380.7,177435.7,464461.81,73825.93,96980.28,4837.403,72747.1,559096.1,6438.97,18980.88,855770.1,36905.8,14784.16,4261.1,524485.8,25053.58,981712.9,20304.72,8236.67,20268.6,31787.03,26160.0,15295.69,44241.79,5191.3,1395.3,350842.8,20648765.0,7027.163,9018.96,6598.3583,8708525.0,5148.318,2426.61,187547.2,70543.59,5203.8,540940.3,90746.15,37114.52,23615.58,43955.82,11341.53,37151.52,60495.85,210736.6,82970.21,11784.45,,76536.1,318555.0,566320.7,129688.4,372675.7,9964.6,15603942.0,77220.538,31406.44,176950.9,1116.584,229176.5,23977.45,240841.676,15383157.0,5057.77,82608.2,10726.378,2207954.3,46009.61,106749.8,39516269.0,318.769,102719.33,7263.232
2012.0,4883.632,9699293.0,67976.0,4261.1,250449.8,169754.8,10417.471,751.09,439780.4,34175.34,32723.82,,10016.6071,46404.5,843.06,8579.0,225165.0,8138.511,75374.3,1819926.0,56102.1,14915.2,,141679.1,1156892.0,574.126,91362.0,17651.8,50207.48,2650864.0,1201508.0,72450.7,30827034.0,326025.1,18126.68,76599.5,656401.0,3864.237,8056.3789,61721.2,16994.4,19018145.0,504706.7,11371.1,20804.36,94377.51,191691.0,489693.92,72312.82,92342.97,4769.695,72270.4,489375.2,6321.41,20806.46,885440.6,46358.4,16301.15,5576.4,519775.8,27240.81,1019879.0,22093.86,8623.16,19190.1,31998.88,24258.18,16084.42,44825.58,5212.9,1554.6,370751.6,21705096.0,6522.388,9171.13,6738.3838,9503707.0,5345.343,2616.92,196414.9,61490.85,5854.1,533420.1,87316.23,38238.98,28084.52,44107.31,12633.24,41013.58,62128.67,199424.0,72526.79,11082.769,,70299.7,335770.0,588721.3,154864.9,385888.1,10257.5,16445332.0,74876.204,28406.07,164653.1,1230.758,250705.1,24446.29,236545.141,16227332.0,5255.15,84658.1,11652.109,2276267.1,54766.72,113780.5,40603959.0,308.229,104228.27,8777.314
2013.0,4901.747,9714426.0,74442.0,4385.9,232509.6,173620.7,10320.593,811.2,449299.4,37580.66,34312.95,10010281.0,10300.2579,43022.5,906.11,9339.0,241503.0,8368.017,74670.2,1969053.0,56620.3,15088.4,,144419.6,1182662.0,526.0735,97272.0,16801.2,54844.23,2824435.0,1232600.0,66179.6,34104875.0,332410.9,18462.61,77604.83,661978.0,5156.506,8022.5462,60876.6,17517.9,20464217.0,524058.6,10952.6,22039.19,99178.92,186628.7,465401.81,74117.51,83975.39,5021.011,71102.0,479436.8,6218.99,22122.53,832223.3,48805.6,16361.06,6069.7,515752.4,29265.82,1046323.0,22031.81,8569.32,18002.7,34828.28,23954.47,16787.12,45149.47,5492.4,1733.3,381210.2,23301067.0,6619.589,12042.5,6357.8218,10587537.0,5388.639,2841.89,205896.0,59276.19,5656.5,546492.2,89778.01,39628.68,34501.91,44667.34,13035.37,42351.82,62410.56,207766.1,75742.97,11942.397,26966.65,73483.7,341269.0,567385.8,167911.9,388077.3,10747.7,17846595.0,79158.154,29373.33,160629.8,1383.389,249688.5,24306.07,251661.251,17628318.0,4916.23,76986.8,11642.379,2267986.9,45151.13,132032.4,43819067.0,325.681,103588.2,10185.46
2014.0,5226.757,9861452.0,65735.0,4424.4,228032.6,172586.0,9332.001,768.67,453743.8,41656.94,34658.65,12163884.0,10990.388,40502.2,962.4,10516.0,230822.0,8084.607,68593.8,1953397.0,61087.9,15561.7,8068.798,154250.1,1209416.0,590.0618,98927.0,17273.1,58569.81,2803544.0,1182910.0,73739.2,36646935.0,351425.9,18312.39,76772.17,655278.0,4192.509,8601.8143,61986.6,18281.8,22789879.0,544892.3,11084.7,23061.94,103816.3,178178.8,462920.27,82452.77,96898.65,5378.853,71479.6,474441.9,5847.28,22989.28,812671.3,41295.5,18391.03,5732.4,525428.2,31006.29,1039464.0,21412.41,8649.27,19416.9,34362.2,24064.67,17130.12,46226.83,5317.0,1992.7,399984.4,23670770.0,7301.373,16228.7,5236.6674,12772967.0,5605.846,2762.98,208857.7,63806.18,5876.4,541211.7,89430.72,42502.22,29272.21,47733.29,13707.21,41037.77,65398.0,223525.5,78396.27,12079.191,30430.42,77702.8,307877.0,573720.1,173727.2,377830.1,10514.2,18273665.0,79390.022,29987.64,162183.7,1276.487,228013.6,24811.13,242177.117,18054008.0,5117.62,54428.7,11484.587,2356356.2,,147849.2,46508232.0,384.126,99944.29,9706.948
2015.0,4322.731,8643566.0,60205.0,3239.4,200495.4,148240.2,9773.629,723.81,375875.6,39482.41,29241.87,12422847.0,8987.5736,30291.5,996.36,9767.0,173104.0,7243.168,58544.4,1659299.0,51598.0,14746.1,7136.74,141492.1,1053957.0,623.232,85261.0,16906.5,51751.17,2437460.0,933264.9,74368.6,37452829.0,304610.1,14535.88,60495.08,553182.0,3429.122,7304.1526,46804.4,17641.0,21772412.0,522544.5,11175.3,20722.0,90820.02,142694.5,393831.44,77786.09,87776.9,5314.146,61337.3,411307.1,5033.54,20507.98,648182.3,30567.7,16063.64,4069.2,436284.3,30951.33,937836.3,18646.88,7764.73,18934.6,28182.35,19589.97,14107.4,38162.33,3986.8,1896.9,395253.9,24273101.0,6426.812,16843.6,3797.5189,13001374.0,4784.677,2271.77,175980.3,55975.37,5906.2,433461.6,76393.46,36552.71,29027.01,43855.17,12129.93,37326.42,71067.23,196649.3,66978.99,10316.8,32600.45,69814.5,193019.0,498000.5,174521.2,308135.9,10293.4,19638557.0,71478.657,25868.57,138442.1,1451.945,201873.9,20213.54,207234.357,19447710.0,4769.15,37516.4,9489.418,2248811.4,,165570.2,46095003.0,333.794,85732.47,8401.428
2016.0,4667.701,8484810.0,55852.0,3292.6,189319.0,150079.0,9004.176,734.33,379319.3,41279.76,28943.78,11570230.0,9146.3287,27609.8,952.79,8427.0,139322.0,6148.578,55818.9,1576649.0,42849.5,15230.8,7869.403,142989.9,1056285.0,647.5264,84443.0,17398.6,47100.86,2354465.0,925730.9,68117.0,35297235.0,302293.9,14954.69,60830.22,550619.0,,7341.6981,46813.7,17002.8,20724000.0,516977.7,10558.9,21801.64,92147.37,135652.8,361496.57,82165.32,,5693.774,65064.7,406668.8,4851.12,19356.52,607515.3,25376.7,14103.03,3962.9,406277.6,30808.42,870599.9,19066.29,7259.425,19182.8,27367.36,19511.76,13732.43,41692.2,4020.2,2125.9,387087.5,23008267.0,6834.024,15705.9,3358.1404,12090389.0,4654.698,,168588.9,36673.03,5887.2,427527.9,74985.88,36082.18,23123.95,46924.3,11696.97,35124.05,84108.05,199461.5,67932.41,9786.836,32048.35,74560.9,191493.0,471009.3,139825.4,291982.8,9825.9,18581076.0,73250.824,26673.07,140996.9,,195247.2,19446.69,198618.234,18426145.0,4822.22,39250.0,8136.629,2186785.9,,174803.8,43782070.0,350.49,75101.96,
2017.0,5295.427,9359142.0,66937.0,4182.8,221332.2,166717.3,9037.316,,409393.1,47239.71,34278.42,13121605.0,10527.1443,34235.1,913.28,9287.0,158952.0,5347.396,61414.0,1849476.0,43972.1,15917.4,9309.761,163406.4,1164893.0,587.2004,92319.0,17734.3,46078.71,2758297.0,1098204.0,66569.0,38789984.0,340993.2,16681.68,70626.4,600667.0,,8057.0823,53515.3,18390.2,23213802.0,559504.1,11408.8,24500.52,104618.4,156985.5,449795.4,93639.79,,6976.038,68008.1,453313.0,5533.48,20529.39,672280.8,29599.6,16685.77,,478502.0,33576.76,957118.2,19550.42,8563.463,20979.7,32271.67,21430.62,16063.4,45177.46,4831.4,2360.5,420394.6,24878463.0,7730.85,19253.4,4337.3227,13654944.0,5241.08,,194851.4,32346.21,,488112.1,82910.47,40121.19,27252.55,57265.99,12719.81,38717.72,96093.24,233903.6,78794.95,11524.196,29581.83,85526.1,238384.0,577641.3,134512.7,327749.2,10571.6,19741728.0,80040.33,31222.5,154254.9,,223940.6,20639.56,233799.65,19578784.0,5615.9,49607.2,8457.877,2339591.4,,213006.7,48149264.0,352.799,83190.8,
2018.0,5939.735,10316690.0,65482.0,4965.0,226993.5,184398.5,10952.441,,455433.5,55188.12,37945.88,14825793.0,11629.9044,38441.2,,9996.0,185322.0,6323.684,70429.6,2128146.0,48944.6,16569.6,10859.19,185196.4,1286513.0,,101824.0,20197.3,46343.6,3159856.0,1186173.0,80473.3,43250711.0,376829.5,19148.84,78672.83,655714.0,,9361.2425,63875.9,19674.4,25951108.0,602966.3,12461.6,27628.78,117216.2,188711.3,513687.32,108386.4,,7693.426,75815.3,503497.0,6126.0,20323.47,749114.4,33816.8,17382.88,,535046.2,35842.73,1055661.0,19925.96,10318.24,22232.8,36518.89,23557.97,18623.51,51530.28,5760.1,2961.0,464302.4,27551679.0,9057.264,19355.2,5874.8039,15398825.0,5643.391,,218107.2,37173.75,4829.4,557896.5,87401.83,43767.67,25872.21,60080.64,13232.11,41865.57,112840.85,269117.7,89102.88,12917.511,31547.24,97759.8,248856.0,654149.9,137046.7,370516.7,11464.5,21794332.0,90676.286,36264.62,170610.8,,249588.2,22779.94,223047.095,21611918.0,6732.27,57187.6,8893.25,2536145.3,,236868.9,53567227.0,362.755,93098.35,
2019.0,5907.079,9952385.0,49124.0,5513.8,213727.5,176746.1,11335.316,,428973.5,55064.68,37764.51,13220308.0,11134.7119,39476.7,,9782.0,185927.0,6562.746,65776.3,2073784.0,50270.8,15936.6,9183.761,179620.6,1236479.0,,97636.0,20267.8,42018.98,3079226.0,1177270.0,77948.0,40982417.0,360640.0,18029.24,73735.64,635484.0,,9518.3211,62395.3,19881.7,23979439.0,563864.9,12148.6,27523.76,117212.2,171275.9,485921.14,101896.7,,6619.368,75811.7,475111.5,6403.38,19199.26,721215.3,39709.3,17652.13,,503207.5,33546.04,1023142.0,19197.81,11822.72,19937.0,35767.18,22964.58,17812.85,50947.82,5842.5,2888.2,455241.6,25168653.0,9445.776,18611.0,6127.5161,13781098.0,5571.59,,204986.6,56630.98,,553281.0,86166.42,42360.77,23475.58,49879.59,12835.62,41101.17,111593.09,265356.6,89557.84,12250.916,29023.12,96592.1,253876.0,613690.6,153142.1,358982.0,11602.2,20643159.0,88737.098,38153.04,159001.4,,239064.5,21591.1,202704.317,,7713.89,60800.2,8245.76,2491699.4,,253393.4,50313278.0,389.005,88148.6,
2020.0,5602.59,9231429.0,42354.0,4559.0,203175.3,165024.7,10076.565,,398041.0,45781.84,35157.75,12624421.0,9868.0133,32767.4,,7080.0,158787.0,6551.793,55107.7,2067078.0,41185.4,13959.0,8741.748,171583.6,1173021.0,,97543.0,17105.0,34430.83,2982741.0,1135209.0,69594.0,38680446.0,313972.3,17325.06,68285.43,564295.0,,8049.0107,55948.3,18206.6,22607068.0,550909.5,10253.1,26149.04,113482.2,141568.7,373283.18,99673.75,,5707.475,69276.0,426891.6,4765.49,17254.73,637067.8,38929.1,15408.64,,467891.6,27469.76,861558.2,11277.76,12726.25,16055.3,33330.58,21163.51,17358.83,44675.93,5415.9,1838.3,382985.8,23145973.0,8715.109,17964.5,5298.9134,13118088.0,4226.655,,190780.2,53841.66,,511482.4,81968.72,37148.73,20709.87,45758.75,8076.78,34723.99,89811.54,261618.5,77901.4,10035.151,25615.17,92232.5,240088.0,482717.4,137888.9,329077.9,10248.0,17809649.0,83129.459,36736.02,150131.4,,207237.6,18413.36,209534.325,,8303.41,54214.3,7564.49,2331477.2,,262690.8,47212629.0,311.569,68927.77,
2021.0,7719.62,11537524.0,63185.0,5357.2,247751.3,210957.2,10418.668,,527627.0,67817.95,46344.62,14057598.0,13030.0864,41784.9,,9560.0,219407.0,8404.773,84304.3,2692338.0,56648.8,18381.0,10316.62,212774.0,1423183.0,,120116.0,24282.0,37763.43,3870006.0,1435938.0,88804.0,45519706.0,404848.8,23618.58,86113.73,694743.0,,10098.567,77198.2,26607.8,26540867.0,683216.2,15066.5,33551.15,139008.3,196189.9,573173.9,122563.9,,7698.217,90975.0,567559.1,5975.63,21574.7,771695.2,41415.2,19263.72,,614850.9,31498.67,1179232.0,13599.5,14052.92,20637.4,44498.42,26770.05,23064.69,58824.05,7176.7,2573.2,505703.2,30510596.0,11400.883,,6846.9524,14640011.0,6571.255,,238200.4,56377.88,,691029.5,99213.18,49860.51,30878.44,72373.09,,47990.31,116885.22,342190.2,98222.68,13086.004,27733.73,116255.4,304013.0,736575.5,152811.4,406044.8,15066.1,21880453.0,102423.622,49056.2,187108.8,,266096.7,22572.48,260682.218,,9169.01,72846.2,10320.437,2828874.8,,332842.6,56704083.0,367.887,93418.66,
2022.0,8399.309,13145462.0,81522.0,8768.5,289002.0,226437.0,13509.216,,618820.9,79667.9,57990.46,15455026.0,15382.424,,,,272610.0,8098.129,94741.1,2680797.0,71446.4,21397.4,12055.3,236626.2,1582785.0,,128345.0,30742.9,40147.96,4040567.0,1583978.0,92267.0,50150392.0,480797.3,26319.24,97320.69,799660.0,,13547.6914,97927.9,32123.6,29691169.0,629538.3,18320.5,43948.29,159118.8,237447.2,720195.94,148085.0,,9615.665,106326.0,694304.0,,27392.18,900105.3,50043.9,21086.22,,731410.2,34145.5,1422805.0,30122.87,14963.93,18291.2,55091.18,26530.17,27800.32,72679.56,9219.0,3516.0,604614.7,33546292.0,12756.765,,8659.9083,16146287.0,6583.542,,293703.2,63639.5,,807528.5,107124.2,54720.44,38701.56,70942.8,,55902.1,137221.1,383757.7,115073.0,15210.135,33178.33,132423.9,276511.0,892613.8,189620.9,475120.6,17108.0,24949374.0,112921.007,59512.21,202081.2,,301592.9,26737.93,342209.949,,9763.41,55293.4,12973.463,3242529.7,,359575.2,63209957.0,439.991,111133.2,
2023.0,,,,,,,,,,,,,,,,,,,,,,,,,,,,,,,,,,,,,,,,,,,,,,,,,,,,,,,,,,,,,,,,,,,,,,,,,,,,,,,,,,,,,,,,,,,,,,,,,,,,,,,,,,,,,,,,,,,,,,,
