Unnamed: 0,Advanced Economies,United Arab Emirates,Argentina,Armenia,Antigua and Barbuda,Australia,Austria,Burundi,Belgium,Bulgaria,Bahrain,"Bahamas, The",Belize,Bolivia,Brazil,Central African Republic,Canada,Switzerland,Chile,China,Cote d'Ivoire,Cameroon,"Congo, Dem. Rep.",Colombia,Costa Rica,Cyprus,Czech Republic,Germany,Dominica,Denmark,Dominican Republic,Algeria,EMDE East Asia & Pacific,EMDE Europe & Central Asia,Ecuador,"Egypt, Arab Rep.",Emerging Market and Developing Economies (EMDEs),Spain,Finland,Fiji,France,Gabon,United Kingdom,Georgia,Ghana,"Gambia, The",Equatorial Guinea,Greece,Grenada,Guyana,High Income Countries,"Hong Kong SAR, China",Croatia,Hungary,Indonesia,India,Ireland,"Iran, Islamic Rep.",Iraq,Iceland,Israel,Italy,Japan,St. Kitts and Nevis,"Korea, Rep.",Kuwait,EMDE Latin America & Caribbean,Lebanon,St. Lucia,Low-Income Countries (LIC),Lesotho,Luxembourg,Latvia,Morocco,"Moldova, Rep.",Mexico,Middle-Income Countries (MIC),North Macedonia,Malta,EMDE Middle East & N. Africa,Malawi,Malaysia,Nigeria,Nicaragua,Netherlands,Norway,New Zealand,Oman,Pakistan,Panama,Peru,Philippines,Papua New Guinea,Poland,Portugal,Paraguay,Qatar,Romania,Russian Federation,EMDE South Asia,Saudi Arabia,Singapore,Solomon Islands,Sierra Leone,EMDE Sub-Saharan Africa,Slovakia,Slovenia,Sweden,Togo,Thailand,Trinidad and Tobago,Tunisia,Turkey,"Taiwan, China",Uganda,Ukraine,Uruguay,United States,St. Vincent and the Grenadines,"Venezuela, RB",World (WBG members),Samoa,South Africa,Zambia
,,,,,,,,,,,,,,,,,,,,,,,,,,,,,,,,,,,,,,,,,,,,,,,,,,,,,,,,,,,,,,,,,,,,,,,,,,,,,,,,,,,,,,,,,,,,,,,,,,,,,,,,,,,,,,,,,,,,,,,,,,,,
1994.0,,,278.4255,,,81.3464,,,,,,,,,342.8486,,72.56473,78.2479,97.82266,71.98001,,,,141.2704,,,67.43711,,,91.74121,,,,,106.3921,137.2298,,,,,,,100.3816,,,,,,,,,,92.67878,196.2479,415.3578,136.0903,,,,,116.104,,80.53571,,137.592,87.97527,,,,,,,,91.08259,,375.9725,,,,,,119.2696,,,,89.45062,89.08757,,,84.39166,95.36411,169.7191,,134.0996,,,,1700.975,,,111.17,84.11025,,,,71.48355,132.7591,96.02128,,122.5885,,,4957.611,118.7667,,,,88.52918,,,,,199.3016,
1995.0,87.75675,,305.9018,,,78.98979,,,,,,,,,156.446,,72.37504,85.4544,107.149,71.46737,,,,133.5865,,,68.37329,,,97.70256,,,99.68967,,102.931,129.1562,5244.992,,,,,,97.95423,,,,,,,,94.63137,,98.68572,153.9538,382.0804,127.2131,,,,,111.8203,,86.58183,,139.3823,84.98591,180.5564,,,,,,,93.21828,,197.8729,5809.035,,,,,119.8434,,,,93.37726,95.0605,,251.5903,86.56619,96.51599,167.7913,,117.3843,,,,1327.759,,142.9379,107.5432,87.34089,,,,73.42359,137.3998,97.84205,,118.31,,,2825.462,114.7454,,,,91.0079,,,1234.753,,186.3474,
1996.0,89.87583,,322.9131,,,86.32532,,,,838.8416,,,,,148.2941,,74.28594,84.35057,108.0768,76.04971,,,,134.4886,,,69.12259,,,96.49559,,,104.4032,,105.9886,136.0422,4228.538,,,,,,100.3606,,,,,,,,94.59962,,97.78225,130.9132,387.8019,121.0095,,,,,109.4641,,75.83153,,140.717,88.49063,172.0292,,,,,,,94.78208,,168.2636,4679.509,,,,,125.2609,323.3555,,,93.3432,101.8867,,231.1104,90.87075,96.02733,172.7947,,108.3027,,,,916.5948,441.7441,134.9294,111.8265,91.53701,,,,73.94641,124.5973,107.3205,,123.2082,,,1678.087,115.7025,,,,96.36518,,,1104.247,,163.6272,
1997.0,94.09623,,347.3173,,,87.35138,,,,81.51813,,,,,147.1287,,75.03909,79.46424,113.6841,82.90426,,,,131.9243,,,67.10309,,,94.09115,,,106.9916,500.0482,111.0038,153.8081,3668.901,,,,,,116.904,,,,,,,,96.37284,,97.90035,121.4586,353.5845,126.7694,,,,,109.5472,,72.43934,,129.8207,95.26641,174.429,,,,,,,97.05323,,165.4415,4104.775,,,,,122.3484,196.1913,,,93.90647,104.4076,,219.2096,95.31124,94.44118,166.1996,,99.90532,,,,453.7346,438.7414,138.4565,113.0668,93.84098,,,436.022,76.56716,119.4804,103.539,,112.3852,,,1017.16,118.4184,,,,103.5812,,,1040.065,,162.4984,
1998.0,99.64015,,369.7057,,,82.22849,,,,79.5475,,,,,144.1801,,72.37662,83.2264,111.5406,93.23025,,,,112.2541,,,68.60169,,,96.79402,,,95.40496,355.7322,118.4067,166.7898,3126.162,,,,,,125.2159,,,,,,,,101.3437,,98.12681,110.4087,109.3422,120.6058,,,,,105.3014,,75.32865,,94.86427,103.1262,170.6932,,,,,,,100.6907,,148.0755,3469.628,,,,,95.8246,193.8164,,,91.77504,93.21347,,200.9943,100.5388,92.37279,130.7394,,98.4673,,,,393.5834,343.0926,130.7692,113.7322,93.83675,,,413.6682,76.13453,119.8998,104.3237,,90.8093,,,618.3164,110.059,,,,115.3267,,,985.1994,,144.6548,
1999.0,102.1279,,420.9304,,,82.49015,,,,88.39558,,,,,94.55295,,72.21977,83.53694,105.1771,91.45708,,,,97.28762,,,67.75419,,,96.63956,,,95.98258,189.9245,116.7224,179.1895,2586.119,,,,,,126.203,,,,,,,,102.8623,,92.90659,105.6051,134.4695,118.8246,,,,,99.44814,,87.00821,,110.4073,102.6837,153.1896,,,,,,,103.5072,,141.2903,2860.127,,,,,95.92782,180.9924,,,91.82289,89.7546,,188.501,100.7701,83.74454,132.6107,,92.18348,,,,244.2696,117.6756,127.6337,113.0066,90.3064,,,381.3084,68.78406,116.2154,104.3803,,95.47641,,,416.3438,111.7399,,,,115.9315,,,915.2035,,130.4448,
2000.0,105.1939,103.7579,439.2428,70.42918,107.345,76.63312,95.94773,192.5716,91.81812,87.64257,119.9709,107.6836,105.7069,115.4445,97.36319,93.22096,73.13532,81.85648,103.4028,93.16739,86.9387,91.89956,7791.864,86.66693,189.3349,87.12535,68.31947,90.69384,101.2323,92.35039,247.3294,124.4168,96.55446,159.2789,118.026,189.4084,2531.383,94.29642,89.42885,113.9793,92.2017,92.53751,128.8614,87.91358,343.6577,264.2332,82.52069,89.71162,105.866,125.2033,105.639,121.9393,90.123,99.28753,128.6865,120.2022,85.72238,703.1693,413757.5,202.0369,107.8954,89.37896,94.67489,107.3571,118.7822,106.9819,157.174,121.3688,104.6526,,108.3401,94.81764,111.38,106.621,109.4982,144.5735,2800.846,87.73898,91.67977,,289.4206,97.89505,178.6276,173.7668,91.23543,89.07422,80.50185,115.4799,188.071,103.081,84.93826,119.0081,127.4723,94.29405,94.78097,131.1314,118.3454,194.5522,114.5826,128.7827,118.1393,90.56632,199.6055,253.4427,378.4771,69.224,106.5073,103.7232,81.64171,91.70386,107.145,139.2701,305.0607,117.7427,143.3355,161.49,143.3053,119.2638,114.8169,417.43,922.4203,97.09188,130.7403,172.9828
2001.0,106.4479,108.2816,485.4631,71.87953,109.9983,71.7201,95.79657,174.4951,92.18366,89.87652,124.5133,111.4975,108.599,115.7539,78.38784,93.66436,71.01534,84.9298,92.66361,98.34039,88.68634,92.89682,1071.692,81.71328,182.1653,89.3043,71.31376,91.61321,104.305,93.27741,243.9176,128.7649,99.33399,131.3001,122.228,174.562,2594.794,94.75237,90.31409,114.1601,92.5706,92.52849,126.6804,93.96217,263.3439,225.0293,81.72509,90.83494,107.875,125.8931,106.8597,126.4494,92.88209,100.8621,111.7816,119.7697,86.2918,748.8786,426649.5,170.3655,108.7863,90.99411,87.01085,109.2426,109.7545,113.2189,155.7519,127.7938,106.9206,492.3566,89.56671,94.90827,111.8027,103.8794,112.3002,148.3229,2880.925,90.63079,92.24039,23305.22,259.452,103.2085,172.1159,169.887,91.81267,91.48697,78.73147,119.8065,169.218,106.9628,89.18502,108.2298,112.6242,103.4765,95.21344,122.3659,123.4204,151.63,119.4666,126.0214,124.2388,92.02561,206.393,277.7725,172.5733,67.63161,101.6477,94.93117,84.21183,87.77649,110.4746,138.3165,172.4272,114.4185,141.1337,174.7733,139.4897,125.4196,117.7543,409.9152,944.6109,99.21773,111.6959,167.3596
2002.0,106.8376,115.9304,184.0178,75.75223,109.6805,73.96395,96.43788,159.1516,93.87113,92.22881,122.1753,109.7547,108.3045,120.3241,73.4081,95.11004,69.87032,88.83492,90.22475,97.90321,91.64892,95.33152,335.2306,80.47865,166.3733,92.2047,79.5686,93.38316,105.2203,94.42274,230.3348,121.9747,99.7509,117.296,121.9654,150.2885,2643.358,95.72789,92.12712,116.0222,93.95569,94.02987,127.7797,94.20793,234.1912,175.7287,84.44338,92.88983,107.0579,123.6297,107.1069,125.1471,94.47285,107.9401,122.2062,115.2706,88.37982,262.3781,438909.1,174.5434,95.1186,93.2613,83.09827,108.5214,113.8122,112.5801,112.4892,124.9206,106.095,224.3388,72.57833,95.7786,110.6429,102.5102,106.6654,143.4083,2936.445,92.54442,93.53541,23876.22,259.883,102.6001,156.5823,160.2335,93.36693,99.67912,84.99888,118.462,172.2966,109.4134,93.99036,106.689,96.34558,99.19325,96.03557,104.1757,121.1938,128.1504,113.6591,122.4803,122.2637,91.28918,159.8875,253.0358,135.4457,68.57547,99.2991,96.92929,86.96036,90.71146,111.3179,136.1454,128.5578,111.8852,138.5023,178.7064,118.3253,125.4439,116.5462,274.3259,961.2274,99.01348,88.9477,147.4308
2003.0,105.5246,109.8452,173.6711,69.89813,106.2119,81.92119,100.036,121.3572,98.59235,96.97065,112.5852,103.3536,105.8934,109.9777,61.99395,99.1052,77.23402,89.99092,85.44952,91.87834,97.50319,99.83923,251.7287,69.69903,145.6681,97.2728,79.57357,99.41334,105.1002,98.90357,143.4353,110.6674,94.44705,108.6301,117.879,108.4974,1866.688,99.28798,97.81078,121.7889,98.8058,98.33547,123.036,90.39025,189.7333,111.6502,94.03273,97.99761,103.0144,116.0748,105.4349,118.8513,95.44126,107.8017,124.8338,111.8366,95.87294,142.6925,305979.9,185.2635,91.61163,98.76621,85.67016,104.4319,113.0717,106.5595,99.25286,112.905,102.9739,172.7343,99.6248,98.99741,105.7018,102.6053,94.90133,125.3243,2070.879,96.72413,98.29207,16656.11,171.758,97.46699,132.3918,147.7895,98.57985,98.38297,96.58614,110.9651,165.7666,108.2223,93.3518,96.76207,95.37881,89.79143,99.11238,90.49837,111.6304,110.3791,108.1414,118.6549,113.3438,89.0731,128.4408,198.7375,127.0689,72.89267,99.66931,103.1107,94.49542,88.73988,108.7489,128.9072,114.1952,107.2464,115.6966,165.3011,81.44498,117.424,110.4085,185.3406,698.7466,99.91489,111.7336,110.6382
2004.0,104.6653,105.1519,166.5011,71.66,104.1525,87.96784,101.2215,112.1404,100.1139,98.73249,106.8503,99.39292,103.5511,102.1526,63.08037,100.2759,82.07206,90.17949,92.14988,87.67339,99.70489,101.2788,237.7493,75.10729,129.1459,99.07953,80.06044,101.4879,103.1355,100.4448,94.61767,110.2707,89.91436,107.8074,114.7497,96.2781,99.14722,100.338,99.87952,124.0086,100.4896,100.1117,128.7515,95.66363,169.7063,98.61609,98.59406,99.37849,100.179,108.9162,104.4683,114.1367,97.24059,109.9221,114.7313,109.6361,98.41554,127.3478,82.0092,188.4915,88.42412,100.6254,88.86175,101.1173,113.3922,102.9664,96.51555,105.8326,100.2958,163.5581,112.4408,99.85336,103.4036,101.9654,100.9811,117.9969,98.73381,98.86553,101.5834,107.8905,139.0554,93.84716,120.3501,137.966,100.279,95.52016,103.0205,106.2545,156.846,105.4018,91.93381,90.15558,98.70438,87.92034,100.0118,93.32101,105.8075,103.2471,109.5488,115.6047,107.6735,88.66833,120.3016,158.8622,123.9796,76.00109,98.66775,105.2696,98.04041,87.9456,106.2864,122.3331,111.6053,106.7544,120.028,155.841,76.91629,111.4934,105.6052,151.8303,102.8066,98.10816,121.914,99.81972
2005.0,103.5401,104.4991,155.4905,82.96795,102.9208,90.25781,100.1674,113.7989,99.36016,97.38024,106.0505,98.0944,101.4251,95.4844,74.4635,99.13219,87.62506,89.34663,97.89161,87.26741,98.89196,100.3626,197.4756,84.047,116.6016,98.6866,84.86808,100.1506,101.0364,99.45467,125.8632,107.4202,88.79544,111.3191,113.4582,101.434,99.9734,99.62331,98.90761,123.8792,99.67474,99.8016,126.6791,98.8949,166.8289,102.8155,97.73499,98.14467,99.70928,107.0866,103.5493,113.0546,97.66747,110.2364,104.2648,111.182,97.89927,120.7654,80.19583,207.8138,87.42872,99.4646,85.87461,99.43292,125.9506,103.4583,101.3768,104.626,98.85039,147.6269,112.9875,99.33859,97.78115,100.7083,96.46284,121.0519,99.36757,98.93368,100.2737,106.534,126.4408,93.26273,120.2675,130.0629,99.48412,99.11672,107.8837,105.8043,152.3051,102.7121,92.33121,90.89116,100.3539,98.07752,99.46113,85.7236,104.9381,114.3458,109.7639,116.3811,106.6401,89.43042,117.6447,147.2235,122.7401,77.67886,97.73537,102.434,97.33326,87.30811,104.5723,116.7123,116.5676,109.6072,121.0336,158.8748,86.62649,108.8062,103.6847,132.5404,102.3387,97.86871,122.2798,106.7876
2006.0,102.5524,104.1874,141.2873,90.87028,102.2495,88.52058,100.1201,119.0047,99.43103,97.59866,105.664,98.64001,101.1845,93.59762,82.69566,98.96808,93.21556,87.91921,101.6998,89.22661,98.79753,100.1463,198.9349,81.95918,108.203,98.64561,89.14265,100.1033,100.8864,99.28023,113.3694,107.4963,91.2333,111.4358,111.9818,101.2739,100.715,99.68283,98.67015,122.5272,99.7307,99.79659,127.3073,100.2826,163.4451,103.4088,97.62923,98.17517,100.0783,106.2397,102.6393,111.7533,98.71488,103.2999,109.6676,107.0758,98.1108,116.7089,80.96086,185.2406,87.58087,99.46355,79.62092,99.41107,134.7227,103.9393,102.3879,104.0568,98.90295,145.4019,107.8256,99.34427,97.26333,100.6524,91.49191,120.2297,100.1352,98.7801,100.5154,105.5214,110.739,95.2478,121.1948,123.2883,99.40148,98.55952,99.21097,106.1242,149.2831,102.3637,91.43047,96.95451,101.2661,101.1735,99.39138,91.43607,104.4784,117.9162,113.0952,112.412,105.8867,92.46206,116.3461,142.557,120.6409,80.38441,97.65001,102.6879,97.02577,92.59388,103.6987,112.7266,108.5757,107.3187,117.8823,158.5424,86.42144,106.8855,103.1657,127.2067,101.9335,97.2502,114.5701,133.3991
2007.0,101.0764,99.10748,130.6593,103.9789,96.5,94.03364,101.2149,108.2156,101.0101,98.46118,101.5134,98.08813,97.54879,91.22776,89.32698,101.9699,96.91201,85.8036,98.43546,90.25831,101.4164,102.9006,171.3633,90.31551,103.5823,98.62205,91.50444,102.0437,98.08276,100.8232,110.4068,105.4737,92.49365,113.1536,106.9008,97.26185,101.1815,100.9893,100.6752,122.7814,101.437,101.9959,129.865,100.1502,151.5769,111.1053,101.1847,99.49752,97.39447,100.5869,101.1759,107.133,99.32845,109.4652,105.0638,111.8895,101.0356,109.2354,90.77532,190.4901,90.8034,101.076,75.30059,97.50223,133.2023,101.2795,103.0196,99.01629,96.17522,135.2016,102.0978,100.4298,98.40771,100.5808,91.60476,117.3234,100.8316,99.47209,103.6919,101.6046,104.8808,97.857,117.5947,114.7783,101.1432,100.5621,106.2774,102.3023,141.6416,99.08329,91.47451,104.5055,97.74721,105.1422,100.4504,97.15113,99.75965,125.2116,113.4578,115.651,101.1183,93.77431,109.0328,131.8816,114.0586,88.97534,98.51222,104.4336,100.0914,105.17,100.9374,108.4681,111.3472,102.2352,120.2502,148.4325,84.33503,101.9672,97.76787,121.7024,101.1118,96.14423,103.7725,116.157
2008.0,99.13169,96.89899,122.5996,111.8711,93.69751,92.14234,102.1102,95.92247,103.1195,100.0871,98.64384,98.06716,95.59648,95.69977,92.87477,104.8966,95.89326,90.32897,96.24053,96.44594,104.6277,105.3107,156.4904,93.56153,98.63985,101.4851,102.8323,103.8468,96.4623,102.6423,103.83,107.8733,96.66245,112.1215,101.0233,97.14903,101.4416,102.5381,102.9759,122.4793,103.2053,104.7387,113.7624,108.6302,131.01,119.2334,104.0617,101.5393,96.08597,97.30099,99.32007,101.3089,101.6772,110.7582,95.58269,102.6527,104.5325,104.2753,93.60445,138.7273,101.013,102.7923,83.8549,96.54676,107.8564,103.5563,102.6196,95.57681,95.74425,129.3455,90.71949,101.814,99.572,101.2774,103.3841,113.8752,101.1573,100.4934,105.6903,99.79326,106.0496,96.98983,122.0236,107.5872,103.2065,100.8948,98.97532,99.43099,119.0365,96.01081,94.47376,103.5469,104.1492,115.0291,101.7332,107.5585,97.54536,114.6233,111.882,104.7241,97.98859,97.03773,104.0941,125.5254,109.1034,96.7209,99.40435,102.5538,103.0294,98.00852,99.52914,106.9944,107.1075,101.36,119.4201,137.8437,91.15346,98.13991,94.50807,117.8586,99.90974,93.92111,86.24329,127.3514
2009.0,101.2781,101.6777,110.3122,103.0466,100.2526,88.1217,103.4461,99.22975,104.2227,103.4158,101.8365,99.61355,100.4303,104.1719,89.75411,105.2199,91.38097,94.87438,93.41368,102.2027,105.564,104.9468,116.4091,88.6136,93.23498,103.8988,98.77399,105.1774,100.251,104.8125,103.2026,101.4397,100.8307,96.82639,102.658,101.7788,98.86881,103.4551,105.4461,105.8837,103.962,105.2234,100.7142,107.2035,101.8244,104.4137,103.1888,102.9669,100.0749,101.4589,101.1838,102.681,101.3911,101.5092,91.07124,96.03266,104.7737,105.9653,100.7987,99.75206,96.03013,104.2254,96.1375,99.75669,93.10684,100.5346,94.82264,99.98669,99.82657,111.2667,91.27073,102.9862,104.0877,102.9976,110.3585,94.69475,98.76862,102.6961,105.4236,102.4505,111.3523,94.11064,102.576,107.0143,104.2734,96.89182,91.3919,102.3174,105.9819,99.02623,95.93199,97.6104,106.1015,95.20747,102.3434,99.06053,101.6366,102.1073,95.44305,97.29052,101.7561,97.26427,106.0267,119.2395,98.60331,103.5015,100.4921,93.85739,104.8495,95.77793,102.4381,103.5957,96.42539,98.00119,108.0826,103.0594,90.86415,103.8006,99.36931,123.6431,100.4666,97.46204,88.63848,99.73748
2010.0,99.99833,100.0,100.0335,100.0,100.0,100.0,100.0,100.0,100.0,100.0,100.0,100.0,100.0,100.0,100.0,100.0,100.0,100.0,100.0,100.0,100.0,100.0,100.0,100.0,100.0,100.0,100.0,100.0,100.0,100.0,100.0,100.0,99.99796,100.0018,100.0118,100.0222,99.99959,100.0,100.0,100.0,100.0,100.0,100.0,100.0,100.0,100.0,100.0,100.0,100.0,100.0,99.9984,100.0,100.0,100.0,99.99017,99.98677,100.0,100.0,100.0,100.0,100.0,100.0,100.0,100.0,100.0071,99.99294,100.0046,100.0,100.0,100.0,100.0,100.0,100.0,100.0,100.0,100.0,99.99956,100.0,100.0,100.0026,100.0,100.0,100.0,100.0,100.0,100.0,100.0,100.0,100.0,100.0072,99.99873,100.0,100.0,100.0,100.0,100.0,100.0,100.0,100.0,99.98844,100.0,100.0,100.0,100.0,100.0,100.0,98.16031,100.0,100.0,99.96536,100.0,100.0,100.008,99.98114,100.0,100.0,100.0,100.0,100.0,100.0,99.99875,100.0,100.0,100.0
2011.0,99.40882,98.38112,90.82428,97.88954,97.15324,107.3957,99.96078,97.7205,100.536,100.9379,96.64586,99.91442,98.08173,98.46817,102.4814,101.1898,102.0019,112.6553,101.9814,100.3619,101.4695,101.2333,96.23073,101.4381,100.7065,101.2096,103.2079,100.2834,98.42744,99.63065,94.62428,98.32652,100.1521,97.26283,95.04967,91.62161,98.61322,100.5174,99.96574,100.4322,100.347,100.871,99.27829,105.1857,90.86866,92.69142,101.4036,100.9435,98.68054,97.57751,99.35343,94.95633,98.71934,99.19862,98.63015,94.18719,100.7361,93.88667,100.2172,100.5612,101.2907,100.4766,105.7102,98.33569,99.57368,99.93513,99.76823,97.78552,98.85872,92.83363,98.48107,100.3174,102.7778,100.2472,102.5155,99.8614,98.67434,100.5314,100.3858,96.32893,93.94778,100.4774,94.46874,93.00045,100.3014,102.4246,103.6286,96.65745,95.3864,96.78517,99.12971,99.04874,107.9332,97.69008,100.4013,110.4314,96.59146,100.1514,101.6481,94.3388,96.60674,103.5788,98.85955,89.62482,95.84969,100.2792,98.29532,106.1164,101.5853,98.61054,97.35992,97.46868,86.35595,102.2795,86.59086,97.60253,101.4143,95.47317,98.20775,58.574,99.14083,101.9192,97.34067,95.67874
2012.0,100.2949,104.1645,88.09472,95.06155,100.8025,110.1536,98.09682,88.43683,98.11036,99.51696,99.09164,100.6324,101.3125,102.9715,90.9288,98.07344,102.2941,111.8765,104.7158,106.112,98.67227,97.66746,100.9871,107.349,103.0777,99.59959,99.03416,97.22013,100.6996,97.02656,93.72559,97.49054,104.7344,96.41525,95.8736,93.41938,98.50948,98.38847,96.94033,101.4321,97.73473,97.85275,102.8164,112.4733,78.7246,88.71493,98.0706,99.04591,100.6395,99.76799,100.2332,95.2714,96.12396,93.72417,93.73089,84.10182,96.68751,84.22337,104.7416,97.15269,97.12108,97.94654,107.2593,100.8285,99.35111,101.7639,94.4117,101.703,100.6914,92.50797,91.78719,98.31792,101.5394,99.75076,106.8876,95.03005,98.47509,99.29221,96.08749,96.707,66.65422,101.1527,95.36477,90.60342,97.64337,103.2733,108.4141,99.48038,90.80794,97.62269,106.471,102.8096,124.2786,94.32947,98.71353,110.185,99.87748,93.96931,102.6304,84.94967,99.3629,106.1554,103.6424,94.34898,92.60247,98.64558,97.02329,107.1577,98.27425,98.3969,99.45467,93.63305,84.26824,102.6881,90.34023,104.0049,102.3315,98.36675,102.7572,60.01501,99.69349,103.5296,89.12944,95.27698
2013.0,99.22839,110.0775,75.64584,95.44,100.9899,104.2287,99.99664,83.3861,100.7763,101.7419,100.3769,101.3996,101.8096,106.939,83.89793,101.9785,99.56591,112.3365,104.4548,111.4882,102.3492,100.6504,104.2273,104.9425,104.21,101.2602,97.46122,100.1322,102.2427,98.98928,88.99651,94.56337,108.9509,94.58648,96.23352,82.51832,98.13537,100.7252,99.51115,100.5474,100.135,101.3968,101.1406,113.6322,72.49938,79.22138,100.4267,100.9965,102.0022,100.676,99.30612,95.72667,97.27165,92.92588,86.64905,77.08427,99.70503,62.58407,106.2997,99.51571,104.2655,100.5283,87.23472,101.1467,104.5525,101.9084,90.72436,102.5584,101.8509,91.45056,80.68162,100.1255,103.8135,101.8024,102.0594,98.67026,97.85925,100.7917,98.82928,92.49023,43.97285,100.851,95.99016,86.57144,100.1011,101.2936,111.7185,102.5417,84.11007,98.14592,105.5634,104.9944,119.9155,95.86236,100.2892,117.7932,101.3483,96.44237,100.2557,77.97253,100.6159,108.0812,107.3338,94.91739,88.55368,100.436,98.58991,110.6895,101.5293,103.6214,99.9805,88.75912,79.17936,104.1942,90.79384,104.7094,105.5147,99.37167,103.6184,43.36451,98.86022,104.9295,76.71519,95.00798
2014.0,100.0659,116.315,53.06143,100.1189,101.3312,98.59746,100.9702,85.74866,101.774,104.1402,101.8428,102.1118,103.8956,113.3826,81.12398,104.2117,93.41605,114.6781,93.12341,115.4933,105.0993,101.721,107.689,100.4881,97.92991,102.129,92.74246,101.4841,103.5622,100.5137,86.82894,94.55951,111.4062,85.90608,97.50283,82.37025,96.34901,101.9857,101.6419,100.1874,101.0867,103.4141,107.8039,112.9999,50.33388,68.99099,101.3297,101.9416,102.6105,101.8346,100.1293,96.1679,97.53344,90.64282,77.76171,74.86831,100.1458,40.15197,109.6867,105.8337,106.7191,101.7733,81.08994,102.1429,111.4641,103.3632,85.02814,104.256,102.562,92.95206,73.27779,100.9941,106.6114,102.9789,95.93226,95.71114,95.79909,101.7744,99.52292,89.88871,39.68476,98.7689,96.36189,83.62453,101.0532,95.51926,115.431,104.4182,85.48507,99.85132,103.5373,102.114,112.7391,97.94143,100.8658,120.4486,102.4753,97.41738,87.49146,76.21057,101.9324,108.7245,109.8133,93.04874,85.44662,101.877,99.49803,106.606,104.2459,100.8883,102.1914,85.99725,70.04199,103.9318,92.729,76.50997,98.76862,101.6581,104.8161,42.16181,98.8139,105.8902,69.33042,86.84967
2015.0,103.0242,126.4817,54.54324,103.3679,109.7214,89.74035,97.35336,94.85071,97.06954,102.5395,109.7461,103.8211,113.2893,130.5231,63.66715,99.03322,84.54017,124.0062,90.3477,126.706,99.48621,94.43015,122.5385,80.6897,105.8685,98.53808,91.03737,96.08122,109.8687,96.84231,90.13469,85.77222,120.6205,72.07918,103.71,85.92311,96.92794,98.0172,98.90262,101.4242,96.43866,98.18552,113.4347,104.6863,42.43945,65.35174,94.34216,98.85142,108.3682,110.9242,103.128,100.8367,95.42834,88.03771,75.08347,78.17169,92.73303,38.65027,120.1341,107.8889,107.2538,97.22115,75.73284,107.86,112.6589,106.769,74.63122,115.2968,108.134,94.21472,68.48203,97.60462,106.9274,102.1206,88.02016,84.13145,96.01529,99.1851,92.42866,94.48721,38.08189,89.51683,86.24389,85.22411,96.66193,85.20607,108.1008,112.0617,91.07879,109.4797,101.9697,107.3199,112.3492,95.89843,97.94587,119.6114,111.4531,95.83642,63.47504,79.80351,110.5983,107.7694,114.7587,94.28008,78.83416,99.42002,97.44786,99.82622,98.20102,104.7359,111.4869,86.67543,64.67055,106.9034,81.87421,49.79029,96.32271,114.1429,113.3939,46.5967,100.9708,108.3725,65.71914,71.71253
2016.0,106.1242,131.2905,35.23216,106.9298,112.8235,90.92372,98.79515,93.85652,99.14751,104.8807,112.1675,104.54,116.589,138.3215,64.68807,102.8527,82.91492,123.1501,91.04917,119.8821,103.5662,97.64639,120.2354,75.70878,106.8543,101.2283,93.58337,98.33295,112.3178,98.98342,90.86804,80.95133,114.7667,69.2634,106.7701,72.36643,92.45622,100.2416,101.1237,102.9389,98.25424,100.6995,102.2572,106.8676,42.39432,75.30411,96.87592,100.8498,111.3239,114.3187,106.15,104.2353,97.51637,89.16443,76.69687,76.57673,94.65829,37.73038,123.6542,120.9433,111.271,99.2912,87.50188,109.9997,112.1165,108.5971,69.53311,119.0749,110.8477,91.56133,61.22327,99.24527,109.9119,103.8401,86.39157,72.39283,90.86798,100.5094,94.64718,94.07081,27.61471,85.81932,70.94804,83.8136,98.63496,83.63458,109.6254,113.3559,92.18304,113.5326,100.29,104.1758,101.1579,93.81675,99.80692,117.392,114.1817,96.616,60.54525,78.54982,113.6181,109.8238,116.4766,78.53968,69.87987,101.321,,100.6712,101.9203,102.7419,109.618,80.55581,59.69709,106.753,80.48538,44.72577,94.73341,119.208,116.1762,34.081,101.5187,109.4107,58.87784,61.29775
2017.0,105.9977,133.4288,30.66167,107.3012,112.8848,93.59337,99.57467,92.11792,100.3033,106.3275,112.8368,104.7269,116.1325,136.6038,70.84744,106.3875,84.60879,122.2048,94.56864,116.8647,105.863,100.266,81.25008,78.10491,102.5152,102.9488,96.9444,99.60763,113.6637,100.1282,87.74799,80.35226,112.1705,71.33786,106.7666,37.73478,91.51437,101.5691,101.7942,103.1506,99.60267,102.5572,96.26851,103.5163,38.32563,72.81604,98.98708,102.5713,111.8461,114.4316,106.1154,104.3305,98.85861,90.51098,76.38604,79.04385,96.42241,35.39136,128.2865,135.6022,118.6867,100.8766,84.42826,110.2234,115.5915,109.0681,71.47811,121.6809,111.4041,76.08681,66.243,100.1439,109.7891,104.9998,92.17318,71.27431,89.67889,101.3838,96.26221,89.98033,26.40528,82.6477,56.44889,79.69493,99.82272,84.4345,111.106,113.838,92.04094,113.3847,103.3015,98.26507,98.63822,96.94121,100.7285,116.9193,114.8996,95.94751,69.30493,80.68705,115.0576,109.8726,116.8211,66.85463,64.6467,101.8621,,99.7797,105.072,107.5057,107.3839,71.21695,49.1749,113.8517,77.66959,42.54509,99.14466,118.9995,116.7381,31.41057,101.1174,108.6308,64.69048,66.94699
2018.0,106.2455,136.7962,19.61079,109.2138,110.9751,89.98736,101.5644,90.2063,102.895,109.8531,112.5447,104.7345,115.9276,141.8747,64.06343,111.5417,84.22888,120.1394,96.42259,118.6459,111.6011,103.2445,72.59257,78.49119,100.0073,105.1582,101.4654,102.4809,113.3813,102.6129,84.11858,75.45409,113.3693,66.68013,104.4051,37.61393,89.86895,104.4199,105.023,101.796,102.0757,105.9317,97.89564,106.1995,35.87466,69.18503,102.2517,105.1183,110.7579,112.9665,106.3859,101.7794,101.2389,89.58223,70.78188,74.22144,98.99736,28.91415,132.9409,131.3845,118.3374,103.7697,84.66588,109.8264,117.301,108.5484,66.93635,120.8518,110.6246,72.18511,66.20289,102.1537,112.8082,106.6973,101.0562,69.68606,87.77774,103.3154,98.66944,88.80775,26.27461,87.04373,55.76379,75.69836,102.199,84.2343,106.7699,113.3469,79.0934,111.6655,103.0312,92.38392,95.03641,99.02228,103.0764,121.5658,113.9502,96.59139,64.15707,74.8374,114.3216,110.9746,115.2829,61.98277,64.22213,103.8603,,95.86549,108.741,111.7102,107.7324,63.67794,37.15733,113.2039,75.38343,42.16197,98.49731,117.8007,117.2803,30.90618,100.7271,107.5719,64.65016,61.27511
2019.0,108.6331,,11.57585,,,86.22747,,,,110.1054,,,,,64.06835,,83.77719,123.2827,92.22747,116.6532,,,,73.3077,,,100.8324,,,102.2351,,,112.2601,65.31002,107.8748,41.73787,89.01776,,,,,,97.76755,,,,,,,,108.6898,,101.0925,87.32289,73.05302,74.44537,,,,,123.9488,,88.54287,,113.968,111.6279,65.85358,,,,,,,109.8236,,71.13538,86.81623,,,,,86.85769,58.11467,,,81.68033,104.9551,,66.1242,114.5945,106.2556,96.0224,,97.6017,,,,94.67129,64.67654,73.39333,118.9884,112.6644,,,64.00981,,,92.35623,,119.671,,,32.10883,113.6741,,,,121.7214,,,101.8665,,61.29754,
2020.0,110.2371,,8.446512,,,85.63607,,,,113.4889,,,,,51.53668,,83.61739,130.3623,84.16009,117.3519,,,,67.27878,,,99.51264,,,104.0897,,,112.765,60.52366,108.831,44.9256,86.35826,,,,,,98.19622,,,,,,,,110.1443,,101.0044,82.14036,71.29919,71.12332,,,,,129.1135,,90.6886,,112.7452,110.9903,57.22671,,,,,,,111.9659,,64.33312,84.09032,,,,,85.59446,50.59928,,,76.35826,103.49,,61.49929,115.6279,105.3038,100.0465,,96.21537,,,,94.9313,58.35204,69.90657,119.6832,111.2075,,,56.13854,,,95.08137,,119.1111,,,26.21213,119.4319,,,,123.8977,,,101.8146,,54.21673,
2021.0,107.746,,6.172788,,,90.22766,,,,115.9264,,,,,48.91091,,87.6347,129.939,85.88261,123.6188,,,,65.04878,,,103.2601,,,104.3256,,,117.6825,57.35339,104.2547,44.60524,87.57137,,,,,,102.4723,,,,,,,,107.6895,,101.742,80.93123,70.61678,69.0346,,,,,134.4732,,85.11519,,112.5108,110.0577,55.60496,,,,,,,115.5633,,66.33731,85.53366,,,,,84.38824,43.38575,,,80.77275,108.708,,59.16192,113.7148,92.69683,98.43124,,94.17685,,,,94.35137,55.37228,67.78641,116.5925,110.9436,,,53.70707,,,98.51378,,113.7207,,,20.35541,122.1691,,,,119.0618,,,100.753,,58.08616,
2022.0,110.7567,,4.704761,,,89.3362,,,,118.3297,,,,,56.40476,,87.95506,137.2317,79.22708,129.7105,,,,60.29958,,,106.8941,,,102.5444,,,122.923,60.09706,110.3149,41.56792,91.37722,,,,,,101.5358,,,,,,,,110.6744,,101.9489,73.62781,72.99075,69.121,,,,,141.928,,74.7263,,106.6866,117.5244,59.40534,,,,,,,115.6476,,69.39034,89.42846,,,,,85.53166,44.17582,,,80.36842,105.6779,,51.18368,123.6299,99.927,96.11535,,90.87125,,,,94.36417,66.98415,66.85321,128.2604,116.3631,,,52.94007,,,92.85481,,113.636,,,11.71834,121.9846,,,,127.607,,,104.1004,,55.51132,
2023.0,110.9859,,2.420469,,,87.95613,,,,123.6616,,,,,62.37668,,85.16439,145.4472,84.75952,124.6842,,,,59.17818,,,112.4914,,,107.008,,,118.8585,54.57995,114.2054,26.60713,89.20068,,,,,,102.0772,,,,,,,,111.1009,,101.8173,77.3177,73.81987,67.86516,,,,,130.5467,,71.31991,,109.9874,120.2371,65.14191,,,,,,,117.1567,,80.25804,86.71818,,,,,84.60411,33.03552,,,73.69773,105.1977,,38.11233,129.0384,104.4377,97.25569,,96.26493,,,,97.25833,54.37029,64.10355,131.9894,122.1989,,,44.31991,,,88.37271,,115.6651,,,8.559312,120.8431,,,,128.8062,,,103.3895,,51.3595,
